[
  {
    "code": "1",
    "name": "FRONT SEAT ADJUSTERS (FOR 4-WAY MANUAL SEAT,RPO AG5 (PASSENGER SEAT))"
  },
  {
    "code": "2",
    "name": "FRONT SEAT ADJUSTERS (CONTD. - FOR 6-WAY MANUAL SEAT,RPO AH3/AG6)"
  },
  {
    "code": "3",
    "name": "FRONT SEAT ADJUSTERS (CONTD. - FOR 8-WAY MANUAL SEAT,RPO AH4/A53)"
  },
  {
    "code": "4",
    "name": "FRONT SEAT ADJUSTERS (CONTD. - FOR 16-WAY POWER SEAT,RPO AG1 (DRIVERS SEAT))"
  },
  {
    "code": "5",
    "name": "FRONT SEAT FRAME AND FITTINGS (FOR 4-WAY MANUAL SEAT,RPO AG5 (PASSENGER SEAT))"
  },
  {
    "code": "6",
    "name": "FRONT SEAT FRAME AND FITTINGS (CONTD. - FOR 6-WAY MANUAL SEAT,RPO AH3/AG6)"
  },
  {
    "code": "7",
    "name": "FRONT SEAT FRAME AND FITTINGS (CONTD. - FOR 8-WAY MANUAL SEAT,RPO AH4/A53)"
  },
  {
    "code": "8",
    "name": "FRONT SEAT FRAME AND FITTINGS (CONTD. - FOR 16-WAY POWER SEAT,RPO AG1)"
  },
  {
    "code": "9",
    "name": "FRONT SEAT HEATING AND COOLING (FOR HEATED SEAT,RPO KA1)"
  },
  {
    "code": "10",
    "name": "FRONT SEAT HEATING AND COOLING (FOR SEAT VENTILATION,RPO KU1/KU3)"
  },
  {
    "code": "11",
    "name": "FRONT SEAT PAD"
  }
]