[
  {
    "code": "1",
    "name": "BODY SIDE MOULDINGS (5 DOOR HATCH 68)"
  },
  {
    "code": "2",
    "name": "BODY SIDE MOULDINGS (ESTATE 35)"
  },
  {
    "code": "3",
    "name": "ROOF GULLY COVER (ESTATE 35)"
  },
  {
    "code": "4",
    "name": "SILL PANEL MOULDING"
  },
  {
    "code": "5",
    "name": "TAIL GATE SPOILER (5 DOOR HATCH 68)"
  },
  {
    "code": "6",
    "name": "TAIL GATE SPOILER (ESTATE 35)"
  },
  {
    "code": "7",
    "name": "WINDSCREEN MOULDING (5 DOOR HATCH 68)"
  },
  {
    "code": "8",
    "name": "WINDSCREEN MOULDING (ESTATE 35)"
  }
]