[
  {
    "code": "1",
    "name": "FRONT DOOR GLASS (5 DOOR HATCH 68)"
  },
  {
    "code": "2",
    "name": "FRONT DOOR GLASS (ESTATE 35)"
  },
  {
    "code": "3",
    "name": "REAR DOOR GLASS (5 DOOR HATCH 68)"
  },
  {
    "code": "4",
    "name": "REAR DOOR GLASS (ESTATE 35)"
  },
  {
    "code": "5",
    "name": "REAR QUARTERLIGHT GLASS (ESTATE 35)"
  },
  {
    "code": "6",
    "name": "TAIL GATE GLASS (5 DOOR HATCH 68)"
  },
  {
    "code": "7",
    "name": "TAIL GATE GLASS (ESTATE 35)"
  },
  {
    "code": "8",
    "name": "WINDSCREEN (5 DOOR HATCH 68)"
  },
  {
    "code": "9",
    "name": "WINDSCREEN (ESTATE 35)"
  }
]