[
  {
    "code": "1",
    "name": "REAR SEAT ARMREST (FOR 40/20/40 SPLIT REAR SEAT,RPO ARJ)"
  },
  {
    "code": "2",
    "name": "REAR SEAT BACK / SQUAB FRAME (FOR 40/60 SPLIT REAR SEAT,RPO A64)"
  },
  {
    "code": "3",
    "name": "REAR SEAT BACK / SQUAB FRAME (CONTD. - FOR 40/20/40 SPLIT REAR SEAT,RPO ARJ)"
  },
  {
    "code": "4",
    "name": "REAR SEAT BACK PAD (FOR 40/60 SPLIT REAR SEAT,RPO A64)"
  },
  {
    "code": "5",
    "name": "REAR SEAT BACK PAD (CONTD. - FOR 40/20/40 SPLIT REAR SEAT,RPO ARJ)"
  },
  {
    "code": "6",
    "name": "REAR SEAT BACK PANEL HINGE (FOR 40/60 SPLIT REAR SEAT,RPO A64)"
  },
  {
    "code": "7",
    "name": "REAR SEAT BACK PANEL HINGE (CONTD. - FOR 40/20/40 SPLIT REAR SEAT,RPO ARJ)"
  },
  {
    "code": "8",
    "name": "REAR SEAT BACK PANEL LOCK (FOR 40/60 SPLIT REAR SEAT,RPO A64)"
  },
  {
    "code": "9",
    "name": "REAR SEAT BACK PANEL LOCK (CONTD. - FOR 40/20/40 SPLIT REAR SEAT,RPO ARJ)"
  },
  {
    "code": "10",
    "name": "REAR SEAT CENTRE BELT (FOR 40/60 SPLIT REAR SEAT,RPO A64)"
  },
  {
    "code": "11",
    "name": "REAR SEAT CENTRE BELT (CONTD. - FOR 40/20/40 SPLIT REAR SEAT,RPO ARJ)"
  },
  {
    "code": "12",
    "name": "REAR SEAT CUSHION PAD"
  },
  {
    "code": "13",
    "name": "REAR SEAT HEATING (FOR 40/20/40 SPLIT REAR SEAT,RPO ARJ)"
  }
]