[
  {
    "code": "1",
    "name": "AIR DUCTS"
  },
  {
    "code": "2",
    "name": "COMPRESSOR AND FITTINGS (B10XFL[LE1],D10XFL[LE1] PETROL ENGINES)"
  },
  {
    "code": "3",
    "name": "COMPRESSOR AND FITTINGS (CONTD. - F12SHL[LIH],F12SHT[LIH],F12SHR[LIH] PETROL ENGINES)"
  },
  {
    "code": "4",
    "name": "COMPRESSOR AND FITTINGS (CONTD. - B14XE[LV7],B14XFL[LE2],D14XFL[LE2],B14XFT[LE2],D14XFT[LE2],B14XNT[LFE],D14XNT[LFE],B16SHT[LWC],D16SHT[LWC] PETROL ENGINES)"
  },
  {
    "code": "5",
    "name": "COMPRESSOR AND FITTINGS (CONTD. - F14SHL[L3T],F14SHT[L3T] PETROL ENGINES)"
  },
  {
    "code": "6",
    "name": "COMPRESSOR AND FITTINGS (CONTD. - D15DVC[LXD],F15DVC[LXD],D15DVH[LXD],F15DVH[LXD] DIESEL ENGINES)"
  },
  {
    "code": "7",
    "name": "COMPRESSOR AND FITTINGS (CONTD. - B16DTE[LWQ],B16DTH[LVL],D16DTH[LVL],D16DTN[LVL],B16DTU[LWV],B16DTR[LVK],D16DTR[LVK],D16DTI[LXO] DIESEL ENGINES)"
  },
  {
    "code": "8",
    "name": "CONDENSER AND FITTINGS"
  },
  {
    "code": "9",
    "name": "HEATER AND AIR CONDITIONING CONTROLS"
  },
  {
    "code": "10",
    "name": "HEATER HOSES AND FIXINGS (B10XFL[LE1],D10XFL[LE1],B14XE[LV7],B14XFL[LE2],D14XFL[LE2],B14XFT[LE2],D14XFT[LE2] PETROL ENGINES)"
  },
  {
    "code": "11",
    "name": "HEATER HOSES AND FIXINGS (CONTD. - F12SHL[LIH],F12SHT[LIH],F12SHR[LIH] PETROL ENGINES)"
  },
  {
    "code": "12",
    "name": "HEATER HOSES AND FIXINGS (CONTD. - B14XNT[LFE],D14XNT[LFE] NATURAL GAS ENGINES)"
  },
  {
    "code": "13",
    "name": "HEATER HOSES AND FIXINGS (CONTD. - F14SHL[L3T],F14SHT[L3T] PETROL ENGINES)"
  },
  {
    "code": "14",
    "name": "HEATER HOSES AND FIXINGS (CONTD. - B16SHT[LWC],D16SHT[LWC] PETROL ENGINES)"
  },
  {
    "code": "15",
    "name": "HEATER HOSES AND FIXINGS (CONTD. - D15DVC[LXD],F15DVC[LXD],D15DVH[LXD],F15DVH[LXD] DIESEL ENGINES)"
  },
  {
    "code": "16",
    "name": "HEATER HOSES AND FIXINGS (CONTD. - B16DTE[LWQ],B16DTH[LVL],D16DTH[LVL],D16DTN[LVL],B16DTU[LWV],B16DTR[LVK],D16DTR[LVK],D16DTI[LXO] DIESEL ENGINES)"
  },
  {
    "code": "17",
    "name": "HEATER MODULE AND INTERIOR FILTER (FOR HEATER SYSTEM WITHOUT AIR CONDITIONING,RPO C42)"
  },
  {
    "code": "18",
    "name": "HEATER MODULE AND INTERIOR FILTER (CONTD. - FOR MANUAL AIR CONDITIONING,RPO C67)"
  },
  {
    "code": "19",
    "name": "HEATER MODULE AND INTERIOR FILTER (CONTD. - FOR DUAL ZONE CLIMATE CONTROL,RPO CJ2)"
  },
  {
    "code": "20",
    "name": "LABELS"
  },
  {
    "code": "21",
    "name": "REFRIGERANT HOSE AND LIQUID PIPES"
  },
  {
    "code": "22",
    "name": "REFRIGERANT HOSE AND LIQUID PIPES (B14XE[LV7],B14XFL[LE2],D14XFL[LE2],B14XFT[LE2],D14XFT[LE2],B14XNT[LFE],D14XNT[LFE],B16SHT[LWC],D16SHT[LWC] PETROL ENGINES)"
  },
  {
    "code": "23",
    "name": "REFRIGERANT HOSE AND LIQUID PIPES (CONTD. - B10XFL[LE1],D10XFL[LE1] PETROL ENGINES)"
  },
  {
    "code": "24",
    "name": "REFRIGERANT HOSE AND LIQUID PIPES (CONTD. - F12SHL[LIH],F12SHT[LIH],F12SHR[LIH] PETROL ENGINES)"
  },
  {
    "code": "25",
    "name": "REFRIGERANT HOSE AND LIQUID PIPES (CONTD. - F14SHL[L3T],F14SHT[L3T] PETROL ENGINES)"
  },
  {
    "code": "26",
    "name": "REFRIGERANT HOSE AND LIQUID PIPES (CONTD. - D15DVC[LXD],F15DVC[LXD],D15DVH[LXD],F15DVH[LXD] DIESEL ENGINES)"
  },
  {
    "code": "27",
    "name": "REFRIGERANT HOSE AND LIQUID PIPES (CONTD. - B16DTE[LWQ],B16DTH[LVL],D16DTH[LVL],D16DTN[LVL],B16DTU[LWV],B16DTR[LVK],D16DTR[LVK],D16DTI[LXO] DIESEL ENGINES)"
  }
]