[
  {
    "call": "1",
    "part": "39049433",
    "desc": "BUMPER,REAR (FOR FRONT AND REAR PARKING PILOT,RPO UD5) (NLS.- USE 39113368)",
    "usage": "",
    "range": "",
    "qty": "1",
    "positions": [
      {
        "x": 1859,
        "y": 582
      }
    ],
    "reach": [],
    "history": []
  },
  {
    "call": "1",
    "part": "39113368",
    "desc": "BUMPER,REAR (FOR FRONT AND REAR PARKING PILOT,RPO UD5) (NLS.- USE 39217457)",
    "usage": "",
    "range": "",
    "qty": "1",
    "positions": [],
    "reach": [],
    "history": []
  },
  {
    "call": "1",
    "part": "39049434",
    "desc": "BUMPER,REAR (FOR PARK PILOT WITH STEERING ASSIST,RPO UFQ) (NLS.- USE 39113369)",
    "usage": "",
    "range": "",
    "qty": "1",
    "positions": [],
    "reach": [],
    "history": []
  },
  {
    "call": "1",
    "part": "39113369",
    "desc": "BUMPER,REAR (FOR PARK PILOT WITH STEERING ASSIST,RPO UFQ) (NLS.- USE 39217458)",
    "usage": "",
    "range": "",
    "qty": "1",
    "positions": [],
    "reach": [],
    "history": []
  },
  {
    "call": "1",
    "part": "39049435",
    "desc": "BUMPER,REAR (EXCEPT PARKING PILOT SYSTEM) (NLS.- USE 39113367)",
    "usage": "",
    "range": "",
    "qty": "1",
    "positions": [],
    "reach": [],
    "history": []
  },
  {
    "call": "1",
    "part": "39113367",
    "desc": "BUMPER,REAR (EXCEPT PARKING PILOT SYSTEM) (NLS.- USE 13426359)",
    "usage": "",
    "range": "",
    "qty": "1",
    "positions": [],
    "reach": [],
    "history": []
  },
  {
    "call": "2",
    "part": "13453981",
    "desc": "EXTENSION (LESS VISIBLE CHROME EXHAUST TAIL PIPE) (EXCEPT RPO VQ9,REMOVABLE TRAILER COUPLING)",
    "usage": "",
    "range": "",
    "qty": "1",
    "positions": [
      {
        "x": 1859,
        "y": 1457
      }
    ],
    "reach": [],
    "history": []
  },
  {
    "call": "3",
    "part": "13490201",
    "desc": "EXTENSION (LESS VISIBLE CHROME EXHAUST TAIL PIPE) (FOR REMOVABLE TRAILER COUPLING,RPO VQ9)",
    "usage": "",
    "range": "",
    "qty": "1",
    "positions": [
      {
        "x": 1853,
        "y": 1623
      }
    ],
    "reach": [],
    "history": []
  },
  {
    "call": "4",
    "part": "13453982",
    "desc": "EXTENSION (FOR VISIBLE CHROME EXHAUST TAIL PIPE) (EXCEPT RPO VQ9,REMOVABLE TRAILER COUPLING)",
    "usage": "B14XFL[LE2],D14XFL[LE2],B14XFT[LE2],D14XFT[LE2],B16DTR[LVK],D16DTR[LVK]",
    "range": "(C)      -K8999999\n(C)      -KG999999",
    "qty": "1",
    "positions": [
      {
        "x": 1853,
        "y": 1790
      }
    ],
    "reach": [],
    "history": []
  },
  {
    "call": "4",
    "part": "13453983",
    "desc": "EXTENSION (FOR VISIBLE CHROME EXHAUST TAIL PIPE) (EXCEPT RPO VQ9,REMOVABLE TRAILER COUPLING)",
    "usage": "B16SHT[LWC],D16SHT[LWC]",
    "range": "(C)      -K8999999\n(C)      -KG999999",
    "qty": "1",
    "positions": [],
    "reach": [],
    "history": []
  },
  {
    "call": "5",
    "part": "13490202",
    "desc": "EXTENSION (FOR VISIBLE CHROME EXHAUST TAIL PIPE) (FOR REMOVABLE TRAILER COUPLING,RPO VQ9)",
    "usage": "B14XFL[LE2],D14XFL[LE2],B14XFT[LE2],D14XFT[LE2],B16DTR[LVK],D16DTR[LVK]",
    "range": "",
    "qty": "1",
    "positions": [
      {
        "x": 1853,
        "y": 1948
      }
    ],
    "reach": [],
    "history": []
  },
  {
    "call": "5",
    "part": "13490203",
    "desc": "EXTENSION (FOR VISIBLE CHROME EXHAUST TAIL PIPE) (FOR REMOVABLE TRAILER COUPLING,RPO VQ9)",
    "usage": "B16SHT[LWC],D16SHT[LWC]",
    "range": "(C)      -K8999999\n(C)      -KG999999",
    "qty": "1",
    "positions": [],
    "reach": [],
    "history": []
  },
  {
    "call": "6",
    "part": "13453984",
    "desc": "COVER,ACCESS (FOR REMOVABLE TRAILER COUPLING,RPO VQ9)",
    "usage": "",
    "range": "(C)      -K8999999\n(C)      -KG999999",
    "qty": "1",
    "positions": [
      {
        "x": 1653,
        "y": 2230
      }
    ],
    "reach": [],
    "history": []
  },
  {
    "call": "7",
    "part": "13426391",
    "desc": "BRACKET,CENTRE",
    "usage": "",
    "range": "",
    "qty": "1",
    "positions": [
      {
        "x": 843,
        "y": 122
      }
    ],
    "reach": [],
    "history": []
  },
  {
    "call": "8",
    "part": "13131964",
    "desc": "-SEAL",
    "usage": "",
    "range": "",
    "qty": "5",
    "positions": [
      {
        "x": 750,
        "y": 218
      }
    ],
    "reach": [],
    "history": []
  },
  {
    "call": "9",
    "part": "13426361",
    "desc": "DAMPER,ENERGY (EXCEPT RPO VQ9,REMOVABLE TRAILER COUPLING)",
    "usage": "",
    "range": "",
    "qty": "1",
    "positions": [
      {
        "x": 846,
        "y": 678
      }
    ],
    "reach": [],
    "history": []
  },
  {
    "call": "10",
    "part": "13448643",
    "desc": "DAMPER,ENERGY (FOR REMOVABLE TRAILER COUPLING,RPO VQ9)",
    "usage": "",
    "range": "",
    "qty": "1",
    "positions": [
      {
        "x": 848,
        "y": 514
      }
    ],
    "reach": [],
    "history": []
  },
  {
    "call": "11",
    "part": "39018825",
    "desc": "GUIDE,BUMPER MOUNTING,RH (NLS.- USE 39086932)",
    "usage": "",
    "range": "",
    "qty": "1",
    "positions": [
      {
        "x": 120,
        "y": 500
      }
    ],
    "reach": [],
    "history": []
  },
  {
    "call": "11",
    "part": "39086932",
    "desc": "GUIDE,BUMPER MOUNTING,RH",
    "usage": "",
    "range": "",
    "qty": "1",
    "positions": [],
    "reach": [],
    "history": []
  },
  {
    "call": "11",
    "part": "39018823",
    "desc": "GUIDE,BUMPER MOUNTING,LH (NLS.- USE 39086931)",
    "usage": "",
    "range": "",
    "qty": "1",
    "positions": [],
    "reach": [],
    "history": []
  },
  {
    "call": "11",
    "part": "39086931",
    "desc": "GUIDE,BUMPER MOUNTING,LH",
    "usage": "",
    "range": "",
    "qty": "1",
    "positions": [],
    "reach": [],
    "history": []
  },
  {
    "call": "12",
    "part": "13131964",
    "desc": "-SEAL",
    "usage": "",
    "range": "",
    "qty": "12",
    "positions": [
      {
        "x": 258,
        "y": 517
      }
    ],
    "reach": [],
    "history": []
  },
  {
    "call": "13",
    "part": "11516397",
    "desc": "-NUT,M4.2 (NLS.- USE 95530322)",
    "usage": "",
    "range": "",
    "qty": "8",
    "positions": [
      {
        "x": 117,
        "y": 627
      }
    ],
    "reach": [],
    "history": []
  },
  {
    "call": "14",
    "part": "90766404",
    "desc": "REFLECTOR,REAR BUMPER PANEL,RH",
    "usage": "",
    "range": "",
    "qty": "1",
    "positions": [
      {
        "x": 910,
        "y": 1279
      }
    ],
    "reach": [],
    "history": []
  },
  {
    "call": "14",
    "part": "90766405",
    "desc": "REFLECTOR,REAR BUMPER PANEL,LH",
    "usage": "",
    "range": "",
    "qty": "1",
    "positions": [],
    "reach": [],
    "history": []
  },
  {
    "call": "15",
    "part": "13426395",
    "desc": "BRACKET,RH",
    "usage": "",
    "range": "",
    "qty": "1",
    "positions": [
      {
        "x": 1190,
        "y": 1398
      }
    ],
    "reach": [],
    "history": []
  },
  {
    "call": "16",
    "part": "13426393",
    "desc": "BRACKET,LH",
    "usage": "",
    "range": "",
    "qty": "1",
    "positions": [
      {
        "x": 846,
        "y": 1527
      }
    ],
    "reach": [],
    "history": []
  },
  {
    "call": "17",
    "part": "13131964",
    "desc": "-SEAL",
    "usage": "",
    "range": "",
    "qty": "4",
    "positions": [
      {
        "x": 925,
        "y": 1437
      },
      {
        "x": 1263,
        "y": 1304
      }
    ],
    "reach": [],
    "history": []
  },
  {
    "call": "18",
    "part": "11516397",
    "desc": "-NUT,M4.2 (NLS.- USE 95530322)",
    "usage": "",
    "range": "",
    "qty": "2",
    "positions": [
      {
        "x": 1029,
        "y": 1592
      },
      {
        "x": 1376,
        "y": 1451
      }
    ],
    "reach": [],
    "history": []
  },
  {
    "call": "19",
    "part": "13356713",
    "desc": "RIVET,BLIND,STEEL (NLS.- USE YQ00155580)",
    "usage": "",
    "range": "",
    "qty": "AR",
    "positions": [
      {
        "x": 1563,
        "y": 1240
      },
      {
        "x": 944,
        "y": 218
      }
    ],
    "reach": [],
    "history": []
  },
  {
    "call": "20",
    "part": "13426360",
    "desc": "FLAP,TOWING LUG",
    "usage": "",
    "range": "",
    "qty": "1",
    "positions": [
      {
        "x": 1856,
        "y": 751
      },
      {
        "x": 202,
        "y": 1197
      }
    ],
    "reach": [],
    "history": []
  },
  {
    "call": "21",
    "part": "11570637",
    "desc": "SCREW,TORX (NLS.- USE YR00280680)",
    "usage": "",
    "range": "(C)      -H8999999\n(C)      -HG999999",
    "qty": "AR",
    "positions": [
      {
        "x": 55,
        "y": 932
      }
    ],
    "reach": [],
    "history": []
  },
  {
    "call": "21",
    "part": "11548270",
    "desc": "SCREW,TORX (NLS.- USE YQ00155780)",
    "usage": "",
    "range": "(C)  J8000001-\n(C)  JG000001-",
    "qty": "AR",
    "positions": [],
    "reach": [],
    "history": []
  },
  {
    "call": "22",
    "part": "90087290",
    "desc": "RIVET,EXPANDING (NLS.- USE YQ00125980)",
    "usage": "",
    "range": "",
    "qty": "AR",
    "positions": [
      {
        "x": 775,
        "y": 1880
      }
    ],
    "reach": [],
    "history": []
  },
  {
    "call": "23",
    "part": "13356713",
    "desc": "RIVET,BLIND,STEEL (NLS.- USE YQ00155580)",
    "usage": "",
    "range": "",
    "qty": "AR",
    "positions": [
      {
        "x": 202,
        "y": 932
      }
    ],
    "reach": [],
    "history": []
  },
  {
    "call": "24",
    "part": "11516397",
    "desc": "NUT,M4.2 (NLS.- USE 95530322)",
    "usage": "",
    "range": "",
    "qty": "4",
    "positions": [
      {
        "x": 312,
        "y": 1200
      }
    ],
    "reach": [],
    "history": []
  },
  {
    "call": "25",
    "part": "11589015",
    "desc": "SCREW,HEX.HD.,WITH WASHER,M4.2 X 20 (NLS.- USE YQ00133880)",
    "usage": "",
    "range": "",
    "qty": "AR",
    "positions": [
      {
        "x": 383,
        "y": 729
      }
    ],
    "reach": [],
    "history": []
  },
  {
    "call": "26",
    "part": "11569711",
    "desc": "NUT",
    "usage": "",
    "range": "",
    "qty": "AR",
    "positions": [
      {
        "x": 255,
        "y": 433
      }
    ],
    "reach": [],
    "history": []
  }
]