[
  {
    "call": "1",
    "part": "(13473603)",
    "desc": "PANEL,REAR QUARTER,OUTER,LH (EXCEPT HOLDEN) (NLS.- USE 39045584)",
    "usage": "",
    "range": "",
    "qty": "1",
    "positions": [],
    "reach": [],
    "history": []
  },
  {
    "call": "1",
    "part": "(39045584)",
    "desc": "PANEL,REAR QUARTER,OUTER,LH (EXCEPT HOLDEN) (NLS.- USE 39068048)",
    "usage": "",
    "range": "",
    "qty": "1",
    "positions": [],
    "reach": [],
    "history": []
  },
  {
    "call": "1",
    "part": "(39068048)",
    "desc": "PANEL,REAR QUARTER,OUTER,LH (EXCEPT HOLDEN) (NLS.- USE 39091154)",
    "usage": "",
    "range": "",
    "qty": "1",
    "positions": [],
    "reach": [],
    "history": []
  },
  {
    "call": "1",
    "part": "(39091154)",
    "desc": "PANEL,REAR QUARTER,OUTER,LH (EXCEPT HOLDEN) (NLS.- USE 39117421)",
    "usage": "",
    "range": "",
    "qty": "1",
    "positions": [],
    "reach": [],
    "history": []
  },
  {
    "call": "1",
    "part": "(39117421)",
    "desc": "PANEL,REAR QUARTER,OUTER,LH (EXCEPT HOLDEN) (NLS.- USE 39246002)",
    "usage": "",
    "range": "",
    "qty": "1",
    "positions": [],
    "reach": [],
    "history": []
  },
  {
    "call": "1",
    "part": "(39068060)",
    "desc": "PANEL,REAR QUARTER,OUTER,LH (HOLDEN) (NLS.- USE 39091161)",
    "usage": "",
    "range": "",
    "qty": "1",
    "positions": [],
    "reach": [],
    "history": []
  },
  {
    "call": "1",
    "part": "(39091161)",
    "desc": "PANEL,REAR QUARTER,OUTER,LH (HOLDEN) (NLS.- USE 39117426)",
    "usage": "",
    "range": "",
    "qty": "1",
    "positions": [],
    "reach": [],
    "history": []
  },
  {
    "call": "1",
    "part": "39117426",
    "desc": "PANEL,REAR QUARTER,OUTER,LH (HOLDEN)",
    "usage": "",
    "range": "",
    "qty": "1",
    "positions": [],
    "reach": [],
    "history": []
  },
  {
    "call": "2",
    "part": "39058330",
    "desc": "-EXTENSION,REAR QUARTER,LH,OUTER,REAR,UPPER",
    "usage": "",
    "range": "",
    "qty": "1",
    "positions": [],
    "reach": [],
    "history": []
  },
  {
    "call": "3",
    "part": "39030129",
    "desc": "-PANEL,REAR LAMP HOUSING,LH",
    "usage": "",
    "range": "",
    "qty": "1",
    "positions": [],
    "reach": [],
    "history": []
  },
  {
    "call": "4",
    "part": "39018030",
    "desc": "-EXTENSION,REAR QUARTER,LH,OUTER,REAR,LOWER",
    "usage": "",
    "range": "",
    "qty": "1",
    "positions": [],
    "reach": [],
    "history": []
  },
  {
    "call": "5",
    "part": "(13473605)",
    "desc": "PANEL,REAR QUARTER,OUTER,RH (EXCEPT HOLDEN) (NLS.- USE 39045582)",
    "usage": "",
    "range": "",
    "qty": "1",
    "positions": [],
    "reach": [],
    "history": []
  },
  {
    "call": "5",
    "part": "(39045582)",
    "desc": "PANEL,REAR QUARTER,OUTER,RH (EXCEPT HOLDEN) (NLS.- USE 39068051)",
    "usage": "",
    "range": "",
    "qty": "1",
    "positions": [],
    "reach": [],
    "history": []
  },
  {
    "call": "5",
    "part": "(39068051)",
    "desc": "PANEL,REAR QUARTER,OUTER,RH (EXCEPT HOLDEN) (NLS.- USE 39091155)",
    "usage": "",
    "range": "",
    "qty": "1",
    "positions": [],
    "reach": [],
    "history": []
  },
  {
    "call": "5",
    "part": "(39091155)",
    "desc": "PANEL,REAR QUARTER,OUTER,RH (EXCEPT HOLDEN) (NLS.- USE 39117422)",
    "usage": "",
    "range": "",
    "qty": "1",
    "positions": [],
    "reach": [],
    "history": []
  },
  {
    "call": "5",
    "part": "(39117422)",
    "desc": "PANEL,REAR QUARTER,OUTER,RH (EXCEPT HOLDEN) (NLS.- USE 39246003)",
    "usage": "",
    "range": "",
    "qty": "1",
    "positions": [],
    "reach": [],
    "history": []
  },
  {
    "call": "5",
    "part": "(39068063)",
    "desc": "PANEL,REAR QUARTER,OUTER,RH (HOLDEN) (NLS.- USE 39091160)",
    "usage": "",
    "range": "",
    "qty": "1",
    "positions": [],
    "reach": [],
    "history": []
  },
  {
    "call": "5",
    "part": "(39091160)",
    "desc": "PANEL,REAR QUARTER,OUTER,RH (HOLDEN) (NLS.- USE 39117425)",
    "usage": "",
    "range": "",
    "qty": "1",
    "positions": [],
    "reach": [],
    "history": []
  },
  {
    "call": "5",
    "part": "39117425",
    "desc": "PANEL,REAR QUARTER,OUTER,RH (HOLDEN)",
    "usage": "",
    "range": "",
    "qty": "1",
    "positions": [],
    "reach": [],
    "history": []
  },
  {
    "call": "6",
    "part": "39058332",
    "desc": "-EXTENSION,REAR QUARTER,RH,OUTER,REAR,UPPER",
    "usage": "",
    "range": "",
    "qty": "1",
    "positions": [],
    "reach": [],
    "history": []
  },
  {
    "call": "7",
    "part": "39030130",
    "desc": "-PANEL,REAR LAMP HOUSING,RH",
    "usage": "",
    "range": "",
    "qty": "1",
    "positions": [],
    "reach": [],
    "history": []
  },
  {
    "call": "8",
    "part": "39018031",
    "desc": "-EXTENSION,REAR QUARTER,RH,OUTER,REAR,LOWER",
    "usage": "",
    "range": "",
    "qty": "1",
    "positions": [],
    "reach": [],
    "history": []
  },
  {
    "call": "9",
    "part": "(13503206)",
    "desc": "PLATE,ANCHOR,DOOR LOCK STRIKER (NLS.- USE YR00176780)",
    "usage": "",
    "range": "",
    "qty": "2",
    "positions": [],
    "reach": [],
    "history": []
  },
  {
    "call": "10",
    "part": "13502348",
    "desc": "VENTILATOR",
    "usage": "",
    "range": "",
    "qty": "1",
    "positions": [],
    "reach": [],
    "history": []
  },
  {
    "call": "11",
    "part": "(13473599)",
    "desc": "PANEL,REAR QUARTER,INNER,LH (NLS.- USE 39077279)",
    "usage": "",
    "range": "",
    "qty": "1",
    "positions": [],
    "reach": [],
    "history": []
  },
  {
    "call": "11",
    "part": "39077279",
    "desc": "PANEL,REAR QUARTER,INNER,LH",
    "usage": "",
    "range": "",
    "qty": "1",
    "positions": [],
    "reach": [],
    "history": []
  },
  {
    "call": "12",
    "part": "(13473601)",
    "desc": "PANEL,REAR QUARTER,INNER,RH (NLS.- USE 39077280)",
    "usage": "",
    "range": "",
    "qty": "1",
    "positions": [],
    "reach": [],
    "history": []
  },
  {
    "call": "12",
    "part": "(39077280)",
    "desc": "PANEL,REAR QUARTER,INNER,RH (NLS.- USE 39145083)",
    "usage": "",
    "range": "",
    "qty": "1",
    "positions": [],
    "reach": [],
    "history": []
  },
  {
    "call": "12",
    "part": "39145083",
    "desc": "PANEL,REAR QUARTER,INNER,RH",
    "usage": "",
    "range": "",
    "qty": "1",
    "positions": [],
    "reach": [],
    "history": []
  },
  {
    "call": "13",
    "part": "39058410",
    "desc": "PANEL,REAR PILLAR,INNER,LH",
    "usage": "",
    "range": "",
    "qty": "1",
    "positions": [],
    "reach": [],
    "history": []
  },
  {
    "call": "14",
    "part": "39058411",
    "desc": "PANEL,REAR PILLAR,INNER,RH",
    "usage": "",
    "range": "",
    "qty": "1",
    "positions": [],
    "reach": [],
    "history": []
  },
  {
    "call": "15",
    "part": "13483308",
    "desc": "INSULATOR,SOUND,UPPER,LH",
    "usage": "",
    "range": "",
    "qty": "1",
    "positions": [],
    "reach": [],
    "history": []
  },
  {
    "call": "16",
    "part": "13483309",
    "desc": "INSULATOR,SOUND,UPPER,RH",
    "usage": "",
    "range": "",
    "qty": "1",
    "positions": [],
    "reach": [],
    "history": []
  },
  {
    "call": "17",
    "part": "13408613",
    "desc": "BAFFLE,LH",
    "usage": "",
    "range": "",
    "qty": "1",
    "positions": [],
    "reach": [],
    "history": []
  },
  {
    "call": "18",
    "part": "13408614",
    "desc": "BAFFLE,RH",
    "usage": "",
    "range": "",
    "qty": "1",
    "positions": [],
    "reach": [],
    "history": []
  },
  {
    "call": "19",
    "part": "13408615",
    "desc": "BAFFLE,LH",
    "usage": "",
    "range": "",
    "qty": "1",
    "positions": [],
    "reach": [],
    "history": []
  },
  {
    "call": "20",
    "part": "13468632",
    "desc": "BAFFLE,RH",
    "usage": "",
    "range": "",
    "qty": "1",
    "positions": [],
    "reach": [],
    "history": []
  },
  {
    "call": "21",
    "part": "13408607",
    "desc": "BAFFLE,LH",
    "usage": "",
    "range": "",
    "qty": "1",
    "positions": [],
    "reach": [],
    "history": []
  },
  {
    "call": "22",
    "part": "13408608",
    "desc": "BAFFLE,RH",
    "usage": "",
    "range": "",
    "qty": "1",
    "positions": [],
    "reach": [],
    "history": []
  },
  {
    "call": "23",
    "part": "(39030031)",
    "desc": "WHEELHOUSE,ASSY.,REAR,LH (NLS.- USE 39097988)",
    "usage": "",
    "range": "(C)      -G8999999(C)      -GG999999",
    "qty": "1",
    "positions": [],
    "reach": [],
    "history": []
  },
  {
    "call": "23",
    "part": "39097988",
    "desc": "WHEELHOUSE,ASSY.,REAR,LH",
    "usage": "",
    "range": "(C)  H8000001-(C)  HG000001-",
    "qty": "1",
    "positions": [],
    "reach": [],
    "history": []
  },
  {
    "call": "24",
    "part": "(13409882)",
    "desc": "-REINFORCEMENT,LH,REAR WHEELHOUSE PANEL (NLS.- USE 39069853)",
    "usage": "",
    "range": "",
    "qty": "1",
    "positions": [],
    "reach": [],
    "history": []
  },
  {
    "call": "25",
    "part": "11609767",
    "desc": "-NUT,M6",
    "usage": "",
    "range": "",
    "qty": "1",
    "positions": [],
    "reach": [],
    "history": []
  },
  {
    "call": "26",
    "part": "(39030030)",
    "desc": "WHEELHOUSE,ASSY.,REAR,RH (NLS.- USE 39039749)",
    "usage": "",
    "range": "(C)      -G8999999(C)      -GG999999",
    "qty": "1",
    "positions": [],
    "reach": [],
    "history": []
  },
  {
    "call": "26",
    "part": "(39039749)",
    "desc": "WHEELHOUSE,ASSY.,REAR,RH (NLS.- USE 39097989)",
    "usage": "",
    "range": "(C)      -G8999999(C)      -GG999999",
    "qty": "1",
    "positions": [],
    "reach": [],
    "history": []
  },
  {
    "call": "26",
    "part": "39097989",
    "desc": "WHEELHOUSE,ASSY.,REAR,RH",
    "usage": "",
    "range": "(C)  H8000001-(C)  HG000001-",
    "qty": "1",
    "positions": [],
    "reach": [],
    "history": []
  },
  {
    "call": "27",
    "part": "(13486887)",
    "desc": "-REINFORCEMENT,RH,REAR WHEELHOUSE PANEL (NLS.- USE 39069852)",
    "usage": "",
    "range": "",
    "qty": "1",
    "positions": [],
    "reach": [],
    "history": []
  },
  {
    "call": "28",
    "part": "13435324",
    "desc": "GUSSET,WHEELHOUSE,LH",
    "usage": "",
    "range": "",
    "qty": "1",
    "positions": [],
    "reach": [],
    "history": []
  },
  {
    "call": "29",
    "part": "13435328",
    "desc": "GUSSET,WHEELHOUSE,RH",
    "usage": "",
    "range": "",
    "qty": "1",
    "positions": [],
    "reach": [],
    "history": []
  },
  {
    "call": "30",
    "part": "13409884",
    "desc": "FILLER,LH,REAR FLOOR PANEL",
    "usage": "",
    "range": "",
    "qty": "1",
    "positions": [],
    "reach": [],
    "history": []
  },
  {
    "call": "31",
    "part": "13409885",
    "desc": "FILLER,RH,REAR FLOOR PANEL",
    "usage": "",
    "range": "",
    "qty": "1",
    "positions": [],
    "reach": [],
    "history": []
  },
  {
    "call": "32",
    "part": "(13377877)",
    "desc": "PLUG,DRAIN (NLS.- USE YR00186980)",
    "usage": "",
    "range": "",
    "qty": "AR",
    "positions": [],
    "reach": [],
    "history": []
  },
  {
    "call": "33",
    "part": "(90460880)",
    "desc": "PLUG,DRAIN,26 MM DIA. (NLS.- USE YQ00158880)",
    "usage": "",
    "range": "",
    "qty": "14",
    "positions": [],
    "reach": [],
    "history": []
  },
  {
    "call": "34",
    "part": "13500935",
    "desc": "PLUG,12MM",
    "usage": "",
    "range": "",
    "qty": "AR",
    "positions": [],
    "reach": [],
    "history": []
  },
  {
    "call": "35",
    "part": "(90460880)",
    "desc": "PLUG,DRAIN,26 MM DIA. (NLS.- USE YQ00158880)",
    "usage": "",
    "range": "",
    "qty": "AR",
    "positions": [],
    "reach": [],
    "history": []
  },
  {
    "call": "36",
    "part": "13500634",
    "desc": "PLUG,DRAIN,23MM DIA.",
    "usage": "",
    "range": "",
    "qty": "2",
    "positions": [],
    "reach": [],
    "history": []
  },
  {
    "call": "37",
    "part": "24438285",
    "desc": "FOIL,ADHESIVE,35MM DIA.",
    "usage": "",
    "range": "",
    "qty": "AR",
    "positions": [],
    "reach": [],
    "history": []
  }
]