[
  {
    "call": "1",
    "part": "13499847",
    "desc": "LINER,FRONT WHEELHOUSE,LH (NLS.- USE 39042981, 39043988)",
    "usage": "",
    "range": "(C)      -G8036440\n(C)      -GG036318",
    "qty": "1",
    "positions": [
      {
        "x": 545,
        "y": 305
      }
    ],
    "reach": [],
    "history": []
  },
  {
    "call": "1",
    "part": "13499848",
    "desc": "LINER,FRONT WHEELHOUSE,RH (NLS.- USE 39042982, 39043989)",
    "usage": "",
    "range": "(C)      -G8036440\n(C)      -GG036238",
    "qty": "",
    "positions": [],
    "reach": [],
    "history": []
  },
  {
    "call": "2",
    "part": "39042981",
    "desc": "LINER,FRONT WHEELHOUSE,LH (EXCEPT RPO WDH,OPC/VXR LINE PACK) (EXCEPT HOLDEN) (NLS.- USE 39074933)",
    "usage": "",
    "range": "(C)  G8036441-\n(C)  GG036319-",
    "qty": "1",
    "positions": [
      {
        "x": 162,
        "y": 1717
      },
      {
        "x": 1098,
        "y": 2333
      }
    ],
    "reach": [],
    "history": []
  },
  {
    "call": "2",
    "part": "39074931",
    "desc": "LINER,FRONT WHEELHOUSE,LH (EXCEPT RPO WDH,OPC/VXR LINE PACK) (EXCEPT HOLDEN) (NLS.- USE 39115547)",
    "usage": "",
    "range": "(C)  G8036441-\n(C)  GG036319-",
    "qty": "1",
    "positions": [],
    "reach": [],
    "history": []
  },
  {
    "call": "2",
    "part": "39115547",
    "desc": "LINER,FRONT WHEELHOUSE,LH (EXCEPT RPO WDH,OPC/VXR LINE PACK) (EXCEPT HOLDEN)",
    "usage": "",
    "range": "(C)  G8036441-\n(C)  GG036319-",
    "qty": "1",
    "positions": [],
    "reach": [],
    "history": []
  },
  {
    "call": "2",
    "part": "39042982",
    "desc": "LINER,FRONT WHEELHOUSE,RH (EXCEPT RPO WDH,OPC/VXR LINE PACK) (EXCEPT HOLDEN) (NLS.- USE 39074934)",
    "usage": "",
    "range": "(C)  G8036441-\n(C)  GG036239-",
    "qty": "",
    "positions": [],
    "reach": [],
    "history": []
  },
  {
    "call": "2",
    "part": "39074932",
    "desc": "LINER,FRONT WHEELHOUSE,RH (EXCEPT RPO WDH,OPC/VXR LINE PACK) (EXCEPT HOLDEN) (NLS.- USE 39115548)",
    "usage": "",
    "range": "(C)  G8036441-\n(C)  GG036239-",
    "qty": "",
    "positions": [],
    "reach": [],
    "history": []
  },
  {
    "call": "2",
    "part": "39115548",
    "desc": "LINER,FRONT WHEELHOUSE,RH (EXCEPT RPO WDH,OPC/VXR LINE PACK) (EXCEPT HOLDEN)",
    "usage": "",
    "range": "(C)  G8036441-\n(C)  GG036239-",
    "qty": "",
    "positions": [],
    "reach": [],
    "history": []
  },
  {
    "call": "3",
    "part": "39043988",
    "desc": "FILLER,LH",
    "usage": "",
    "range": "(C)  G8036441-\n(C)  GG036319-",
    "qty": "1",
    "positions": [
      {
        "x": 397,
        "y": 2346
      }
    ],
    "reach": [],
    "history": []
  },
  {
    "call": "3",
    "part": "39043989",
    "desc": "FILLER,RH",
    "usage": "",
    "range": "(C)  G8036441-\n(C)  GG036239-",
    "qty": "",
    "positions": [],
    "reach": [],
    "history": []
  },
  {
    "call": "4",
    "part": "11548580",
    "desc": "NUT",
    "usage": "",
    "range": "",
    "qty": "AR",
    "positions": [
      {
        "x": 1627,
        "y": 2158
      }
    ],
    "reach": [],
    "history": []
  },
  {
    "call": "4",
    "part": "11548580",
    "desc": "NUT",
    "usage": "",
    "range": "",
    "qty": "AR",
    "positions": [],
    "reach": [],
    "history": []
  },
  {
    "call": "5",
    "part": "39074937",
    "desc": "LINER,FRONT WHEELHOUSE,LH (OPC,VXR,LINE PACK RPO WDH) (NLS.- USE 39115551)",
    "usage": "",
    "range": "",
    "qty": "1",
    "positions": [
      {
        "x": 666,
        "y": 1106
      }
    ],
    "reach": [],
    "history": []
  },
  {
    "call": "5",
    "part": "39115551",
    "desc": "LINER,FRONT WHEELHOUSE,LH (OPC,VXR,LINE PACK RPO WDH)",
    "usage": "",
    "range": "",
    "qty": "1",
    "positions": [],
    "reach": [],
    "history": []
  },
  {
    "call": "5",
    "part": "39074937",
    "desc": "LINER,FRONT WHEELHOUSE,LH (HOLDEN) (NLS.- USE 39115551)",
    "usage": "",
    "range": "",
    "qty": "1",
    "positions": [],
    "reach": [],
    "history": []
  },
  {
    "call": "5",
    "part": "39115551",
    "desc": "LINER,FRONT WHEELHOUSE,LH (HOLDEN)",
    "usage": "",
    "range": "",
    "qty": "1",
    "positions": [],
    "reach": [],
    "history": []
  },
  {
    "call": "5",
    "part": "39074938",
    "desc": "LINER,FRONT WHEELHOUSE,RH (OPC,VXR,LINE PACK RPO WDH) (NLS.- USE 39115552)",
    "usage": "",
    "range": "",
    "qty": "1",
    "positions": [],
    "reach": [],
    "history": []
  },
  {
    "call": "5",
    "part": "39115552",
    "desc": "LINER,FRONT WHEELHOUSE,RH (OPC,VXR,LINE PACK RPO WDH)",
    "usage": "",
    "range": "",
    "qty": "1",
    "positions": [],
    "reach": [],
    "history": []
  },
  {
    "call": "5",
    "part": "39074938",
    "desc": "LINER,FRONT WHEELHOUSE,RH (HOLDEN) (NLS.- USE 39115552)",
    "usage": "",
    "range": "",
    "qty": "1",
    "positions": [],
    "reach": [],
    "history": []
  },
  {
    "call": "5",
    "part": "39115552",
    "desc": "LINER,FRONT WHEELHOUSE,RH (HOLDEN)",
    "usage": "",
    "range": "",
    "qty": "1",
    "positions": [],
    "reach": [],
    "history": []
  },
  {
    "call": "6",
    "part": "11570637",
    "desc": "SCREW,TORX (NLS.- USE YR00280680)",
    "usage": "",
    "range": "",
    "qty": "AR",
    "positions": [
      {
        "x": 1005,
        "y": 553
      }
    ],
    "reach": [],
    "history": []
  },
  {
    "call": "7",
    "part": "11570654",
    "desc": "NUT,CLAMP,M4.2",
    "usage": "",
    "range": "",
    "qty": "AR",
    "positions": [
      {
        "x": 579,
        "y": 1103
      }
    ],
    "reach": [],
    "history": []
  },
  {
    "call": "7",
    "part": "11610524",
    "desc": "NUT (NLS.- USE YQ00109780)",
    "usage": "",
    "range": "(C)  H8000001-\n(C)  HG000001-",
    "qty": "AR",
    "positions": [],
    "reach": [],
    "history": []
  },
  {
    "call": "8",
    "part": "11612035",
    "desc": "RIVET (NLS.- USE YR00126180)",
    "usage": "",
    "range": "",
    "qty": "AR",
    "positions": [
      {
        "x": 1080,
        "y": 411
      }
    ],
    "reach": [],
    "history": []
  },
  {
    "call": "9",
    "part": "13422305",
    "desc": "COVER,PROTECTOR,REAR WHEELHOUSE,LH (EXCEPT RPO WDH,OPC/VXR LINE PACK) (EXCEPT HOLDEN) (NLS.- USE 13496167)",
    "usage": "",
    "range": "",
    "qty": "",
    "positions": [
      {
        "x": 1730,
        "y": 550
      }
    ],
    "reach": [],
    "history": []
  },
  {
    "call": "9",
    "part": "13496167",
    "desc": "COVER,PROTECTOR,REAR WHEELHOUSE,LH (EXCEPT RPO WDH,OPC/VXR LINE PACK) (EXCEPT HOLDEN) (NLS.- USE 39040822)",
    "usage": "",
    "range": "",
    "qty": "",
    "positions": [],
    "reach": [],
    "history": []
  },
  {
    "call": "9",
    "part": "39040822",
    "desc": "COVER,PROTECTOR,REAR WHEELHOUSE,LH (EXCEPT RPO WDH,OPC/VXR LINE PACK) (EXCEPT HOLDEN)",
    "usage": "",
    "range": "",
    "qty": "",
    "positions": [],
    "reach": [],
    "history": []
  },
  {
    "call": "9",
    "part": "13422306",
    "desc": "COVER,PROTECTOR,REAR WHEELHOUSE,RH (EXCEPT RPO WDH,OPC/VXR LINE PACK) (EXCEPT HOLDEN) (NLS.- USE 13496168)",
    "usage": "",
    "range": "",
    "qty": "1",
    "positions": [],
    "reach": [],
    "history": []
  },
  {
    "call": "9",
    "part": "13496168",
    "desc": "COVER,PROTECTOR,REAR WHEELHOUSE,RH (EXCEPT RPO WDH,OPC/VXR LINE PACK) (EXCEPT HOLDEN) (NLS.- USE 39040823)",
    "usage": "",
    "range": "",
    "qty": "1",
    "positions": [],
    "reach": [],
    "history": []
  },
  {
    "call": "9",
    "part": "39040823",
    "desc": "COVER,PROTECTOR,REAR WHEELHOUSE,RH (EXCEPT RPO WDH,OPC/VXR LINE PACK) (EXCEPT HOLDEN) (NLS.- USE 39114954)",
    "usage": "",
    "range": "(C)      -H8999999\n(C)      -HG999999",
    "qty": "1",
    "positions": [],
    "reach": [],
    "history": []
  },
  {
    "call": "9",
    "part": "39114954",
    "desc": "COVER,PROTECTOR,REAR WHEELHOUSE,RH (EXCEPT RPO WDH,OPC/VXR LINE PACK) (EXCEPT HOLDEN)",
    "usage": "",
    "range": "(C)  J8000001-\n(C)  JG000001-",
    "qty": "1",
    "positions": [],
    "reach": [],
    "history": []
  },
  {
    "call": "9",
    "part": "39049878",
    "desc": "COVER,PROTECTOR,REAR WHEELHOUSE,LH (OPC,VXR,LINE PACK RPO WDH)",
    "usage": "",
    "range": "",
    "qty": "1",
    "positions": [],
    "reach": [],
    "history": []
  },
  {
    "call": "9",
    "part": "39049879",
    "desc": "COVER,PROTECTOR,REAR WHEELHOUSE,RH (OPC,VXR,LINE PACK RPO WDH) (NLS.- USE 39114956)",
    "usage": "",
    "range": "(C)      -H8999999\n(C)      -HG999999",
    "qty": "1",
    "positions": [],
    "reach": [],
    "history": []
  },
  {
    "call": "9",
    "part": "39114956",
    "desc": "COVER,PROTECTOR,REAR WHEELHOUSE,RH (OPC,VXR,LINE PACK RPO WDH)",
    "usage": "",
    "range": "(C)  J8000001-\n(C)  JG000001-",
    "qty": "1",
    "positions": [],
    "reach": [],
    "history": []
  },
  {
    "call": "9",
    "part": "39049878",
    "desc": "COVER,PROTECTOR,REAR WHEELHOUSE,LH (HOLDEN) (FOR MODEL CONVERSION RS,RPO V9N) (FOR MODEL CONVERSION RS-V,RPO N9G)",
    "usage": "",
    "range": "",
    "qty": "1",
    "positions": [],
    "reach": [],
    "history": []
  },
  {
    "call": "9",
    "part": "39040822",
    "desc": "COVER,PROTECTOR,REAR WHEELHOUSE,LH (HOLDEN) (FOR MODEL CONVERSION R,RPO N9F)",
    "usage": "",
    "range": "",
    "qty": "1",
    "positions": [],
    "reach": [],
    "history": []
  },
  {
    "call": "9",
    "part": "39049879",
    "desc": "COVER,PROTECTOR,REAR WHEELHOUSE,RH (HOLDEN) (NLS.- USE 39114956)",
    "usage": "",
    "range": "(C)      -H8999999\n(C)      -HG999999",
    "qty": "1",
    "positions": [],
    "reach": [],
    "history": []
  },
  {
    "call": "9",
    "part": "39114956",
    "desc": "COVER,PROTECTOR,REAR WHEELHOUSE,RH (HOLDEN) (FOR MODEL CONVERSION RS,RPO V9N) (FOR MODEL CONVERSION RS-V,RPO N9G)",
    "usage": "",
    "range": "(C)  J8000001-\n(C)  JG000001-",
    "qty": "1",
    "positions": [],
    "reach": [],
    "history": []
  },
  {
    "call": "9",
    "part": "39114954",
    "desc": "COVER,PROTECTOR,REAR WHEELHOUSE,RH (HOLDEN) (FOR MODEL CONVERSION R,RPO N9F)",
    "usage": "",
    "range": "(C)  J8000001-\n(C)  JG000001-",
    "qty": "1",
    "positions": [],
    "reach": [],
    "history": []
  },
  {
    "call": "10",
    "part": "11612034",
    "desc": "NUT (NLS.- USE YR00714180)",
    "usage": "",
    "range": "",
    "qty": "8",
    "positions": [
      {
        "x": 1796,
        "y": 674
      }
    ],
    "reach": [],
    "history": []
  },
  {
    "call": "11",
    "part": "11570637",
    "desc": "SCREW,TORX (NLS.- USE YR00280680)",
    "usage": "",
    "range": "(C)      -G8999999\n(C)      -GG999999",
    "qty": "8",
    "positions": [
      {
        "x": 1673,
        "y": 674
      }
    ],
    "reach": [],
    "history": []
  },
  {
    "call": "11",
    "part": "11548270",
    "desc": "SCREW,TORX (NLS.- USE YQ00155780)",
    "usage": "",
    "range": "(C)  H8000001-\n(C)  HG000001-",
    "qty": "8",
    "positions": [],
    "reach": [],
    "history": []
  },
  {
    "call": "12",
    "part": "11612035",
    "desc": "RIVET (NLS.- USE YR00126180)",
    "usage": "",
    "range": "",
    "qty": "6",
    "positions": [
      {
        "x": 1086,
        "y": 1109
      }
    ],
    "reach": [],
    "history": []
  },
  {
    "call": "13",
    "part": "13422307",
    "desc": "DEFLECTOR,LH (NLS.- NO REPLACEMENT PART)",
    "usage": "",
    "range": "",
    "qty": "1",
    "positions": [
      {
        "x": 1080,
        "y": 976
      }
    ],
    "reach": [],
    "history": []
  },
  {
    "call": "13",
    "part": "13422308",
    "desc": "DEFLECTOR,RH (NLS.- NO REPLACEMENT PART)",
    "usage": "",
    "range": "",
    "qty": "1",
    "positions": [],
    "reach": [],
    "history": []
  },
  {
    "call": "14",
    "part": "11570637",
    "desc": "SCREW,TORX (NLS.- USE YR00280680)",
    "usage": "",
    "range": "",
    "qty": "2",
    "positions": [
      {
        "x": 1083,
        "y": 795
      }
    ],
    "reach": [],
    "history": []
  },
  {
    "call": "15",
    "part": "11546868",
    "desc": "NUT,PRESS (NLS.- USE YQ00165780)",
    "usage": "",
    "range": "",
    "qty": "2",
    "positions": [
      {
        "x": 2035,
        "y": 544
      }
    ],
    "reach": [],
    "history": []
  },
  {
    "call": "16",
    "part": "11516397",
    "desc": "NUT,M4.2 (NLS.- USE 95530322)",
    "usage": "",
    "range": "",
    "qty": "8",
    "positions": [],
    "reach": [],
    "history": []
  }
]