[
  {
    "call": 1,
    "part": "13500634",
    "desc": "PLUG,23MM DIA.",
    "usage": "",
    "qty": "AR",
    "range": "",
    "reach": [
      "Reach information (Article 33 (1)) : Article may contain : Hexahydrophthalic anhydride:CAS-number:85-42-7",
      "Reach information (Article 33 (1)) : Article may contain : Dibutyl phthalate:CAS-number:84-74-2",
      "Reach information (Article 33 (1)) : Article may contain : 1",
      "2-benzenedicarboxylic acid",
      "di-C6-8-branched alkyl esters",
      "C7-rich:CAS-number:71888-89-6",
      "Reach information (Article 33 (1)) : Article may contain : 1-methyl-2-pyrrolidone:CAS-number:872-50-4",
      "Reach information (Article 33 (1)) : Article may contain : Chromic acid:CAS-number:7738-94-5",
      "Reach information (Article 33 (1)) : Article may contain : 2",
      "4-di-tert-butyl-6-(5-chlorobenzotriazol-2-yl)phenol:CAS-number:3864-99-1",
      "Reach information (Article 33 (1)) : Article may contain : 2-Ethoxyethanol:CAS-number:110-80-5",
      "Reach information (Article 33 (1)) : Article may contain : Lead sulfochromate yellow:CAS-number:1344-37-2",
      "Reach information (Article 33 (1)) : Article may contain : Strontium chromate:CAS-number:7789-06-2",
      "Reach information (Article 33 (1)) : Article may contain : Cobalt sulfate:CAS-number:10124-43-3",
      "Reach information (Article 33 (1)) : Article may contain : Nonylphenol",
      "branched",
      "ethoxylated:CAS-number:68412-54-4",
      "Reach information (Article 33 (1)) : Article may contain : N",
      "N-Dimethylacetamide:CAS-number:127-19-5",
      "Reach information (Article 33 (1)) : Article may contain : Trichloroethylene:CAS-number:79-01-6",
      "Reach information (Article 33 (1)) : Article may contain : disodium tetraborate",
      "anhydrous:CAS-number:1330-43-4",
      "Reach information (Article 33 (1)) : Article may contain : diarsenic trioxide:CAS-number:1327-53-3",
      "Reach information (Article 33 (1)) : Article may contain : Propylene oxide:CAS-number:75-56-9",
      "Reach information (Article 33 (1)) : Article may contain : Benzo(a)pyrene:CAS-number:50-32-8",
      "Reach information (Article 33 (1)) : Article may contain : Tetralead trioxide sulphate:CAS-number:12202-17-4",
      "Reach information (Article 33 (1)) : Article may contain : Formaldehyde",
      "oligomeric reaction products with aniline:CAS-number:25214-70-4",
      "Reach information (Article 33 (1)) : Article may contain : orange lead:CAS-number:1314-41-6",
      "Reach information (Article 33 (1)) : Article may contain : Octamethylcyclotetrasiloxane:CAS-number:556-67-2",
      "Reach information (Article 33 (1)) : Article may contain : cobalt dichloride:CAS-number:7646-79-9",
      "Reach information (Article 33 (1)) : Article may contain : 2-(2H-​Benzotriazol-​2-​yl)​-​4",
      "6-​di-tert-pentylphenol:CAS-number:25973-55-1",
      "Reach information (Article 33 (1)) : Article may contain : Lead Zirconium Titanium Oxide:CAS-number:12626-81-2",
      "Reach information (Article 33 (1)) : Article may contain : Nonylphenoxypoly(ethyleneoxy)ethanol:CAS-number:9016-45-9",
      "Reach information (Article 33 (1)) : Article may contain : Refractories",
      "fibers",
      "aluminosilicate:CAS-number:142844-00-6",
      "Reach information (Article 33 (1)) : Article may contain : 2-Imidazolidinethione:CAS-number:96-45-7",
      "Reach information (Article 33 (1)) : Article may contain : 2-(2-",
      "4-(1,1,3,3-Tetramethylbutyl)phenoxy",
      "ethoxy)ethanol:CAS-number:9036-19-5",
      "Reach information (Article 33 (1)) : Article may contain : Decabromodiphenyl ether:CAS-number:1163-19-5",
      "Reach information (Article 33 (1)) : Article may contain : Diazene-1",
      "2-dicarboxamide:CAS-number:123-77-3",
      "Reach information (Article 33 (1)) : Article may contain : chromium trioxide:CAS-number:1333-82-0",
      "Reach information (Article 33 (1)) : Article may contain : Lead monoxide:CAS-number:1317-36-8",
      "Reach information (Article 33 (1)) : Article may contain : Bis(2-ethylhexyl) phthalate:CAS-number:117-81-7"
    ],
    "history": [],
    "positions": [
      {
        "x": 1461,
        "y": 453
      }
    ]
  },
  {
    "call": 2,
    "part": "(13260369)",
    "desc": "PLUG,35MM DIA. (NLS.- USE YR00182880)",
    "usage": "",
    "qty": "AR",
    "range": "",
    "reach": [
      "Reach information (Article 33 (1)) : Article may contain : Hexahydrophthalic anhydride:CAS-number:85-42-7",
      "Reach information (Article 33 (1)) : Article may contain : Dibutyl phthalate:CAS-number:84-74-2",
      "Reach information (Article 33 (1)) : Article may contain : 1",
      "2-benzenedicarboxylic acid",
      "di-C6-8-branched alkyl esters",
      "C7-rich:CAS-number:71888-89-6",
      "Reach information (Article 33 (1)) : Article may contain : 1-methyl-2-pyrrolidone:CAS-number:872-50-4",
      "Reach information (Article 33 (1)) : Article may contain : Chromic acid:CAS-number:7738-94-5",
      "Reach information (Article 33 (1)) : Article may contain : 2",
      "4-di-tert-butyl-6-(5-chlorobenzotriazol-2-yl)phenol:CAS-number:3864-99-1",
      "Reach information (Article 33 (1)) : Article may contain : 2-Ethoxyethanol:CAS-number:110-80-5",
      "Reach information (Article 33 (1)) : Article may contain : Lead sulfochromate yellow:CAS-number:1344-37-2",
      "Reach information (Article 33 (1)) : Article may contain : Strontium chromate:CAS-number:7789-06-2",
      "Reach information (Article 33 (1)) : Article may contain : Cobalt sulfate:CAS-number:10124-43-3",
      "Reach information (Article 33 (1)) : Article may contain : Nonylphenol",
      "branched",
      "ethoxylated:CAS-number:68412-54-4",
      "Reach information (Article 33 (1)) : Article may contain : N",
      "N-Dimethylacetamide:CAS-number:127-19-5",
      "Reach information (Article 33 (1)) : Article may contain : Trichloroethylene:CAS-number:79-01-6",
      "Reach information (Article 33 (1)) : Article may contain : disodium tetraborate",
      "anhydrous:CAS-number:1330-43-4",
      "Reach information (Article 33 (1)) : Article may contain : diarsenic trioxide:CAS-number:1327-53-3",
      "Reach information (Article 33 (1)) : Article may contain : Propylene oxide:CAS-number:75-56-9",
      "Reach information (Article 33 (1)) : Article may contain : Benzo(a)pyrene:CAS-number:50-32-8",
      "Reach information (Article 33 (1)) : Article may contain : Tetralead trioxide sulphate:CAS-number:12202-17-4",
      "Reach information (Article 33 (1)) : Article may contain : Formaldehyde",
      "oligomeric reaction products with aniline:CAS-number:25214-70-4",
      "Reach information (Article 33 (1)) : Article may contain : orange lead:CAS-number:1314-41-6",
      "Reach information (Article 33 (1)) : Article may contain : Octamethylcyclotetrasiloxane:CAS-number:556-67-2",
      "Reach information (Article 33 (1)) : Article may contain : cobalt dichloride:CAS-number:7646-79-9",
      "Reach information (Article 33 (1)) : Article may contain : 2-(2H-​Benzotriazol-​2-​yl)​-​4",
      "6-​di-tert-pentylphenol:CAS-number:25973-55-1",
      "Reach information (Article 33 (1)) : Article may contain : Lead Zirconium Titanium Oxide:CAS-number:12626-81-2",
      "Reach information (Article 33 (1)) : Article may contain : Nonylphenoxypoly(ethyleneoxy)ethanol:CAS-number:9016-45-9",
      "Reach information (Article 33 (1)) : Article may contain : Refractories",
      "fibers",
      "aluminosilicate:CAS-number:142844-00-6",
      "Reach information (Article 33 (1)) : Article may contain : 2-Imidazolidinethione:CAS-number:96-45-7",
      "Reach information (Article 33 (1)) : Article may contain : 2-(2-",
      "4-(1,1,3,3-Tetramethylbutyl)phenoxy",
      "ethoxy)ethanol:CAS-number:9036-19-5",
      "Reach information (Article 33 (1)) : Article may contain : Decabromodiphenyl ether:CAS-number:1163-19-5",
      "Reach information (Article 33 (1)) : Article may contain : Diazene-1",
      "2-dicarboxamide:CAS-number:123-77-3",
      "Reach information (Article 33 (1)) : Article may contain : chromium trioxide:CAS-number:1333-82-0",
      "Reach information (Article 33 (1)) : Article may contain : Lead monoxide:CAS-number:1317-36-8",
      "Reach information (Article 33 (1)) : Article may contain : Bis(2-ethylhexyl) phthalate:CAS-number:117-81-7"
    ],
    "history": [
      {
        "part": "13260369",
        "desc": "PLUG,35MM DIA. (NLS.- USE YR00182880)"
      },
      {
        "part": "YR00182880",
        "desc": "PLUG,35MM DIA."
      }
    ],
    "positions": [
      {
        "x": 1846,
        "y": 460
      }
    ]
  },
  {
    "call": 3,
    "part": "24438285",
    "desc": "FOIL,ADHESIVE,35MM DIA.",
    "usage": "",
    "qty": "AR",
    "range": "",
    "reach": [
      "Reach information (Article 33 (1)) : Article may contain : Hexabromocyclododecane:CAS-number:25637-99-4",
      "Reach information (Article 33 (1)) : Article may contain : Boric acid:CAS-number:10043-35-3",
      "Reach information (Article 33 (1)) : Article may contain : 2-(2H-​Benzotriazol-​2-​yl)​-​4",
      "6-​di-tert-pentylphenol:CAS-number:25973-55-1",
      "Reach information (Article 33 (1)) : Article may contain : Diisobutyl phthalate:CAS-number:84-69-5",
      "Reach information (Article 33 (1)) : Article may contain : Refractories",
      "fibers",
      "aluminosilicate:CAS-number:142844-00-6",
      "Reach information (Article 33 (1)) : Article may contain : Diazene-1",
      "2-dicarboxamide:CAS-number:123-77-3",
      "Reach information (Article 33 (1)) : Article may contain : Bis(2-ethylhexyl) phthalate:CAS-number:117-81-7"
    ],
    "history": [],
    "positions": [
      {
        "x": 2052,
        "y": 824
      }
    ]
  },
  {
    "call": 4,
    "part": "90497185",
    "desc": "PLUG (EXC.SUN ROOF)",
    "usage": "",
    "qty": "2",
    "reach": [
      "Reach information (Article 33 (1)) : Article may contain : Dibutyl phthalate:CAS-number:84-74-2",
      "Reach information (Article 33 (1)) : Article may contain : Cobalt(II) nitrate:CAS-number:10141-05-6",
      "Reach information (Article 33 (1)) : Article may contain : Cobalt sulfate:CAS-number:10124-43-3",
      "Reach information (Article 33 (1)) : Article may contain : Propylene oxide:CAS-number:75-56-9",
      "Reach information (Article 33 (1)) : Article may contain : cobalt dichloride:CAS-number:7646-79-9",
      "Reach information (Article 33 (1)) : Article may contain : 2-(2-",
      "4-(1,1,3,3-Tetramethylbutyl)phenoxy",
      "ethoxy)ethanol:CAS-number:9036-19-5",
      "Reach information (Article 33 (1)) : Article may contain : Diazene-1",
      "2-dicarboxamide:CAS-number:123-77-3",
      "Reach information (Article 33 (1)) : Article may contain : chromium trioxide:CAS-number:1333-82-0",
      "Reach information (Article 33 (1)) : Article may contain : Bis(2-ethylhexyl) phthalate:CAS-number:117-81-7"
    ],
    "history": [],
    "range": "",
    "positions": [
      {
        "x": 1878,
        "y": 1855
      }
    ]
  },
  {
    "call": 5,
    "part": "20814889",
    "desc": "PLUG,HOSE,WATER DRAIN (EXCEPT AIR CONDITIONING OR CLIMATE CONTROL)",
    "usage": "",
    "qty": "",
    "range": "",
    "reach": [
      "Reach information (Article 33 (1)) : Article may contain : Hexahydrophthalic anhydride:CAS-number:85-42-7",
      "Reach information (Article 33 (1)) : Article may contain : Dibutyl phthalate:CAS-number:84-74-2",
      "Reach information (Article 33 (1)) : Article may contain : Chromic acid:CAS-number:7738-94-5",
      "Reach information (Article 33 (1)) : Article may contain : 2",
      "4-di-tert-butyl-6-(5-chlorobenzotriazol-2-yl)phenol:CAS-number:3864-99-1",
      "Reach information (Article 33 (1)) : Article may contain : Lead sulfochromate yellow:CAS-number:1344-37-2",
      "Reach information (Article 33 (1)) : Article may contain : Strontium chromate:CAS-number:7789-06-2",
      "Reach information (Article 33 (1)) : Article may contain : Cobalt sulfate:CAS-number:10124-43-3",
      "Reach information (Article 33 (1)) : Article may contain : Nonylphenol",
      "branched",
      "ethoxylated:CAS-number:68412-54-4",
      "Reach information (Article 33 (1)) : Article may contain : N",
      "N-Dimethylacetamide:CAS-number:127-19-5",
      "Reach information (Article 33 (1)) : Article may contain : Trichloroethylene:CAS-number:79-01-6",
      "Reach information (Article 33 (1)) : Article may contain : disodium tetraborate",
      "anhydrous:CAS-number:1330-43-4",
      "Reach information (Article 33 (1)) : Article may contain : diarsenic trioxide:CAS-number:1327-53-3",
      "Reach information (Article 33 (1)) : Article may contain : Propylene oxide:CAS-number:75-56-9",
      "Reach information (Article 33 (1)) : Article may contain : Benzo(a)pyrene:CAS-number:50-32-8",
      "Reach information (Article 33 (1)) : Article may contain : Tetralead trioxide sulphate:CAS-number:12202-17-4",
      "Reach information (Article 33 (1)) : Article may contain : Formaldehyde",
      "oligomeric reaction products with aniline:CAS-number:25214-70-4",
      "Reach information (Article 33 (1)) : Article may contain : orange lead:CAS-number:1314-41-6",
      "Reach information (Article 33 (1)) : Article may contain : Octamethylcyclotetrasiloxane:CAS-number:556-67-2",
      "Reach information (Article 33 (1)) : Article may contain : cobalt dichloride:CAS-number:7646-79-9",
      "Reach information (Article 33 (1)) : Article may contain : 2-(2H-​Benzotriazol-​2-​yl)​-​4",
      "6-​di-tert-pentylphenol:CAS-number:25973-55-1",
      "Reach information (Article 33 (1)) : Article may contain : Lead Zirconium Titanium Oxide:CAS-number:12626-81-2",
      "Reach information (Article 33 (1)) : Article may contain : Nonylphenoxypoly(ethyleneoxy)ethanol:CAS-number:9016-45-9",
      "Reach information (Article 33 (1)) : Article may contain : Refractories",
      "fibers",
      "aluminosilicate:CAS-number:142844-00-6",
      "Reach information (Article 33 (1)) : Article may contain : 2-Imidazolidinethione:CAS-number:96-45-7",
      "Reach information (Article 33 (1)) : Article may contain : 2-(2-",
      "4-(1,1,3,3-Tetramethylbutyl)phenoxy",
      "ethoxy)ethanol:CAS-number:9036-19-5",
      "Reach information (Article 33 (1)) : Article may contain : Decabromodiphenyl ether:CAS-number:1163-19-5",
      "Reach information (Article 33 (1)) : Article may contain : Diazene-1",
      "2-dicarboxamide:CAS-number:123-77-3",
      "Reach information (Article 33 (1)) : Article may contain : chromium trioxide:CAS-number:1333-82-0",
      "Reach information (Article 33 (1)) : Article may contain : Lead monoxide:CAS-number:1317-36-8",
      "Reach information (Article 33 (1)) : Article may contain : Bis(2-ethylhexyl) phthalate:CAS-number:117-81-7"
    ],
    "history": [],
    "positions": [
      {
        "x": 1887,
        "y": 2214
      }
    ]
  },
  {
    "call": 7,
    "hidden": true,
    "link": {
      "section": "A",
      "subsection": "1",
      "detail": "2",
      "call": 7
    },
    "positions": [
      {
        "x": 1195,
        "y": 1825
      }
    ],
    "usage": "",
    "range": "",
    "qty": "",
    "reach": [],
    "history": []
  },
  {
    "call": 6,
    "hidden": true,
    "link": {
      "section": "A",
      "subsection": "1",
      "detail": "2",
      "call": 6
    },
    "usage": "",
    "range": "",
    "qty": "",
    "reach": [],
    "history": [],
    "positions": [
      {
        "x": 1113,
        "y": 1658
      }
    ]
  }
]