[
  {
    "call": "3",
    "part": "9200139",
    "desc": "PAINT,AEROSOL SPRAY,FIFTIES GREEN (PAINT CODE L386) (2 COAT) (NLS.- NO REPLACEMENT PART)",
    "usage": "",
    "range": "",
    "qty": "AR",
    "positions": [
      {
        "x": 417,
        "y": 1279
      }
    ],
    "reach": [],
    "history": []
  },
  {
    "call": "4",
    "part": "93165351",
    "desc": "PAINT,AEROSOL SPRAY,PEARL WHITE (11U) (2 COAT) (NLS.- NO REPLACEMENT PART)",
    "usage": "",
    "range": "",
    "qty": "AR",
    "positions": [
      {
        "x": 625,
        "y": 2123
      }
    ],
    "reach": [],
    "history": []
  },
  {
    "call": "4",
    "part": "93165323",
    "desc": "PAINT,AEROSOL SPRAY,SUNNY MELON (PAINT CODE 40Q) (2 COAT)",
    "usage": "",
    "range": "",
    "qty": "AR",
    "positions": [],
    "reach": [],
    "history": []
  },
  {
    "call": "4",
    "part": "93165323",
    "desc": "PAINT,AEROSOL SPRAY,JAMES BLONDE (PAINT CODE 40Q) (2 COAT)",
    "usage": "",
    "range": "",
    "qty": "AR",
    "positions": [],
    "reach": [],
    "history": []
  },
  {
    "call": "4",
    "part": "93165325",
    "desc": "PAINT,AEROSOL SPRAY,SANDDRIFT GREY (79U) (2 COAT) (NLS.- NO REPLACEMENT PART)",
    "usage": "",
    "range": "",
    "qty": "AR",
    "positions": [],
    "reach": [],
    "history": []
  },
  {
    "call": "4",
    "part": "93165327",
    "desc": "PAINT,AEROSOL SPRAY,NICKEL SILVER (92U) (2 COAT) (NLS.- NO REPLACEMENT PART)",
    "usage": "",
    "range": "",
    "qty": "AR",
    "positions": [],
    "reach": [],
    "history": []
  },
  {
    "call": "4",
    "part": "93165329",
    "desc": "PAINT,AEROSOL SPRAY,GRANADA BLACK (83L) (2 COAT) (NLS.- NO REPLACEMENT PART)",
    "usage": "",
    "range": "",
    "qty": "AR",
    "positions": [],
    "reach": [],
    "history": []
  },
  {
    "call": "4",
    "part": "93165580",
    "desc": "PAINT,AEROSOL SPRAY,CARBON FLASH (2 COAT) (22C)",
    "usage": "",
    "range": "",
    "qty": "AR",
    "positions": [],
    "reach": [],
    "history": []
  },
  {
    "call": "4",
    "part": "93165580",
    "desc": "PAINT,AEROSOL SPRAY,I'LL BE BLACK (2 COAT) (22C)",
    "usage": "",
    "range": "",
    "qty": "AR",
    "positions": [],
    "reach": [],
    "history": []
  },
  {
    "call": "4",
    "part": "93165331",
    "desc": "PAINT,AEROSOL SPRAY,SLATE BLUE (88U) (2 COAT) (NLS.- NO REPLACEMENT PART)",
    "usage": "",
    "range": "",
    "qty": "AR",
    "positions": [],
    "reach": [],
    "history": []
  },
  {
    "call": "4",
    "part": "90140128",
    "desc": "PAINT,AEROSOL SPRAY,ANTHRACITE (PAINT CODE L107) (2 COAT) (NLS.- NO REPLACEMENT PART)",
    "usage": "",
    "range": "",
    "qty": "AR",
    "positions": [],
    "reach": [],
    "history": []
  },
  {
    "call": "4",
    "part": "90093855",
    "desc": "PAINT,AEROSOL SPRAY,ASTRO SILVER (PAINT CODE L128) (2 COAT) (NLS.- NO REPLACEMENT PART)",
    "usage": "",
    "range": "",
    "qty": "AR",
    "positions": [],
    "reach": [],
    "history": []
  },
  {
    "call": "4",
    "part": "90350147",
    "desc": "PAINT,AEROSOL SPRAY,REMBRANDT SILVER (PAINT CODE L137) (2 COAT) (NLS.- NO REPLACEMENT PART)",
    "usage": "",
    "range": "",
    "qty": "AR",
    "positions": [],
    "reach": [],
    "history": []
  },
  {
    "call": "4",
    "part": "90487739",
    "desc": "PAINT,AEROSOL SPRAY,MAGIC GREY (PAINT CODE L144) (2 COAT)",
    "usage": "",
    "range": "",
    "qty": "AR",
    "positions": [],
    "reach": [],
    "history": []
  },
  {
    "call": "4",
    "part": "90540073",
    "desc": "PAINT,AEROSOL SPRAY,OLIVE GREY (PAINT CODE L146) (2 COAT)",
    "usage": "",
    "range": "",
    "qty": "AR",
    "positions": [],
    "reach": [],
    "history": []
  },
  {
    "call": "4",
    "part": "90543055",
    "desc": "PAINT,AEROSOL SPRAY,STAR SILVER II (PAINT CODE L147) (2 COAT) (NLS.- NO REPLACEMENT PART)",
    "usage": "",
    "range": "",
    "qty": "AR",
    "positions": [],
    "reach": [],
    "history": []
  },
  {
    "call": "4",
    "part": "90542805",
    "desc": "PAINT,AEROSOL SPRAY,DIAMOND SILVER (PAINT CODE L148) (2 COAT)",
    "usage": "",
    "range": "",
    "qty": "AR",
    "positions": [],
    "reach": [],
    "history": []
  },
  {
    "call": "4",
    "part": "9119207",
    "desc": "PAINT,AEROSOL SPRAY,MIRAGE (PAINT CODE L151) (94L) (2 COAT)",
    "usage": "",
    "range": "",
    "qty": "AR",
    "positions": [],
    "reach": [],
    "history": []
  },
  {
    "call": "4",
    "part": "9200106",
    "desc": "PAINT,AEROSOL SPRAY,MOONLAND (PAINT CODE L155) (2 COAT)",
    "usage": "",
    "range": "",
    "qty": "AR",
    "positions": [],
    "reach": [],
    "history": []
  },
  {
    "call": "4",
    "part": "9200118",
    "desc": "PAINT,AEROSOL SPRAY,STAR SILVER III (PAINT CODE L157) (2 COAT)",
    "usage": "",
    "range": "",
    "qty": "AR",
    "positions": [],
    "reach": [],
    "history": []
  },
  {
    "call": "4",
    "part": "93160513",
    "desc": "PAINT,AEROSOL SPRAY,SILVER LIGHTNING (PAINT CODE L163) (2 COAT)",
    "usage": "",
    "range": "",
    "qty": "AR",
    "positions": [],
    "reach": [],
    "history": []
  },
  {
    "call": "4",
    "part": "90167724",
    "desc": "PAINT,AEROSOL SPRAY,HELIOS BLUE (PAINT CODE L201) (2 COAT) (NLS.- NO REPLACEMENT PART)",
    "usage": "",
    "range": "",
    "qty": "AR",
    "positions": [],
    "reach": [],
    "history": []
  },
  {
    "call": "4",
    "part": "90093856",
    "desc": "PAINT,AEROSOL SPRAY,AQUAMARINE BLUE (PAINT CODE L221) (2 COAT) (NLS.- NO REPLACEMENT PART)",
    "usage": "",
    "range": "",
    "qty": "AR",
    "positions": [],
    "reach": [],
    "history": []
  },
  {
    "call": "4",
    "part": "90295939",
    "desc": "PAINT,AEROSOL SPRAY,LASER BLUE (PAINT CODE L257) (2 COAT) (NLS.- NO REPLACEMENT PART)",
    "usage": "",
    "range": "",
    "qty": "AR",
    "positions": [],
    "reach": [],
    "history": []
  },
  {
    "call": "4",
    "part": "90295197",
    "desc": "PAINT,AEROSOL SPRAY,PEARL BLUE (PAINT CODE L258) (2 COAT) (NLS.- NO REPLACEMENT PART)",
    "usage": "",
    "range": "",
    "qty": "AR",
    "positions": [],
    "reach": [],
    "history": []
  },
  {
    "call": "4",
    "part": "90297738",
    "desc": "PAINT,AEROSOL SPRAY,IBIZA BLUE (PAINT CODE L261) (2 COAT)",
    "usage": "",
    "range": "",
    "qty": "AR",
    "positions": [],
    "reach": [],
    "history": []
  },
  {
    "call": "4",
    "part": "90350144",
    "desc": "PAINT,AEROSOL SPRAY,BAICAL BLUE (PAINT CODE L262) (2 COAT) (NLS.- NO REPLACEMENT PART)",
    "usage": "",
    "range": "",
    "qty": "AR",
    "positions": [],
    "reach": [],
    "history": []
  },
  {
    "call": "4",
    "part": "90348989",
    "desc": "PAINT,AEROSOL SPRAY,COBALT BLUE (PAINT CODE L263) (2 COAT) (NLS.- NO REPLACEMENT PART)",
    "usage": "",
    "range": "",
    "qty": "AR",
    "positions": [],
    "reach": [],
    "history": []
  },
  {
    "call": "4",
    "part": "90397032",
    "desc": "PAINT,AEROSOL SPRAY,VIOLET (PAINT CODE L265) (2 COAT)",
    "usage": "",
    "range": "",
    "qty": "AR",
    "positions": [],
    "reach": [],
    "history": []
  },
  {
    "call": "4",
    "part": "90509262",
    "desc": "PAINT,AEROSOL SPRAY,CASABLANCA WHITE (PAINT CODE L474) (2 COAT) (NLS.- NO REPLACEMENT PART)",
    "usage": "",
    "range": "",
    "qty": "AR",
    "positions": [],
    "reach": [],
    "history": []
  },
  {
    "call": "4",
    "part": "9200268",
    "desc": "PAINT,AEROSOL SPRAY,KINGS BLUE (PAINT CODE L269) (2 COAT) (NLS.- NO REPLACEMENT PART)",
    "usage": "",
    "range": "",
    "qty": "AR",
    "positions": [],
    "reach": [],
    "history": []
  },
  {
    "call": "4",
    "part": "90421952",
    "desc": "PAINT,AEROSOL SPRAY,SPECTRAL BLUE (PAINT CODE L270) (2 COAT)",
    "usage": "",
    "range": "",
    "qty": "AR",
    "positions": [],
    "reach": [],
    "history": []
  },
  {
    "call": "4",
    "part": "90421954",
    "desc": "PAINT,AEROSOL SPRAY,LAGOON BLUE (PAINT CODE L271) (2 COAT)",
    "usage": "",
    "range": "",
    "qty": "AR",
    "positions": [],
    "reach": [],
    "history": []
  },
  {
    "call": "4",
    "part": "90443666",
    "desc": "PAINT,AEROSOL SPRAY,FROST BLUE (PAINT CODE L274) (2 COAT)",
    "usage": "",
    "range": "",
    "qty": "AR",
    "positions": [],
    "reach": [],
    "history": []
  },
  {
    "call": "4",
    "part": "90443967",
    "desc": "PAINT,AEROSOL SPRAY,CARIBIC BLUE (PAINT CODE L277) (2 COAT)",
    "usage": "",
    "range": "",
    "qty": "AR",
    "positions": [],
    "reach": [],
    "history": []
  },
  {
    "call": "4",
    "part": "90443539",
    "desc": "PAINT,AEROSOL SPRAY,PACIFIC BLUE (PAINT CODE L278) (2 COAT) (NLS.- NO REPLACEMENT PART)",
    "usage": "",
    "range": "",
    "qty": "AR",
    "positions": [],
    "reach": [],
    "history": []
  },
  {
    "call": "4",
    "part": "90443972",
    "desc": "PAINT,AEROSOL SPRAY,HIGH VOLTAGE (PAINT CODE L279) (2 COAT)",
    "usage": "",
    "range": "",
    "qty": "AR",
    "positions": [],
    "reach": [],
    "history": []
  },
  {
    "call": "4",
    "part": "90487436",
    "desc": "PAINT,AEROSOL SPRAY,POLAR SEA BLUE (PAINT CODE L282) (13L) (2 COAT)",
    "usage": "",
    "range": "",
    "qty": "AR",
    "positions": [],
    "reach": [],
    "history": []
  },
  {
    "call": "4",
    "part": "90010329",
    "desc": "PAINT,AEROSOL SPRAY,PLATINUM (PAINT CODE L112) (2 COAT)",
    "usage": "",
    "range": "",
    "qty": "AR",
    "positions": [],
    "reach": [],
    "history": []
  },
  {
    "call": "4",
    "part": "90512272",
    "desc": "PAINT,AEROSOL SPRAY,ATLANTIS BLUE (PAINT CODE L285) (2 COAT) (NLS.- NO REPLACEMENT PART)",
    "usage": "",
    "range": "",
    "qty": "AR",
    "positions": [],
    "reach": [],
    "history": []
  },
  {
    "call": "4",
    "part": "90510534",
    "desc": "PAINT,AEROSOL SPRAY,CERAMIC BLUE (PAINT CODE L286) (2 COAT)",
    "usage": "",
    "range": "",
    "qty": "AR",
    "positions": [],
    "reach": [],
    "history": []
  },
  {
    "call": "4",
    "part": "90512094",
    "desc": "PAINT,AEROSOL SPRAY,MAGNETIC BLUE (PAINT CODE L288) (2 COAT)",
    "usage": "",
    "range": "",
    "qty": "AR",
    "positions": [],
    "reach": [],
    "history": []
  },
  {
    "call": "4",
    "part": "90542790",
    "desc": "PAINT,AEROSOL SPRAY,GLACIER WHITE (PAINT CODE L289) (2 COAT)",
    "usage": "",
    "range": "",
    "qty": "AR",
    "positions": [],
    "reach": [],
    "history": []
  },
  {
    "call": "4",
    "part": "90540078",
    "desc": "PAINT,AEROSOL SPRAY,NORTH CAPE (PAINT CODE L290) (2 COAT)",
    "usage": "",
    "range": "",
    "qty": "AR",
    "positions": [],
    "reach": [],
    "history": []
  },
  {
    "call": "4",
    "part": "90542465",
    "desc": "PAINT,AEROSOL SPRAY,ARDEN BLUE,LET IT BLUE (PAINT CODE L291) (2 COAT)",
    "usage": "",
    "range": "",
    "qty": "AR",
    "positions": [],
    "reach": [],
    "history": []
  },
  {
    "call": "4",
    "part": "90543780",
    "desc": "PAINT,AEROSOL SPRAY,PREMIUM BLUE (PAINT CODE L293) (2 COAT)",
    "usage": "",
    "range": "",
    "qty": "AR",
    "positions": [],
    "reach": [],
    "history": []
  },
  {
    "call": "4",
    "part": "90544081",
    "desc": "PAINT,AEROSOL SPRAY,EUROPE BLUE (PAINT CODE L294) (2 COAT)",
    "usage": "",
    "range": "",
    "qty": "AR",
    "positions": [],
    "reach": [],
    "history": []
  },
  {
    "call": "4",
    "part": "9120224",
    "desc": "PAINT,AEROSOL SPRAY,SEYCHELLES BLUE (PAINT CODE L295) (2 COAT) (NLS.- NO REPLACEMENT PART)",
    "usage": "",
    "range": "",
    "qty": "AR",
    "positions": [],
    "reach": [],
    "history": []
  },
  {
    "call": "4",
    "part": "9120286",
    "desc": "PAINT,AEROSOL SPRAY,MIDNIGHT BLACK (83L) (PAINT CODE L298) (2 COAT)",
    "usage": "",
    "range": "",
    "qty": "AR",
    "positions": [],
    "reach": [],
    "history": []
  },
  {
    "call": "4",
    "part": "9194976",
    "desc": "PAINT,AEROSOL SPRAY,PERSIA (PAINT CODE L299) (2 COAT)",
    "usage": "",
    "range": "",
    "qty": "AR",
    "positions": [],
    "reach": [],
    "history": []
  },
  {
    "call": "4",
    "part": "90093857",
    "desc": "PAINT,AEROSOL SPRAY,OPAL GREEN (PAINT CODE L323) (2 COAT) (NLS.- NO REPLACEMENT PART)",
    "usage": "",
    "range": "",
    "qty": "AR",
    "positions": [],
    "reach": [],
    "history": []
  },
  {
    "call": "4",
    "part": "90188226",
    "desc": "PAINT,AEROSOL SPRAY,BERYL GREEN (PAINT CODE L345) (2 COAT) (NLS.- NO REPLACEMENT PART)",
    "usage": "",
    "range": "",
    "qty": "AR",
    "positions": [],
    "reach": [],
    "history": []
  },
  {
    "call": "4",
    "part": "90297813",
    "desc": "PAINT,AEROSOL SPRAY,EMERALD GREEN (PAINT CODE L351) (2 COAT) (NLS.- NO REPLACEMENT PART)",
    "usage": "",
    "range": "",
    "qty": "AR",
    "positions": [],
    "reach": [],
    "history": []
  },
  {
    "call": "4",
    "part": "90350145",
    "desc": "PAINT,AEROSOL SPRAY,FLORIDA GREEN (PAINT CODE L353) (2 COAT) (NLS.- NO REPLACEMENT PART)",
    "usage": "",
    "range": "",
    "qty": "AR",
    "positions": [],
    "reach": [],
    "history": []
  },
  {
    "call": "4",
    "part": "90349794",
    "desc": "PAINT,AEROSOL SPRAY,PETROL BLUE (PAINT CODE L354) (2 COAT) (NLS.- NO REPLACEMENT PART)",
    "usage": "",
    "range": "",
    "qty": "AR",
    "positions": [],
    "reach": [],
    "history": []
  },
  {
    "call": "4",
    "part": "90444466",
    "desc": "PAINT,AEROSOL SPRAY,NEPTUNE TURQUOISE (PAINT CODE L357) (2 COAT)",
    "usage": "",
    "range": "",
    "qty": "AR",
    "positions": [],
    "reach": [],
    "history": []
  },
  {
    "call": "4",
    "part": "90443976",
    "desc": "PAINT,AEROSOL SPRAY,JUNGLE GREEN (PAINT CODE L359) (46L) (2 COAT)",
    "usage": "",
    "range": "",
    "qty": "AR",
    "positions": [],
    "reach": [],
    "history": []
  },
  {
    "call": "4",
    "part": "90510547",
    "desc": "PAINT,AEROSOL SPRAY,LIMA (PAINT CODE L360) (2 COAT) (NLS.- NO REPLACEMENT PART)",
    "usage": "",
    "range": "",
    "qty": "AR",
    "positions": [],
    "reach": [],
    "history": []
  },
  {
    "call": "4",
    "part": "90510423",
    "desc": "PAINT,AEROSOL SPRAY,GRAPHITE (PAINT CODE L363) (2 COAT)",
    "usage": "",
    "range": "",
    "qty": "AR",
    "positions": [],
    "reach": [],
    "history": []
  },
  {
    "call": "4",
    "part": "90512099",
    "desc": "PAINT,AEROSOL SPRAY,BERMUDA GREEN (PAINT CODE L366) (2 COAT)",
    "usage": "",
    "range": "",
    "qty": "AR",
    "positions": [],
    "reach": [],
    "history": []
  },
  {
    "call": "4",
    "part": "90540083",
    "desc": "PAINT,AEROSOL SPRAY,RIO VERDE (PAINT CODE L369) (2 COAT) (NLS.- NO REPLACEMENT PART)",
    "usage": "",
    "range": "",
    "qty": "AR",
    "positions": [],
    "reach": [],
    "history": []
  },
  {
    "call": "4",
    "part": "90540088",
    "desc": "PAINT,AEROSOL SPRAY,LIGHT KHAKI (PAINT CODE L370) (2 COAT) (NLS.- NO REPLACEMENT PART)",
    "usage": "",
    "range": "",
    "qty": "AR",
    "positions": [],
    "reach": [],
    "history": []
  },
  {
    "call": "4",
    "part": "93170636",
    "desc": "PAINT,AEROSOL SPRAY,OYSTER METALLIC (PAINT CODE L158) (2 COAT) (NLS.- NO REPLACEMENT PART)",
    "usage": "",
    "range": "",
    "qty": "AR",
    "positions": [],
    "reach": [],
    "history": []
  },
  {
    "call": "4",
    "part": "90543785",
    "desc": "PAINT,AEROSOL SPRAY,CLASSIC GREEN (PAINT CODE L374) (2 COAT)",
    "usage": "",
    "range": "",
    "qty": "AR",
    "positions": [],
    "reach": [],
    "history": []
  },
  {
    "call": "4",
    "part": "93160957",
    "desc": "PAINT,AEROSOL SPRAY,LILAC (PAINT CODE L166) (2 COAT) (NLS.- NO REPLACEMENT PART)",
    "usage": "",
    "range": "",
    "qty": "AR",
    "positions": [],
    "reach": [],
    "history": []
  },
  {
    "call": "4",
    "part": "90010330",
    "desc": "PAINT,AEROSOL SPRAY,STEEL GREY (PAINT CODE L114) (2 COAT)",
    "usage": "",
    "range": "",
    "qty": "AR",
    "positions": [],
    "reach": [],
    "history": []
  },
  {
    "call": "4",
    "part": "93160953",
    "desc": "PAINT,AEROSOL SPRAY,AMYTHYST (PAINT CODE L165) (2 COAT) (NLS.- NO REPLACEMENT PART)",
    "usage": "",
    "range": "",
    "qty": "AR",
    "positions": [],
    "reach": [],
    "history": []
  },
  {
    "call": "4",
    "part": "93165165",
    "desc": "PAINT,AEROSOL SPRAY,PANNACOTTA (PAINT CODE L167) (2 COAT)",
    "usage": "",
    "range": "",
    "qty": "AR",
    "positions": [],
    "reach": [],
    "history": []
  },
  {
    "call": "4",
    "part": "90442742",
    "desc": "PAINT,AEROSOL SPRAY,SMOKE GREY (PAINT CODE L140) (2 COAT)",
    "usage": "",
    "range": "",
    "qty": "AR",
    "positions": [],
    "reach": [],
    "history": []
  },
  {
    "call": "4",
    "part": "93160965",
    "desc": "PAINT,AEROSOL SPRAY,AIR BLUE (PAINT CODE 21C) (2 COAT) (NLS.- NO REPLACEMENT PART)",
    "usage": "",
    "range": "",
    "qty": "AR",
    "positions": [],
    "reach": [],
    "history": []
  },
  {
    "call": "4",
    "part": "93160969",
    "desc": "PAINT,AEROSOL SPRAY,PANORAMA BLUE (PAINT CODE 21E) (2 COAT) (NLS.- NO REPLACEMENT PART)",
    "usage": "",
    "range": "",
    "qty": "AR",
    "positions": [],
    "reach": [],
    "history": []
  },
  {
    "call": "4",
    "part": "93160981",
    "desc": "PAINT,AEROSOL SPRAY,SARDINIA BLUE (PAINT CODE 21D) (2 COAT) (BERTONE) (NLS.- NO REPLACEMENT PART)",
    "usage": "",
    "range": "",
    "qty": "AR",
    "positions": [],
    "reach": [],
    "history": []
  },
  {
    "call": "4",
    "part": "93160977",
    "desc": "PAINT,AEROSOL SPRAY,PAPYRUS (PAINT CODE 40H) (2 COAT) (NLS.- NO REPLACEMENT PART)",
    "usage": "",
    "range": "",
    "qty": "AR",
    "positions": [],
    "reach": [],
    "history": []
  },
  {
    "call": "4",
    "part": "90010328",
    "desc": "PAINT,AEROSOL SPRAY,ORIENTAL BLUE (PAINT CODE L248) (2 COAT) (NLS.- NO REPLACEMENT PART)",
    "usage": "",
    "range": "",
    "qty": "AR",
    "positions": [],
    "reach": [],
    "history": []
  },
  {
    "call": "4",
    "part": "90010197",
    "desc": "PAINT,AEROSOL SPRAY,MONACO BLUE (PAINT CODE L249) (2 COAT)",
    "usage": "",
    "range": "",
    "qty": "AR",
    "positions": [],
    "reach": [],
    "history": []
  },
  {
    "call": "4",
    "part": "90397035",
    "desc": "PAINT,AEROSOL SPRAY,NOVA BLACK (PAINT CODE L266) (2 COAT) (NLS.- NO REPLACEMENT PART)",
    "usage": "",
    "range": "",
    "qty": "AR",
    "positions": [],
    "reach": [],
    "history": []
  },
  {
    "call": "4",
    "part": "90487201",
    "desc": "PAINT,AEROSOL SPRAY,NAUTILUS BLUE (PAINT CODE L283) (2 COAT) (NLS.- NO REPLACEMENT PART)",
    "usage": "",
    "range": "",
    "qty": "AR",
    "positions": [],
    "reach": [],
    "history": []
  },
  {
    "call": "4",
    "part": "90444285",
    "desc": "PAINT,AEROSOL SPRAY,CARBON BLACK (PAINT CODE L280) (2 COAT) (BERTONE)",
    "usage": "",
    "range": "",
    "qty": "AR",
    "positions": [],
    "reach": [],
    "history": []
  },
  {
    "call": "4",
    "part": "93165083",
    "desc": "PAINT,AEROSOL SPRAY,OLYMPIA BLUE (PAINT CODE 21K) (2 COAT) (NLS.- NO REPLACEMENT PART)",
    "usage": "",
    "range": "",
    "qty": "AR",
    "positions": [],
    "reach": [],
    "history": []
  },
  {
    "call": "4",
    "part": "93165173",
    "desc": "PAINT,AEROSOL SPRAY,ANTIGUA BAY (PAINT CODE 21P) (2 COAT) (NLS.- NO REPLACEMENT PART)",
    "usage": "",
    "range": "",
    "qty": "AR",
    "positions": [],
    "reach": [],
    "history": []
  },
  {
    "call": "4",
    "part": "90272305",
    "desc": "PAINT,AEROSOL SPRAY,BRONZE BROWN (PAINT CODE L471) (2 COAT) (NLS.- NO REPLACEMENT PART)",
    "usage": "",
    "range": "",
    "qty": "AR",
    "positions": [],
    "reach": [],
    "history": []
  },
  {
    "call": "4",
    "part": "93160985",
    "desc": "PAINT,AEROSOL SPRAY,SUNRISE ORANGE (PAINT CODE L598) (2 COAT) (NLS.- NO REPLACEMENT PART)",
    "usage": "",
    "range": "",
    "qty": "AR",
    "positions": [],
    "reach": [],
    "history": []
  },
  {
    "call": "4",
    "part": "93165229",
    "desc": "PAINT,AEROSOL SPRAY,BLUE VERDE (PAINT CODE 30D) (2 COAT) (NLS.- NO REPLACEMENT PART)",
    "usage": "",
    "range": "",
    "qty": "AR",
    "positions": [],
    "reach": [],
    "history": []
  },
  {
    "call": "4",
    "part": "93165120",
    "desc": "PAINT,AEROSOL SPRAY,ROBO GREEN (PAINT CODE 30B) (2 COAT) (NLS.- NO REPLACEMENT PART)",
    "usage": "",
    "range": "",
    "qty": "AR",
    "positions": [],
    "reach": [],
    "history": []
  },
  {
    "call": "4",
    "part": "93165279",
    "desc": "PAINT,AEROSOL SPRAY,GREEN TEA (PAINT CODE 30E) (OP30E) (2 COAT) (NLS.- NO REPLACEMENT PART)",
    "usage": "",
    "range": "",
    "qty": "AR",
    "positions": [],
    "reach": [],
    "history": []
  },
  {
    "call": "4",
    "part": "9194979",
    "desc": "PAINT,AEROSOL SPRAY,GRAPHITE 2 (PAINT CODE L385) (2 COAT)",
    "usage": "",
    "range": "",
    "qty": "AR",
    "positions": [],
    "reach": [],
    "history": []
  },
  {
    "call": "4",
    "part": "90513544",
    "desc": "PAINT,AEROSOL SPRAY,BRIGHT SILVER (US-CODE 9021) (2 COAT) (NLS.- NO REPLACEMENT PART)",
    "usage": "",
    "range": "",
    "qty": "AR",
    "positions": [],
    "reach": [],
    "history": []
  },
  {
    "call": "4",
    "part": "9199088",
    "desc": "PAINT,AEROSOL SPRAY,CYPRESS GREEN (PAINT CODE L377) (NLS.- NO REPLACEMENT PART)",
    "usage": "",
    "range": "",
    "qty": "AR",
    "positions": [],
    "reach": [],
    "history": []
  },
  {
    "call": "4",
    "part": "93165116",
    "desc": "PAINT,AEROSOL SPRAY,ANTIGUA (PAINT CODE 21H) (2 COAT) (NLS.- NO REPLACEMENT PART)",
    "usage": "",
    "range": "",
    "qty": "AR",
    "positions": [],
    "reach": [],
    "history": []
  },
  {
    "call": "4",
    "part": "93165269",
    "desc": "PAINT,AEROSOL SPRAY,METRO,BLUE (PAINT CODE L168) (2 COAT)",
    "usage": "",
    "range": "",
    "qty": "AR",
    "positions": [],
    "reach": [],
    "history": []
  },
  {
    "call": "4",
    "part": "93165271",
    "desc": "PAINT,AEROSOL SPRAY,MISTY MORNING (PAINT CODE L169) (2 COAT) (NLS.- NO REPLACEMENT PART)",
    "usage": "",
    "range": "",
    "qty": "AR",
    "positions": [],
    "reach": [],
    "history": []
  },
  {
    "call": "4",
    "part": "93165273",
    "desc": "PAINT,AEROSOL SPRAY,POMEGRANATE RED (PAINT CODE 50C) (2 COAT)",
    "usage": "",
    "range": "",
    "qty": "AR",
    "positions": [],
    "reach": [],
    "history": []
  },
  {
    "call": "4",
    "part": "93165285",
    "desc": "PAINT,AEROSOL SPRAY,INFERNO RED (PAINT CODE 50D) (2 COAT) (NLS.- NO REPLACEMENT PART)",
    "usage": "",
    "range": "",
    "qty": "AR",
    "positions": [],
    "reach": [],
    "history": []
  },
  {
    "call": "4",
    "part": "93165275",
    "desc": "PAINT,AEROSOL SPRAY,BOSSA NOVA (PAINT CODE 21Q) (2 COAT) (NLS.- NO REPLACEMENT PART)",
    "usage": "",
    "range": "",
    "qty": "AR",
    "positions": [],
    "reach": [],
    "history": []
  },
  {
    "call": "4",
    "part": "93165277",
    "desc": "PAINT,AEROSOL SPRAY,PURPLE SPELL (PAINT CODE 21R) (2 COAT) (NLS.- NO REPLACEMENT PART)",
    "usage": "",
    "range": "",
    "qty": "AR",
    "positions": [],
    "reach": [],
    "history": []
  },
  {
    "call": "4",
    "part": "93165281",
    "desc": "PAINT,AEROSOL SPRAY,IRON HEART (PAINT CODE 21T) (2 COAT) (NLS.- NO REPLACEMENT PART)",
    "usage": "",
    "range": "",
    "qty": "AR",
    "positions": [],
    "reach": [],
    "history": []
  },
  {
    "call": "4",
    "part": "90542800",
    "desc": "PAINT,AEROSOL SPRAY,TROPICAL GREEN (PAINT CODE L376) (2 COAT) (NLS.- NO REPLACEMENT PART)",
    "usage": "",
    "range": "",
    "qty": "AR",
    "positions": [],
    "reach": [],
    "history": []
  },
  {
    "call": "4",
    "part": "9119202",
    "desc": "PAINT,AEROSOL SPRAY,CYPRESS GREEN (PAINT CODE L377) (2 COAT)",
    "usage": "",
    "range": "",
    "qty": "AR",
    "positions": [],
    "reach": [],
    "history": []
  },
  {
    "call": "4",
    "part": "90272306",
    "desc": "PAINT,AEROSOL SPRAY,DOLPHIN GREY (PAINT CODE L115) (2 COAT) (NLS.- NO REPLACEMENT PART)",
    "usage": "",
    "range": "",
    "qty": "AR",
    "positions": [],
    "reach": [],
    "history": []
  },
  {
    "call": "4",
    "part": "9194255",
    "desc": "PAINT,AEROSOL SPRAY,KRYPTON GREEN (PAINT CODE L380) (2 COAT)",
    "usage": "",
    "range": "",
    "qty": "AR",
    "positions": [],
    "reach": [],
    "history": []
  },
  {
    "call": "4",
    "part": "9194969",
    "desc": "PAINT,AEROSOL SPRAY,URAL MOUNTAIN (PAINT CODE L382) (2 COAT) (NLS.- NO REPLACEMENT PART)",
    "usage": "",
    "range": "",
    "qty": "AR",
    "positions": [],
    "reach": [],
    "history": []
  },
  {
    "call": "4",
    "part": "9194994",
    "desc": "PAINT,AEROSOL SPRAY,KIWI GREEN (PAINT CODE L384) (2 COAT)",
    "usage": "",
    "range": "",
    "qty": "AR",
    "positions": [],
    "reach": [],
    "history": []
  },
  {
    "call": "4",
    "part": "90350146",
    "desc": "PAINT,AEROSOL SPRAY,MISTRAL GREY (PAINT CODE L119) (2 COAT)",
    "usage": "",
    "range": "",
    "qty": "AR",
    "positions": [],
    "reach": [],
    "history": []
  },
  {
    "call": "4",
    "part": "9200100",
    "desc": "PAINT,AEROSOL SPRAY,JADE GREEN (PAINT CODE L387) (2 COAT)",
    "usage": "",
    "range": "",
    "qty": "AR",
    "positions": [],
    "reach": [],
    "history": []
  },
  {
    "call": "4",
    "part": "9200115",
    "desc": "PAINT,AEROSOL SPRAY,SPACE GREEN (PAINT CODE L388) (2 COAT)",
    "usage": "",
    "range": "",
    "qty": "AR",
    "positions": [],
    "reach": [],
    "history": []
  },
  {
    "call": "4",
    "part": "9194982",
    "desc": "PAINT,AEROSOL SPRAY,VERDE (PAINT CODE L389) (2 COAT)",
    "usage": "",
    "range": "",
    "qty": "AR",
    "positions": [],
    "reach": [],
    "history": []
  },
  {
    "call": "4",
    "part": "93170642",
    "desc": "PAINT,AEROSOL SPRAY,BAMBOO GREEN (PAINT CODE L393) (2 COAT) (NLS.- NO REPLACEMENT PART)",
    "usage": "",
    "range": "",
    "qty": "AR",
    "positions": [],
    "reach": [],
    "history": []
  },
  {
    "call": "4",
    "part": "93170660",
    "desc": "PAINT,AEROSOL SPRAY,TUNDRA GREEN (PAINT CODE L395) (2 COAT) (NLS.- NO REPLACEMENT PART)",
    "usage": "",
    "range": "",
    "qty": "AR",
    "positions": [],
    "reach": [],
    "history": []
  },
  {
    "call": "4",
    "part": "93170379",
    "desc": "PAINT,AEROSOL SPRAY,OCEAN GREEN (PAINT CODE L396) (2 COAT) (NLS.- NO REPLACEMENT PART)",
    "usage": "",
    "range": "",
    "qty": "AR",
    "positions": [],
    "reach": [],
    "history": []
  },
  {
    "call": "4",
    "part": "93160343",
    "desc": "PAINT,AEROSOL SPRAY,SPEARMINT SILVER (PAINT CODE L397) (2 COAT) (NLS.- NO REPLACEMENT PART)",
    "usage": "",
    "range": "",
    "qty": "AR",
    "positions": [],
    "reach": [],
    "history": []
  },
  {
    "call": "4",
    "part": "90093858",
    "desc": "PAINT,AEROSOL SPRAY,WHITE GOLD (PAINT CODE L421) (2 COAT) (NLS.- NO REPLACEMENT PART)",
    "usage": "",
    "range": "",
    "qty": "AR",
    "positions": [],
    "reach": [],
    "history": []
  },
  {
    "call": "4",
    "part": "90510552",
    "desc": "PAINT,AEROSOL SPRAY,APACHE (PAINT CODE L484) (2 COAT)",
    "usage": "",
    "range": "",
    "qty": "AR",
    "positions": [],
    "reach": [],
    "history": []
  },
  {
    "call": "4",
    "part": "90541543",
    "desc": "PAINT,AEROSOL SPRAY,COLORADO WHITE (PAINT CODE L487) (2 COAT)",
    "usage": "",
    "range": "",
    "qty": "AR",
    "positions": [],
    "reach": [],
    "history": []
  },
  {
    "call": "4",
    "part": "90541558",
    "desc": "PAINT,AEROSOL SPRAY,BROCADE YELLOW (PAINT CODE L488) (2 COAT) (NLS.- NO REPLACEMENT PART)",
    "usage": "",
    "range": "",
    "qty": "AR",
    "positions": [],
    "reach": [],
    "history": []
  },
  {
    "call": "4",
    "part": "90541553",
    "desc": "PAINT,AEROSOL SPRAY,CHAMPAGNE (PAINT CODE L489) (2 COAT) (NLS.- NO REPLACEMENT PART)",
    "usage": "",
    "range": "",
    "qty": "AR",
    "positions": [],
    "reach": [],
    "history": []
  },
  {
    "call": "4",
    "part": "90543790",
    "desc": "PAINT,AEROSOL SPRAY,ANTELOPE (PAINT CODE L490) (2 COAT)",
    "usage": "",
    "range": "",
    "qty": "AR",
    "positions": [],
    "reach": [],
    "history": []
  },
  {
    "call": "4",
    "part": "90544064",
    "desc": "PAINT,AEROSOL SPRAY,SIAM BEIGE (PAINT CODE L491) (2 COAT) (NLS.- NO REPLACEMENT PART)",
    "usage": "",
    "range": "",
    "qty": "AR",
    "positions": [],
    "reach": [],
    "history": []
  },
  {
    "call": "4",
    "part": "90544071",
    "desc": "PAINT,AEROSOL SPRAY,YELLOWSTONE (PAINT CODE L492) (2 COAT) (NLS.- NO REPLACEMENT PART)",
    "usage": "",
    "range": "",
    "qty": "AR",
    "positions": [],
    "reach": [],
    "history": []
  },
  {
    "call": "4",
    "part": "9119212",
    "desc": "PAINT,AEROSOL SPRAY,COPPER (PAINT CODE L495) (2 COAT)",
    "usage": "",
    "range": "",
    "qty": "AR",
    "positions": [],
    "reach": [],
    "history": []
  },
  {
    "call": "4",
    "part": "90140129",
    "desc": "PAINT,AEROSOL SPRAY,CARNELIAN RED (PAINT CODE L534) (2 COAT) (NLS.- NO REPLACEMENT PART)",
    "usage": "",
    "range": "",
    "qty": "AR",
    "positions": [],
    "reach": [],
    "history": []
  },
  {
    "call": "4",
    "part": "90295200",
    "desc": "PAINT,AEROSOL SPRAY,PEARL RED (PAINT CODE L541) (2 COAT) (NLS.- NO REPLACEMENT PART)",
    "usage": "",
    "range": "",
    "qty": "AR",
    "positions": [],
    "reach": [],
    "history": []
  },
  {
    "call": "4",
    "part": "90297566",
    "desc": "PAINT,AEROSOL SPRAY,AUBERGINE (PAINT CODE L544) (2 COAT)",
    "usage": "",
    "range": "",
    "qty": "AR",
    "positions": [],
    "reach": [],
    "history": []
  },
  {
    "call": "4",
    "part": "90297814",
    "desc": "PAINT,AEROSOL SPRAY,BORDEAUX RED (PAINT CODE L545) (2 COAT) (NLS.- NO REPLACEMENT PART)",
    "usage": "",
    "range": "",
    "qty": "AR",
    "positions": [],
    "reach": [],
    "history": []
  },
  {
    "call": "4",
    "part": "90297725",
    "desc": "PAINT,AEROSOL SPRAY,BACCARA RED (PAINT CODE L546) (2 COAT) (NLS.- NO REPLACEMENT PART)",
    "usage": "",
    "range": "",
    "qty": "AR",
    "positions": [],
    "reach": [],
    "history": []
  },
  {
    "call": "4",
    "part": "90509329",
    "desc": "PAINT,AEROSOL SPRAY,MAGMA RED (PAINT CODE L547) (2 COAT) (NLS.- USE 90350143 17 71 547)",
    "usage": "",
    "range": "",
    "qty": "AR",
    "positions": [],
    "reach": [],
    "history": []
  },
  {
    "call": "4",
    "part": "90421951",
    "desc": "PAINT,AEROSOL SPRAY,MARSEILLE RED (PAINT CODE L549) (2 COAT)",
    "usage": "",
    "range": "",
    "qty": "AR",
    "positions": [],
    "reach": [],
    "history": []
  },
  {
    "call": "4",
    "part": "90443681",
    "desc": "PAINT,AEROSOL SPRAY,RIOJA (PAINT CODE L568) (2 COAT) (NLS.- NO REPLACEMENT PART)",
    "usage": "",
    "range": "",
    "qty": "AR",
    "positions": [],
    "reach": [],
    "history": []
  },
  {
    "call": "4",
    "part": "90540093",
    "desc": "PAINT,AEROSOL SPRAY,KODIAK (PAINT CODE L572) (2 COAT)",
    "usage": "",
    "range": "",
    "qty": "AR",
    "positions": [],
    "reach": [],
    "history": []
  },
  {
    "call": "4",
    "part": "90541548",
    "desc": "PAINT,AEROSOL SPRAY,CHIANTI RED (PAINT CODE L574) (2 COAT)",
    "usage": "",
    "range": "",
    "qty": "AR",
    "positions": [],
    "reach": [],
    "history": []
  },
  {
    "call": "4",
    "part": "90541054",
    "desc": "PAINT,AEROSOL SPRAY,BOLOGNA RED (PAINT CODE L575) (2 COAT) (NLS.- NO REPLACEMENT PART)",
    "usage": "",
    "range": "",
    "qty": "AR",
    "positions": [],
    "reach": [],
    "history": []
  },
  {
    "call": "4",
    "part": "90544076",
    "desc": "PAINT,AEROSOL SPRAY,ROSE (PAINT CODE L576) (2 COAT) (NLS.- NO REPLACEMENT PART)",
    "usage": "",
    "range": "",
    "qty": "AR",
    "positions": [],
    "reach": [],
    "history": []
  },
  {
    "call": "4",
    "part": "9194973",
    "desc": "PAINT,AEROSOL SPRAY,PEARL RED (PAINT CODE L586) (2 COAT)",
    "usage": "",
    "range": "",
    "qty": "AR",
    "positions": [],
    "reach": [],
    "history": []
  },
  {
    "call": "4",
    "part": "9194260",
    "desc": "PAINT,AEROSOL SPRAY,MARSEILLE RED 2 (PAINT CODE L589) (2 COAT) (NLS.- NO REPLACEMENT PART)",
    "usage": "",
    "range": "",
    "qty": "AR",
    "positions": [],
    "reach": [],
    "history": []
  },
  {
    "call": "4",
    "part": "93170645",
    "desc": "PAINT,AEROSOL SPRAY,TIERRA DEL FUEGO (PAINT CODE L590) (2 COAT) (NLS.- NO REPLACEMENT PART)",
    "usage": "",
    "range": "",
    "qty": "AR",
    "positions": [],
    "reach": [],
    "history": []
  },
  {
    "call": "4",
    "part": "9200111",
    "desc": "PAINT,AEROSOL SPRAY,CITY RED (PAINT CODE L591) (2 COAT)",
    "usage": "",
    "range": "",
    "qty": "AR",
    "positions": [],
    "reach": [],
    "history": []
  },
  {
    "call": "4",
    "part": "9200103",
    "desc": "PAINT,AEROSOL SPRAY,BAROLO RED (PAINT CODE L592) (2 COAT)",
    "usage": "",
    "range": "",
    "qty": "AR",
    "positions": [],
    "reach": [],
    "history": []
  },
  {
    "call": "4",
    "part": "93170648",
    "desc": "PAINT,AEROSOL SPRAY,RUBENS RED (PAINT CODE L594) (2 COAT) (NLS.- NO REPLACEMENT PART)",
    "usage": "",
    "range": "",
    "qty": "AR",
    "positions": [],
    "reach": [],
    "history": []
  },
  {
    "call": "4",
    "part": "9198812",
    "desc": "PAINT,AEROSOL SPRAY,CAPE BLUE (PAINT CODE L612) (2 COAT) (NLS.- NO REPLACEMENT PART)",
    "usage": "",
    "range": "",
    "qty": "AR",
    "positions": [],
    "reach": [],
    "history": []
  },
  {
    "call": "4",
    "part": "9199077",
    "desc": "PAINT,AEROSOL SPRAY,SATIN GOLD (PAINT CODE L613) (2 COAT) (NLS.- NO REPLACEMENT PART)",
    "usage": "",
    "range": "",
    "qty": "AR",
    "positions": [],
    "reach": [],
    "history": []
  },
  {
    "call": "4",
    "part": "94179369",
    "desc": "PAINT,AEROSOL SPRAY,SLATE VIOLET (PAINT CODE L713) (2 COAT) (NLS.- NO REPLACEMENT PART)",
    "usage": "",
    "range": "",
    "qty": "AR",
    "positions": [],
    "reach": [],
    "history": []
  },
  {
    "call": "4",
    "part": "9193104",
    "desc": "PAINT,AEROSOL SPRAY,ASTRAL SILVER (PAINT CODE L718) (2 COAT) (NLS.- NO REPLACEMENT PART)",
    "usage": "",
    "range": "",
    "qty": "AR",
    "positions": [],
    "reach": [],
    "history": []
  },
  {
    "call": "4",
    "part": "94179374",
    "desc": "PAINT,AEROSOL SPRAY,JASPER GREEN (PAINT CODE L719) (2 COAT) (NLS.- NO REPLACEMENT PART)",
    "usage": "",
    "range": "",
    "qty": "AR",
    "positions": [],
    "reach": [],
    "history": []
  },
  {
    "call": "4",
    "part": "90543306",
    "desc": "PAINT,AEROSOL SPRAY,TRITON BLUE (PAINT CODE L725) (2 COAT) (NLS.- NO REPLACEMENT PART) (PRODUCTION NO. 90543308)",
    "usage": "",
    "range": "",
    "qty": "AR",
    "positions": [],
    "reach": [],
    "history": []
  },
  {
    "call": "4",
    "part": "90443950",
    "desc": "PAINT,AEROSOL SPRAY,WINDSOR BLUE (PAINT CODE L755) (2 COAT) (NLS.- NO REPLACEMENT PART)",
    "usage": "",
    "range": "",
    "qty": "AR",
    "positions": [],
    "reach": [],
    "history": []
  },
  {
    "call": "4",
    "part": "90443956",
    "desc": "PAINT,AEROSOL SPRAY,CRANBERRY (PAINT CODE L758) (2 COAT) (NLS.- NO REPLACEMENT PART)",
    "usage": "",
    "range": "",
    "qty": "AR",
    "positions": [],
    "reach": [],
    "history": []
  },
  {
    "call": "4",
    "part": "90443958",
    "desc": "PAINT,AEROSOL SPRAY,BRONZE BLUE (PAINT CODE L760) (2 COAT) (NLS.- NO REPLACEMENT PART)",
    "usage": "",
    "range": "",
    "qty": "AR",
    "positions": [],
    "reach": [],
    "history": []
  },
  {
    "call": "4",
    "part": "90443962",
    "desc": "PAINT,AEROSOL SPRAY,HUNTING GREEN (PAINT CODE L763) (2 COAT) (NLS.- NO REPLACEMENT PART)",
    "usage": "",
    "range": "",
    "qty": "AR",
    "positions": [],
    "reach": [],
    "history": []
  },
  {
    "call": "4",
    "part": "94179382",
    "desc": "PAINT,AEROSOL SPRAY,IRON GREY (PAINT CODE L849) (2 COAT)",
    "usage": "",
    "range": "",
    "qty": "AR",
    "positions": [],
    "reach": [],
    "history": []
  },
  {
    "call": "4",
    "part": "94179352",
    "desc": "PAINT,AEROSOL SPRAY,PEWTER (PAINT CODE L825) (2 COAT) (NLS.- NO REPLACEMENT PART)",
    "usage": "",
    "range": "",
    "qty": "AR",
    "positions": [],
    "reach": [],
    "history": []
  },
  {
    "call": "4",
    "part": "9196615",
    "desc": "PAINT,AEROSOL SPRAY,EMPIRE BLUE (PAINT CODE L858) (2 COAT)",
    "usage": "",
    "range": "",
    "qty": "AR",
    "positions": [],
    "reach": [],
    "history": []
  },
  {
    "call": "4",
    "part": "90512857",
    "desc": "PAINT,AEROSOL SPRAY,BASALT GREEN (PAINT CODE L871) (2 COAT) (NLS.- NO REPLACEMENT PART)",
    "usage": "",
    "range": "",
    "qty": "AR",
    "positions": [],
    "reach": [],
    "history": []
  },
  {
    "call": "4",
    "part": "90512864",
    "desc": "PAINT,AEROSOL SPRAY,RED ROCK (PAINT CODE L872) (2 COAT) (NLS.- NO REPLACEMENT PART)",
    "usage": "",
    "range": "",
    "qty": "AR",
    "positions": [],
    "reach": [],
    "history": []
  },
  {
    "call": "4",
    "part": "9193097",
    "desc": "PAINT,AEROSOL SPRAY,ALPINE WHITE (PAINT CODE L877) (2 COAT) (NLS.- NO REPLACEMENT PART)",
    "usage": "",
    "range": "",
    "qty": "AR",
    "positions": [],
    "reach": [],
    "history": []
  },
  {
    "call": "4",
    "part": "9193107",
    "desc": "PAINT,AEROSOL SPRAY,KIEZER SILVER (PAINT CODE L878) (2 COAT) (NLS.- NO REPLACEMENT PART)",
    "usage": "",
    "range": "",
    "qty": "AR",
    "positions": [],
    "reach": [],
    "history": []
  },
  {
    "call": "4",
    "part": "9193089",
    "desc": "PAINT,AEROSOL SPRAY,RANGER GREEN (PAINT CODE L880) (2 COAT) (NLS.- NO REPLACEMENT PART)",
    "usage": "",
    "range": "",
    "qty": "AR",
    "positions": [],
    "reach": [],
    "history": []
  },
  {
    "call": "4",
    "part": "94179365",
    "desc": "PAINT,AEROSOL SPRAY,PLATINUM SILVER (PAINT CODE L892) (2 COAT) (NLS.- NO REPLACEMENT PART)",
    "usage": "",
    "range": "",
    "qty": "AR",
    "positions": [],
    "reach": [],
    "history": []
  },
  {
    "call": "4",
    "part": "90513538",
    "desc": "PAINT,AEROSOL SPRAY,ENGLISH GREEN (US-CODE 132A) (2 COAT)",
    "usage": "",
    "range": "",
    "qty": "AR",
    "positions": [],
    "reach": [],
    "history": []
  },
  {
    "call": "4",
    "part": "90513550",
    "desc": "PAINT,AEROSOL SPRAY,OLYMPIC BRONZE (US-CODE 208C) (2 COAT) (NLS.- NO REPLACEMENT PART)",
    "usage": "",
    "range": "",
    "qty": "AR",
    "positions": [],
    "reach": [],
    "history": []
  },
  {
    "call": "4",
    "part": "9121978",
    "desc": "PAINT,AEROSOL SPRAY,BLACK 2 (PAINT CODE 20C) (2 COAT)",
    "usage": "",
    "range": "",
    "qty": "AR",
    "positions": [],
    "reach": [],
    "history": []
  },
  {
    "call": "4",
    "part": "9200254",
    "desc": "PAINT,AEROSOL SPRAY,ARUBA BLUE (PAINT CODE 20A) (2 COAT) (NLS.- NO REPLACEMENT PART)",
    "usage": "",
    "range": "",
    "qty": "AR",
    "positions": [],
    "reach": [],
    "history": []
  },
  {
    "call": "4",
    "part": "9194283",
    "desc": "PAINT,AEROSOL SPRAY,NOCTURNO BLUE (PAINT CODE 20H) (2 COAT)",
    "usage": "",
    "range": "",
    "qty": "AR",
    "positions": [],
    "reach": [],
    "history": []
  },
  {
    "call": "4",
    "part": "9200121",
    "desc": "PAINT,AEROSOL SPRAY,PETROL (PAINT CODE 20M) (2 COAT) (NLS - NO REPLACEMENT PART)",
    "usage": "",
    "range": "",
    "qty": "AR",
    "positions": [],
    "reach": [],
    "history": []
  },
  {
    "call": "4",
    "part": "9200124",
    "desc": "PAINT,AEROSOL SPRAY,BREEZE BLUE (PAINT CODE 20N) (2 COAT)",
    "usage": "",
    "range": "",
    "qty": "AR",
    "positions": [],
    "reach": [],
    "history": []
  },
  {
    "call": "4",
    "part": "90397026",
    "desc": "PAINT,AEROSOL SPRAY,STAR SILVER (PAINT CODE L138) (2 COAT)",
    "usage": "",
    "range": "",
    "qty": "AR",
    "positions": [],
    "reach": [],
    "history": []
  },
  {
    "call": "4",
    "part": "93170654",
    "desc": "PAINT,AEROSOL SPRAY,PRESTIGE BLUE (PAINT CODE 20Q) (2 COAT) (NLS.- NO REPLACEMENT PART)",
    "usage": "",
    "range": "",
    "qty": "AR",
    "positions": [],
    "reach": [],
    "history": []
  },
  {
    "call": "4",
    "part": "93170651",
    "desc": "PAINT,AEROSOL SPRAY,BLACK SAPPHIRE (PAINT CODE 20R) (2 COAT)",
    "usage": "",
    "range": "",
    "qty": "AR",
    "positions": [],
    "reach": [],
    "history": []
  },
  {
    "call": "4",
    "part": "93160517",
    "desc": "PAINT,AEROSOL SPRAY,SCARAB MICA (PAINT CODE 20U) (2 COAT) (NLS.- NO REPLACEMENT PART)",
    "usage": "",
    "range": "",
    "qty": "AR",
    "positions": [],
    "reach": [],
    "history": []
  },
  {
    "call": "4",
    "part": "93170663",
    "desc": "PAINT,AEROSOL SPRAY,MIDNIGHT BLACK 2 (PAINT CODE 20X) (2 COAT) (NLS.- NO REPLACEMENT PART)",
    "usage": "",
    "range": "",
    "qty": "AR",
    "positions": [],
    "reach": [],
    "history": []
  },
  {
    "call": "4",
    "part": "93160521",
    "desc": "PAINT,AEROSOL SPRAY,ROYAL BLUE (PAINT CODE 20Z) (2 COAT)",
    "usage": "",
    "range": "",
    "qty": "AR",
    "positions": [],
    "reach": [],
    "history": []
  },
  {
    "call": "4",
    "part": "93160525",
    "desc": "PAINT,AEROSOL SPRAY,SATURN BLUE (PAINT CODE 21A) (2 COAT) (NLS.- NO REPLACEMENT PART)",
    "usage": "",
    "range": "",
    "qty": "AR",
    "positions": [],
    "reach": [],
    "history": []
  },
  {
    "call": "4",
    "part": "93160529",
    "desc": "PAINT,AEROSOL SPRAY,ULTRA BLUE (PAINT CODE 21B) (2 COAT)",
    "usage": "",
    "range": "",
    "qty": "AR",
    "positions": [],
    "reach": [],
    "history": []
  },
  {
    "call": "4",
    "part": "9194985",
    "desc": "PAINT,AEROSOL SPRAY,CAPRI YELLOW (PAINT CODE 40B) (2 COAT) (NLS.- NO REPLACEMENT PART)",
    "usage": "",
    "range": "",
    "qty": "AR",
    "positions": [],
    "reach": [],
    "history": []
  },
  {
    "call": "4",
    "part": "9200152",
    "desc": "PAINT,AEROSOL SPRAY,CORN YELLOW (PAINT CODE 40A) (2 COAT) (NLS.- NO REPLACEMENT PART)",
    "usage": "",
    "range": "",
    "qty": "AR",
    "positions": [],
    "reach": [],
    "history": []
  },
  {
    "call": "4",
    "part": "93170657",
    "desc": "PAINT,AEROSOL SPRAY,NEPAL YELLOW (PAINT CODE 40D) (2 COAT) (NLS.- NO REPLACEMENT PART)",
    "usage": "",
    "range": "",
    "qty": "AR",
    "positions": [],
    "reach": [],
    "history": []
  },
  {
    "call": "4",
    "part": "93160346",
    "desc": "PAINT,AEROSOL SPRAY,AZTEC GOLD 11 (PAINT CODE 40E) (2 COAT) (NLS.- NO REPLACEMENT PART)",
    "usage": "",
    "range": "",
    "qty": "AR",
    "positions": [],
    "reach": [],
    "history": []
  },
  {
    "call": "4",
    "part": "9120645",
    "desc": "PAINT,AEROSOL SPRAY,REDFIRE (US-CODE 526F) (72U) (2 COAT) (NLS.- NO REPLACEMENT PART)",
    "usage": "",
    "range": "",
    "qty": "AR",
    "positions": [],
    "reach": [],
    "history": []
  },
  {
    "call": "4",
    "part": "93165333",
    "desc": "PAINT,AEROSOL SPRAY,NIGHT BLUE (US-CODE 722J) (2 COAT) (NLS.- NO REPLACEMENT PART)",
    "usage": "",
    "range": "",
    "qty": "AR",
    "positions": [],
    "reach": [],
    "history": []
  },
  {
    "call": "4",
    "part": "93165335",
    "desc": "PAINT,AEROSOL SPRAY,SOLAR YELLOW (US-CODE 9414) (2 COAT) (NLS.- NO REPLACEMENT PART)",
    "usage": "",
    "range": "",
    "qty": "AR",
    "positions": [],
    "reach": [],
    "history": []
  },
  {
    "call": "4",
    "part": "93165339",
    "desc": "PAINT,AEROSOL SPRAY,BLACK (US-CODE 8555) (2 COAT)",
    "usage": "",
    "range": "",
    "qty": "AR",
    "positions": [],
    "reach": [],
    "history": []
  },
  {
    "call": "4",
    "part": "93165341",
    "desc": "PAINT,AEROSOL SPRAY,METAL GREY (US-CODE 911L) (2 COAT) (NLS.- NO REPLACEMENT PART)",
    "usage": "",
    "range": "",
    "qty": "AR",
    "positions": [],
    "reach": [],
    "history": []
  },
  {
    "call": "4",
    "part": "93165347",
    "desc": "PAINT,AEROSOL SPRAY,BLUESTONE (US-CODE 302N) (2 COAT) (NLS.- NO REPLACEMENT PART) (PRODUCTION NO. 88860728)",
    "usage": "",
    "range": "",
    "qty": "AR",
    "positions": [],
    "reach": [],
    "history": []
  },
  {
    "call": "4",
    "part": "93165349",
    "desc": "PAINT,AEROSOL SPRAY,VICTORY RED (US-CODE 9260) (2 COAT) (NLS.- NO REPLACEMENT PART)",
    "usage": "",
    "range": "",
    "qty": "AR",
    "positions": [],
    "reach": [],
    "history": []
  },
  {
    "call": "4",
    "part": "93165345",
    "desc": "PAINT,AEROSOL SPRAY,SILVER (US-CODE 994L) (2 COAT) (NLS.- NO REPLACEMENT PART)",
    "usage": "",
    "range": "",
    "qty": "AR",
    "positions": [],
    "reach": [],
    "history": []
  },
  {
    "call": "4",
    "part": "93165302",
    "desc": "PAINT,AEROSOL SPRAY,LANCELOT (PAINT CODE 40M) (2 COAT)",
    "usage": "",
    "range": "",
    "qty": "AR",
    "positions": [],
    "reach": [],
    "history": []
  },
  {
    "call": "4",
    "part": "93165300",
    "desc": "PAINT,AEROSOL SPRAY,PEACOCK,BLUE (PAINT CODE 21U) (NLS.- NO REPLACEMENT PART)",
    "usage": "",
    "range": "",
    "qty": "AR",
    "positions": [],
    "reach": [],
    "history": []
  }
]