[
  {
    "call": "26",
    "part": "(13482507)",
    "desc": "COVER,ROOF GULLY,ANTHRACITE,RH (NLS.- USE 39069732)",
    "usage": "",
    "range": "",
    "qty": "1",
    "positions": [
      {
        "x": 906,
        "y": 1216
      }
    ],
    "reach": [],
    "history": []
  },
  {
    "call": "26",
    "part": "(39069732)",
    "desc": "COVER,ROOF GULLY,ANTHRACITE,RH (NLS.- USE 39210823)",
    "usage": "",
    "range": "",
    "qty": "1",
    "positions": [],
    "reach": [],
    "history": []
  },
  {
    "call": "26",
    "part": "(13482506)",
    "desc": "COVER,ROOF GULLY,ANTHRACITE,LH (NLS.- USE 39069731)",
    "usage": "",
    "range": "",
    "qty": "1",
    "positions": [],
    "reach": [],
    "history": []
  },
  {
    "call": "26",
    "part": "(39069731)",
    "desc": "COVER,ROOF GULLY,ANTHRACITE,LH (NLS.- USE 39210822)",
    "usage": "",
    "range": "",
    "qty": "1",
    "positions": [],
    "reach": [],
    "history": []
  },
  {
    "call": "26",
    "part": "(13482509)",
    "desc": "COVER,ROOF GULLY,SILVER,RH (NLS.- USE 39069778)",
    "usage": "",
    "range": "",
    "qty": "1",
    "positions": [],
    "reach": [],
    "history": []
  },
  {
    "call": "26",
    "part": "(39069778)",
    "desc": "COVER,ROOF GULLY,SILVER,RH (NLS.- USE 39210825)",
    "usage": "",
    "range": "",
    "qty": "1",
    "positions": [],
    "reach": [],
    "history": []
  },
  {
    "call": "26",
    "part": "(13482508)",
    "desc": "COVER,ROOF GULLY,SILVER,LH (NLS.- USE 39069777)",
    "usage": "",
    "range": "",
    "qty": "1",
    "positions": [],
    "reach": [],
    "history": []
  },
  {
    "call": "26",
    "part": "(39069777)",
    "desc": "COVER,ROOF GULLY,SILVER,LH (NLS.- USE 39210824)",
    "usage": "",
    "range": "",
    "qty": "1",
    "positions": [],
    "reach": [],
    "history": []
  },
  {
    "call": "26",
    "part": "39210827",
    "desc": "COVER,ROOF GULLY,BLACK,RH",
    "usage": "",
    "range": "",
    "qty": "1",
    "positions": [],
    "reach": [],
    "history": []
  },
  {
    "call": "26",
    "part": "39210826",
    "desc": "COVER,ROOF GULLY,BLACK,LH",
    "usage": "",
    "range": "",
    "qty": "1",
    "positions": [],
    "reach": [],
    "history": []
  }
]