[
  {
    "call": "4",
    "part": "93165351",
    "desc": "PAINT,AEROSOL SPRAY,PEARL WHITE (2 COAT) (NLS.- NO REPLACEMENT PART)",
    "usage": "",
    "range": "",
    "qty": "AR",
    "positions": [
      {
        "x": 620,
        "y": 2128
      }
    ],
    "reach": [],
    "history": []
  },
  {
    "call": "4",
    "part": "93165323",
    "desc": "PAINT,AEROSOL SPRAY,SUNNY MELON (PAINT CODE 40Q) (2 COAT)",
    "usage": "",
    "range": "",
    "qty": "AR",
    "positions": [],
    "reach": [],
    "history": []
  },
  {
    "call": "4",
    "part": "93165323",
    "desc": "PAINT,AEROSOL SPRAY,JAMES BLONDE (PAINT CODE 40Q) (2 COAT)",
    "usage": "",
    "range": "",
    "qty": "AR",
    "positions": [],
    "reach": [],
    "history": []
  },
  {
    "call": "4",
    "part": "93165325",
    "desc": "PAINT,AEROSOL SPRAY,SANDDRIFT GREY (2 COAT) (NLS.- NO REPLACEMENT PART)",
    "usage": "",
    "range": "",
    "qty": "AR",
    "positions": [],
    "reach": [],
    "history": []
  },
  {
    "call": "4",
    "part": "93165327",
    "desc": "PAINT,AEROSOL SPRAY,NICKEL SILVER (92U) (2 COAT) (NLS.- NO REPLACEMENT PART)",
    "usage": "",
    "range": "",
    "qty": "AR",
    "positions": [],
    "reach": [],
    "history": []
  },
  {
    "call": "4",
    "part": "93165329",
    "desc": "PAINT,AEROSOL SPRAY,GRANADA BLACK (83L) (2 COAT) (NLS.- NO REPLACEMENT PART)",
    "usage": "",
    "range": "",
    "qty": "AR",
    "positions": [],
    "reach": [],
    "history": []
  },
  {
    "call": "4",
    "part": "93165580",
    "desc": "PAINT,AEROSOL SPRAY,CARBON FLASH (2 COAT) (22C)",
    "usage": "",
    "range": "",
    "qty": "AR",
    "positions": [],
    "reach": [],
    "history": []
  },
  {
    "call": "4",
    "part": "93165580",
    "desc": "PAINT,AEROSOL SPRAY,I'LL BE BLACK (2 COAT) (22C)",
    "usage": "",
    "range": "",
    "qty": "AR",
    "positions": [],
    "reach": [],
    "history": []
  },
  {
    "call": "4",
    "part": "93165331",
    "desc": "PAINT,AEROSOL SPRAY,SLATE BLUE (88U) (2 COAT) (NLS.- NO REPLACEMENT PART)",
    "usage": "",
    "range": "",
    "qty": "AR",
    "positions": [],
    "reach": [],
    "history": []
  },
  {
    "call": "4",
    "part": "90295197",
    "desc": "PAINT,AEROSOL SPRAY,PEARL BLUE (PAINT CODE L258) (2 COAT) (NLS.- NO REPLACEMENT PART)",
    "usage": "",
    "range": "",
    "qty": "AR",
    "positions": [],
    "reach": [],
    "history": []
  },
  {
    "call": "4",
    "part": "91158308",
    "desc": "PAINT,AEROSOL SPRAY,CORN YELLOW (3L) (PAINT CODE 40A) (2 COAT) (NLS.- USE 9200152 17 65 006)",
    "usage": "",
    "range": "",
    "qty": "AR",
    "positions": [],
    "reach": [],
    "history": []
  },
  {
    "call": "4",
    "part": "91158302",
    "desc": "PAINT,AEROSOL SPRAY,BREEZE BLUE (4L) (PAINT CODE 20N) (2 COAT) (NLS.- USE 9200124 17 65 005)",
    "usage": "",
    "range": "",
    "qty": "AR",
    "positions": [],
    "reach": [],
    "history": []
  },
  {
    "call": "4",
    "part": "91131980",
    "desc": "PAINT,AEROSOL SPRAY,URAL MOUNTAIN (8L) (PAINT CODE L382) (2 COAT) (NLS.- USE 9194969 17 71 382)",
    "usage": "",
    "range": "",
    "qty": "AR",
    "positions": [],
    "reach": [],
    "history": []
  },
  {
    "call": "4",
    "part": "90509324",
    "desc": "PAINT,AEROSOL SPRAY,GLACIER WHITE (10L) (PAINT CODE L474) (2 COAT) (NLS.- USE 90295934 17 71 474)",
    "usage": "",
    "range": "",
    "qty": "AR",
    "positions": [],
    "reach": [],
    "history": []
  },
  {
    "call": "4",
    "part": "90371818",
    "desc": "PAINT,AEROSOL SPRAY,SILK VIOLET (PAINT CODE L265) (2 COAT) (NLS.- USE 90397032 17 71 265)",
    "usage": "",
    "range": "",
    "qty": "AR",
    "positions": [],
    "reach": [],
    "history": []
  },
  {
    "call": "4",
    "part": "90371842",
    "desc": "PAINT,AEROSOL SPRAY,POLAR SEA BLUE (13L) (PAINT CODE L282) (2 COAT) (NLS.- USE 90487436 17 71 282)",
    "usage": "",
    "range": "",
    "qty": "AR",
    "positions": [],
    "reach": [],
    "history": []
  },
  {
    "call": "4",
    "part": "90371844",
    "desc": "PAINT,AEROSOL SPRAY,NAUTILUS BLUE (14L) (PAINT CODE L283) (2 COAT) (NLS.- USE 90487201 17 71 283)",
    "usage": "",
    "range": "",
    "qty": "AR",
    "positions": [],
    "reach": [],
    "history": []
  },
  {
    "call": "4",
    "part": "90371840",
    "desc": "PAINT,AEROSOL SPRAY,AURORA (20L) (PAINT CODE L279) (2 COAT) (NLS.- USE 90443972 17 71 279)",
    "usage": "",
    "range": "",
    "qty": "AR",
    "positions": [],
    "reach": [],
    "history": []
  },
  {
    "call": "4",
    "part": "91158541",
    "desc": "PAINT,AEROSOL SPRAY,PRESTIGE BLUE (PAINT CODE 20Q) (2 COAT) (NLS.- USE 93170654 17 65 011)",
    "usage": "",
    "range": "",
    "qty": "AR",
    "positions": [],
    "reach": [],
    "history": []
  },
  {
    "call": "4",
    "part": "91158539",
    "desc": "PAINT,AEROSOL SPRAY,BLACK SAPPHIRE (PAINT CODE 20R) (2 COAT) (NLS.- USE 93170651 17 65 010)",
    "usage": "",
    "range": "",
    "qty": "AR",
    "positions": [],
    "reach": [],
    "history": []
  },
  {
    "call": "4",
    "part": "93160519",
    "desc": "PAINT,AEROSOL SPRAY,SCARAB MICA (PAINT CODE 20U) (2 COAT) (NLS.- USE 93160517 17 65 030)",
    "usage": "",
    "range": "",
    "qty": "AR",
    "positions": [],
    "reach": [],
    "history": []
  },
  {
    "call": "4",
    "part": "91158547",
    "desc": "PAINT,AEROSOL SPRAY,MIDNIGHT BLACK 2 (PAINT CODE 20X) (2 COAT) (NLS.- USE 93170663 17 65 013)",
    "usage": "",
    "range": "",
    "qty": "AR",
    "positions": [],
    "reach": [],
    "history": []
  },
  {
    "call": "4",
    "part": "93160523",
    "desc": "PAINT,AEROSOL SPRAY,ROYAL BLUE (PAINT CODE 20Z) (4DU) (2 COAT) (NLS.- USE 93160521 17 65 031)",
    "usage": "",
    "range": "",
    "qty": "AR",
    "positions": [],
    "reach": [],
    "history": []
  },
  {
    "call": "4",
    "part": "93160527",
    "desc": "PAINT,AEROSOL SPRAY,SATURN BLUE (PAINT CODE 21A) (NLS.- USE 93160525 17 65 032)",
    "usage": "",
    "range": "",
    "qty": "AR",
    "positions": [],
    "reach": [],
    "history": []
  },
  {
    "call": "4",
    "part": "93160531",
    "desc": "PAINT,AEROSOL SPRAY,ULTRA BLUE (PAINT CODE 21B) (NLS.- USE 93160529 17 65 033)",
    "usage": "",
    "range": "",
    "qty": "AR",
    "positions": [],
    "reach": [],
    "history": []
  },
  {
    "call": "4",
    "part": "90372016",
    "desc": "PAINT,AEROSOL SPRAY,SQUADRON BLUE (21L) (PAINT CODE L246) (NLS.- NO REPLACEMENT PART)",
    "usage": "",
    "range": "",
    "qty": "AR",
    "positions": [],
    "reach": [],
    "history": []
  },
  {
    "call": "4",
    "part": "90544084",
    "desc": "PAINT,AEROSOL SPRAY,EUROPE BLUE (23L) (PAINT CODE L294) (2 COAT) (NLS.- USE 90544081 17 71 294)",
    "usage": "",
    "range": "",
    "qty": "AR",
    "positions": [],
    "reach": [],
    "history": []
  },
  {
    "call": "4",
    "part": "91158312",
    "desc": "PAINT,AEROSOL SPRAY,ARUBA BLUE (24L) (PAINT CODE 20A) (2 COAT) (NLS.- USE 9200254 17 65 008)",
    "usage": "",
    "range": "",
    "qty": "AR",
    "positions": [],
    "reach": [],
    "history": []
  },
  {
    "call": "4",
    "part": "90543782",
    "desc": "PAINT,AEROSOL SPRAY,PREMIUM BLUE (25L) (PAINT CODE L293) (2 COAT) (NLS.- USE 90543780 17 71 293)",
    "usage": "",
    "range": "",
    "qty": "AR",
    "positions": [],
    "reach": [],
    "history": []
  },
  {
    "call": "4",
    "part": "91156771",
    "desc": "PAINT,AEROSOL SPRAY,SEYCHELLES BLUE (26L) (PAINT CODE L295) (2 COAT) (NLS.- NO REPLACEMENT PART)",
    "usage": "",
    "range": "",
    "qty": "AR",
    "positions": [],
    "reach": [],
    "history": []
  },
  {
    "call": "4",
    "part": "90371848",
    "desc": "PAINT,AEROSOL SPRAY,CERAMIC BLUE (29L) (PAINT CODE L286) (2 COAT) (NLS.- USE 90510534 17 71 286)",
    "usage": "",
    "range": "",
    "qty": "AR",
    "positions": [],
    "reach": [],
    "history": []
  },
  {
    "call": "4",
    "part": "90444287",
    "desc": "PAINT,AEROSOL SPRAY,CARBON BLACK (07L) (PAINT CODE L280) (BERTONE) (2 COAT) (NLS.- USE 90444285 17 71 280)",
    "usage": "",
    "range": "",
    "qty": "AR",
    "positions": [],
    "reach": [],
    "history": []
  },
  {
    "call": "4",
    "part": "91131988",
    "desc": "PAINT,AEROSOL SPRAY,VERDE (31L) (PAINT CODE L389) (2 COAT) (NLS.- USE 9194982 17 71 389)",
    "usage": "",
    "range": "",
    "qty": "AR",
    "positions": [],
    "reach": [],
    "history": []
  },
  {
    "call": "4",
    "part": "90371832",
    "desc": "PAINT,AEROSOL SPRAY,FROST BLUE (32L) (PAINT CODE L274) (2 COAT) (NLS.- USE 90443666 17 71 274)",
    "usage": "",
    "range": "",
    "qty": "AR",
    "positions": [],
    "reach": [],
    "history": []
  },
  {
    "call": "4",
    "part": "90371838",
    "desc": "PAINT,AEROSOL SPRAY,CARIBIC BLUE (33L) (PAINT CODE L227) (2 COAT) (NLS.- USE 90443967 17 71 277)",
    "usage": "",
    "range": "",
    "qty": "AR",
    "positions": [],
    "reach": [],
    "history": []
  },
  {
    "call": "4",
    "part": "91128955",
    "desc": "PAINT,AEROSOL SPRAY,NOCTURNO BLUE (34L) (PAINT CODE 20H) (2 COAT) (NLS.- USE 9194283 17 65 002)",
    "usage": "",
    "range": "",
    "qty": "AR",
    "positions": [],
    "reach": [],
    "history": []
  },
  {
    "call": "4",
    "part": "90542482",
    "desc": "PAINT,AEROSOL SPRAY,APPLE GREEN (36L) (PAINT CODE L371) (2 COAT) (NLS.- NO REPLACEMENT PART)",
    "usage": "",
    "range": "",
    "qty": "AR",
    "positions": [],
    "reach": [],
    "history": []
  },
  {
    "call": "4",
    "part": "90371862",
    "desc": "PAINT,AEROSOL SPRAY,NEPTUNE TURQUOISE (PAINT CODE L357) (2 COAT) (NLS.- USE 90444466 17 71 357)",
    "usage": "",
    "range": "",
    "qty": "AR",
    "positions": [],
    "reach": [],
    "history": []
  },
  {
    "call": "4",
    "part": "91158288",
    "desc": "PAINT,AEROSOL SPRAY,JADE GREEN (PAINT CODE L387) (2 COAT) (NLS.- USE 9200100 17 71 387)",
    "usage": "",
    "range": "",
    "qty": "AR",
    "positions": [],
    "reach": [],
    "history": []
  },
  {
    "call": "4",
    "part": "91158543",
    "desc": "PAINT,AEROSOL SPRAY,NEPAL YELLOW (PAINT CODE 40D) (2 COAT) (NLS.- USE 93170657 17 65 012)",
    "usage": "",
    "range": "",
    "qty": "AR",
    "positions": [],
    "reach": [],
    "history": []
  },
  {
    "call": "4",
    "part": "91158592",
    "desc": "PAINT,AEROSOL SPRAY,AZTEC GOLD 11 (PAINT CODE 40E) (2 COAT) (NLS.- USE 93160346 17 65 014)",
    "usage": "",
    "range": "",
    "qty": "AR",
    "positions": [],
    "reach": [],
    "history": []
  },
  {
    "call": "4",
    "part": "91128947",
    "desc": "PAINT,AEROSOL SPRAY,KRYPTON GREEN (41L) (PAINT CODE L380) (2 COAT) (NLS.- USE 9194255 17 71 380)",
    "usage": "",
    "range": "",
    "qty": "AR",
    "positions": [],
    "reach": [],
    "history": []
  },
  {
    "call": "4",
    "part": "90371870",
    "desc": "PAINT,AEROSOL SPRAY,BERMUDA GREEN (43L) (PAINT CODE L366) (2 COAT) (NLS.- NO REPLACEMENT PART)",
    "usage": "",
    "range": "",
    "qty": "AR",
    "positions": [],
    "reach": [],
    "history": []
  },
  {
    "call": "4",
    "part": "90543787",
    "desc": "PAINT,AEROSOL SPRAY,CLASSIC GREEN (45L) (PAINT CODE L374) (2 COAT) (NLS.- USE 90543785 17 71 374)",
    "usage": "",
    "range": "",
    "qty": "AR",
    "positions": [],
    "reach": [],
    "history": []
  },
  {
    "call": "4",
    "part": "90372014",
    "desc": "PAINT,AEROSOL SPRAY,SILVER MOSS (45L) (PAINT CODE L345) (2 COAT) (NLS.- USE 90188226 17 71 345)",
    "usage": "",
    "range": "",
    "qty": "AR",
    "positions": [],
    "reach": [],
    "history": []
  },
  {
    "call": "4",
    "part": "90371864",
    "desc": "PAINT,AEROSOL SPRAY,JUNGLE GREEN (PAINT CODE L359) (2 COAT) (NLS.- USE 90443976 17 71 359)",
    "usage": "",
    "range": "",
    "qty": "AR",
    "positions": [],
    "reach": [],
    "history": []
  },
  {
    "call": "4",
    "part": "91131993",
    "desc": "PAINT,AEROSOL SPRAY,KIWI GREEN (49L) (PAINT CODE L384) (2 COAT) (NLS.- USE 9194994 17 71 384)",
    "usage": "",
    "range": "",
    "qty": "AR",
    "positions": [],
    "reach": [],
    "history": []
  },
  {
    "call": "4",
    "part": "90372001",
    "desc": "PAINT,AEROSOL SPRAY,PLATINUM METALLIC (50L) (PAINT CODE L112) (2 COAT) (NLS.- USE 90010329 17 71 112)",
    "usage": "",
    "range": "",
    "qty": "AR",
    "positions": [],
    "reach": [],
    "history": []
  },
  {
    "call": "4",
    "part": "91131982",
    "desc": "PAINT,AEROSOL SPRAY,PEARL RED (50U) (PAINT CODE L586) (2 COAT) (NLS.- USE 9194973 17 71 586)",
    "usage": "",
    "range": "",
    "qty": "AR",
    "positions": [],
    "reach": [],
    "history": []
  },
  {
    "call": "4",
    "part": "90544073",
    "desc": "PAINT,AEROSOL SPRAY,YELLOWSTONE (52L) (PAINT CODE L492) (2 COAT) (NLS.- NO REPLACEMENT PART)",
    "usage": "",
    "range": "",
    "qty": "AR",
    "positions": [],
    "reach": [],
    "history": []
  },
  {
    "call": "4",
    "part": "90371894",
    "desc": "PAINT,AEROSOL SPRAY,BROCADE YELLOW (53L) (PAINT CODE L488) (2 COAT) (NLS.- USE 90541558 17 71 488)",
    "usage": "",
    "range": "",
    "qty": "AR",
    "positions": [],
    "reach": [],
    "history": []
  },
  {
    "call": "4",
    "part": "91158292",
    "desc": "PAINT,AEROSOL SPRAY,MOONLAND (54L) (PAINT CODE L155) (2 COAT) (NLS.- USE 9200106 17 71 155)",
    "usage": "",
    "range": "",
    "qty": "AR",
    "positions": [],
    "reach": [],
    "history": []
  },
  {
    "call": "4",
    "part": "91131984",
    "desc": "PAINT,AEROSOL SPRAY,PERSIA (58L) (PAINT CODE L299) (2 COAT) (NLS.- USE 9194976 17 71 299)",
    "usage": "",
    "range": "",
    "qty": "AR",
    "positions": [],
    "reach": [],
    "history": []
  },
  {
    "call": "4",
    "part": "90371888",
    "desc": "PAINT,AEROSOL SPRAY,APACHE (61L) (PAINT CODE L484) (2 COAT) (NLS.- USE 90510552 17 71 484)",
    "usage": "",
    "range": "",
    "qty": "AR",
    "positions": [],
    "reach": [],
    "history": []
  },
  {
    "call": "4",
    "part": "90544067",
    "desc": "PAINT,AEROSOL SPRAY,SIAM BEIGE (63L) (PAINT CODE L491) (2 COAT) (NLS.- NO REPLACEMENT PART)",
    "usage": "",
    "range": "",
    "qty": "AR",
    "positions": [],
    "reach": [],
    "history": []
  },
  {
    "call": "4",
    "part": "90371850",
    "desc": "PAINT,AEROSOL SPRAY,MAGNETIC BLUE (64L) (PAINT CODE L288) (2 COAT) (NLS.- USE 90512094 17 71 288)",
    "usage": "",
    "range": "",
    "qty": "AR",
    "positions": [],
    "reach": [],
    "history": []
  },
  {
    "call": "4",
    "part": "90371876",
    "desc": "PAINT,AEROSOL SPRAY,RIO VERDE (65L) (PAINT CODE L369) (2 COAT) (NLS.- USE 90540083 17 71 369)",
    "usage": "",
    "range": "",
    "qty": "AR",
    "positions": [],
    "reach": [],
    "history": []
  },
  {
    "call": "4",
    "part": "90371878",
    "desc": "PAINT,AEROSOL SPRAY,SAVANNA (66L) (PAINT CODE L370) (2 COAT) (NLS.- USE 90540088 17 71 370)",
    "usage": "",
    "range": "",
    "qty": "AR",
    "positions": [],
    "reach": [],
    "history": []
  },
  {
    "call": "4",
    "part": "90371874",
    "desc": "PAINT,AEROSOL SPRAY,ICELAND (67L) (PAINT CODE L368) (2 COAT) (NLS.- NO REPLACEMENT PART)",
    "usage": "",
    "range": "",
    "qty": "AR",
    "positions": [],
    "reach": [],
    "history": []
  },
  {
    "call": "4",
    "part": "91158294",
    "desc": "PAINT,AEROSOL SPRAY,CITY RED (67U) (PAINT CODE L591) (2 COAT) (NLS.- USE 9200111 17 71 591)",
    "usage": "",
    "range": "",
    "qty": "AR",
    "positions": [],
    "reach": [],
    "history": []
  },
  {
    "call": "4",
    "part": "90371908",
    "desc": "PAINT,AEROSOL SPRAY,RIOJA (69L) (PAINT CODE L568) (2 COAT) (NLS.- NO REPLACEMENT PART)",
    "usage": "",
    "range": "",
    "qty": "AR",
    "positions": [],
    "reach": [],
    "history": []
  },
  {
    "call": "4",
    "part": "91158300",
    "desc": "PAINT,AEROSOL SPRAY,PETROL (69L) (PAINT CODE 20M) (2 COAT) (NLS.- USE 9200121 17 65 004)",
    "usage": "",
    "range": "",
    "qty": "AR",
    "positions": [],
    "reach": [],
    "history": []
  },
  {
    "call": "4",
    "part": "91158296",
    "desc": "PAINT,AEROSOL SPRAY,SPACE GREEN (69U) (PAINT CODE L388) (2 COAT) (NLS.- USE 9200115 17 71 388)",
    "usage": "",
    "range": "",
    "qty": "AR",
    "positions": [],
    "reach": [],
    "history": []
  },
  {
    "call": "4",
    "part": "90544078",
    "desc": "PAINT,AEROSOL SPRAY,ROSE (70L) (PAINT CODE L576) (2 COAT) (NLS.- NO REPLACEMENT PART)",
    "usage": "",
    "range": "",
    "qty": "AR",
    "positions": [],
    "reach": [],
    "history": []
  },
  {
    "call": "4",
    "part": "91158290",
    "desc": "PAINT,AEROSOL SPRAY,BAROLO RED (70U) (PAINT CODE L592) (2 COAT) (NLS.- USE 9200103 17 71 592)",
    "usage": "",
    "range": "",
    "qty": "AR",
    "positions": [],
    "reach": [],
    "history": []
  },
  {
    "call": "4",
    "part": "90371914",
    "desc": "PAINT,AEROSOL SPRAY,KODIAK (71L) (PAINT CODE L572) (2 COAT) (NLS.- NO REPLACEMENT PART)",
    "usage": "",
    "range": "",
    "qty": "AR",
    "positions": [],
    "reach": [],
    "history": []
  },
  {
    "call": "4",
    "part": "90371904",
    "desc": "PAINT,AEROSOL SPRAY,SATIN RED (72L) (PAINT CODE L549) (2 COAT) (NLS.- USE 90421951 17 71 549)",
    "usage": "",
    "range": "",
    "qty": "AR",
    "positions": [],
    "reach": [],
    "history": []
  },
  {
    "call": "4",
    "part": "90371962",
    "desc": "PAINT,AEROSOL SPRAY,BORDEAUX RED (73L) (PAINT CODE L545) (2 COAT) (NLS.- NO REPLACEMENT PART)",
    "usage": "",
    "range": "",
    "qty": "AR",
    "positions": [],
    "reach": [],
    "history": []
  },
  {
    "call": "4",
    "part": "91128949",
    "desc": "PAINT,AEROSOL SPRAY,MARSEILLE RED 2 (73L) (PAINT CODE L589) (2 COAT) (NLS.- NO REPLACEMENT PART)",
    "usage": "",
    "range": "",
    "qty": "AR",
    "positions": [],
    "reach": [],
    "history": []
  },
  {
    "call": "4",
    "part": "90371958",
    "desc": "PAINT,AEROSOL SPRAY,AUBERGINE (74L) (PAINT CODE L544) (2 COAT) (NLS.- NO REPLACEMENT PART)",
    "usage": "",
    "range": "",
    "qty": "AR",
    "positions": [],
    "reach": [],
    "history": []
  },
  {
    "call": "4",
    "part": "90371964",
    "desc": "PAINT,AEROSOL SPRAY,CALYPSO RED (75L) (PAINT CODE L540) (2 COAT) (NLS.- NO REPLACEMENT PART)",
    "usage": "",
    "range": "",
    "qty": "AR",
    "positions": [],
    "reach": [],
    "history": []
  },
  {
    "call": "4",
    "part": "90371968",
    "desc": "PAINT,AEROSOL SPRAY,CARNELIAN RED (79L) (PAINT CODE L534) (2 COAT) (NLS.- NO REPLACEMENT PART)",
    "usage": "",
    "range": "",
    "qty": "AR",
    "positions": [],
    "reach": [],
    "history": []
  },
  {
    "call": "4",
    "part": "90371953",
    "desc": "PAINT,AEROSOL SPRAY,ANTHRACITE (81L) (PAINT CODE L107) (2 COAT) (NLS.- NO REPLACEMENT PART)",
    "usage": "",
    "range": "",
    "qty": "AR",
    "positions": [],
    "reach": [],
    "history": []
  },
  {
    "call": "4",
    "part": "90371806",
    "desc": "PAINT,AEROSOL SPRAY,STAR SILVER II (82L) (83U) (PAINT CODE L147) (2 COAT) (NLS.- USE 90543055 17 71 147)",
    "usage": "",
    "range": "",
    "qty": "AR",
    "positions": [],
    "reach": [],
    "history": []
  },
  {
    "call": "4",
    "part": "90371990",
    "desc": "PAINT,AEROSOL SPRAY,MISTRAL GREY (83L) (PAINT CODE L119) (2 COAT) (NLS.- USE 90350146 17 71 119)",
    "usage": "",
    "range": "",
    "qty": "AR",
    "positions": [],
    "reach": [],
    "history": []
  },
  {
    "call": "4",
    "part": "91131986",
    "desc": "PAINT,AEROSOL SPRAY,GRAPHITE 2 (85L) (PAINT CODE L385) (NLS.- USE 9194979 17 71 385)",
    "usage": "",
    "range": "",
    "qty": "AR",
    "positions": [],
    "reach": [],
    "history": []
  },
  {
    "call": "4",
    "part": "90371956",
    "desc": "PAINT,AEROSOL SPRAY,ASTRO SILVER (86L) (PAINT CODE L128) (2 COAT) (NLS.- NO REPLACEMENT PART)",
    "usage": "",
    "range": "",
    "qty": "AR",
    "positions": [],
    "reach": [],
    "history": []
  },
  {
    "call": "4",
    "part": "91158304",
    "desc": "PAINT,AEROSOL SPRAY,FIFTIES GREEN (86U) (PAINT CODE L386) (2 COAT) (NLS.- USE 9200144 17 71 386)",
    "usage": "",
    "range": "",
    "qty": "AR",
    "positions": [],
    "reach": [],
    "history": []
  },
  {
    "call": "4",
    "part": "9121980",
    "desc": "PAINT,AEROSOL SPRAY,BLACK 2 (PAINT CODE 20C) (2 COAT) (NLS.- USE 9121978 17 65 000)",
    "usage": "",
    "range": "",
    "qty": "AR",
    "positions": [],
    "reach": [],
    "history": []
  },
  {
    "call": "4",
    "part": "90371972",
    "desc": "PAINT,AEROSOL SPRAY,COBALT BLUE (89L) (PAINT CODE L263) (2 COAT) (NLS.- NO REPLACEMENT PART)",
    "usage": "",
    "range": "",
    "qty": "AR",
    "positions": [],
    "reach": [],
    "history": []
  },
  {
    "call": "4",
    "part": "90371920",
    "desc": "PAINT,AEROSOL SPRAY,BOLOGNA RED (PAINT CODE L575) (2 COAT) (NLS.- NO REPLACEMENT PART)",
    "usage": "",
    "range": "",
    "qty": "AR",
    "positions": [],
    "reach": [],
    "history": []
  },
  {
    "call": "4",
    "part": "90543792",
    "desc": "PAINT,AEROSOL SPRAY,ANTELOPE (91L) (PAINT CODE L490) (2 COAT) (NLS.- USE 90543790 17 71 490)",
    "usage": "",
    "range": "",
    "qty": "AR",
    "positions": [],
    "reach": [],
    "history": []
  },
  {
    "call": "4",
    "part": "91156773",
    "desc": "PAINT,AEROSOL SPRAY,YUKON SILVER (92L) (PAINT CODE L149) (2 COAT) (NLS.- NO REPLACEMENT PART)",
    "usage": "",
    "range": "",
    "qty": "AR",
    "positions": [],
    "reach": [],
    "history": []
  },
  {
    "call": "4",
    "part": "91156779",
    "desc": "PAINT,AEROSOL SPRAY,WILLOW SILVER (93L) (PAINT CODE L150) (2 COAT) (NLS.- NO REPLACEMENT PART)",
    "usage": "",
    "range": "",
    "qty": "AR",
    "positions": [],
    "reach": [],
    "history": []
  },
  {
    "call": "4",
    "part": "9119209",
    "desc": "PAINT,AEROSOL SPRAY,MIRAGE (94L) (PAINT CODE L151) (2 COAT) (NLS.- USE 9119207 17 71 151)",
    "usage": "",
    "range": "",
    "qty": "AR",
    "positions": [],
    "reach": [],
    "history": []
  },
  {
    "call": "4",
    "part": "90371868",
    "desc": "PAINT,AEROSOL SPRAY,GRAPHITE (95L) (PAINT CODE L363) (2 COAT) (NLS.- USE 90510423 17 71 363)",
    "usage": "",
    "range": "",
    "qty": "AR",
    "positions": [],
    "reach": [],
    "history": []
  },
  {
    "call": "4",
    "part": "90371797",
    "desc": "PAINT,AEROSOL SPRAY,SMOKE GREY (96L) (PAINT CODE L140) (2 COAT) (NLS.- USE 90442742 17 71 140)",
    "usage": "",
    "range": "",
    "qty": "AR",
    "positions": [],
    "reach": [],
    "history": []
  },
  {
    "call": "4",
    "part": "90371804",
    "desc": "PAINT,AEROSOL SPRAY,OLIVE GREY (97L) (PAINT CODE L146) (2 COAT) (NLS.- USE 90540073 17 71 146)",
    "usage": "",
    "range": "",
    "qty": "AR",
    "positions": [],
    "reach": [],
    "history": []
  },
  {
    "call": "4",
    "part": "90371826",
    "desc": "PAINT,AEROSOL SPRAY,LAGOON BLUE (PAINT CODE L271) (2 COAT) (NLS.- NO REPLACEMENT PART)",
    "usage": "",
    "range": "",
    "qty": "AR",
    "positions": [],
    "reach": [],
    "history": []
  },
  {
    "call": "4",
    "part": "90372017",
    "desc": "PAINT,AEROSOL SPRAY,STEEL GREY (PAINT CODE L114) (NLS.- USE 90010330 17 71 114)",
    "usage": "",
    "range": "",
    "qty": "AR",
    "positions": [],
    "reach": [],
    "history": []
  },
  {
    "call": "4",
    "part": "90371808",
    "desc": "PAINT,AEROSOL SPRAY,STAR SILVER (PAINT CODE L148) (2 COAT) (NLS.- NO REPLACEMENT PART)",
    "usage": "",
    "range": "",
    "qty": "AR",
    "positions": [],
    "reach": [],
    "history": []
  },
  {
    "call": "4",
    "part": "91158298",
    "desc": "PAINT,AEROSOL SPRAY,STAR SILVER III (PAINT CODE L157) (2 COAT) (NLS.- USE 9200118 17 71 157)",
    "usage": "",
    "range": "",
    "qty": "AR",
    "positions": [],
    "reach": [],
    "history": []
  },
  {
    "call": "4",
    "part": "91158492",
    "desc": "PAINT,AEROSOL SPRAY,OYSTER METALLIC (PAINT CODE L158) (2 COAT) (NLS.- USE 93170636 17 71 158)",
    "usage": "",
    "range": "",
    "qty": "AR",
    "positions": [],
    "reach": [],
    "history": []
  },
  {
    "call": "4",
    "part": "93160515",
    "desc": "PAINT,AEROSOL SPRAY,SILVER LIGHTNING (PAINT CODE L163) (2 COAT) (NLS.- USE 93160513 17 71 163)",
    "usage": "",
    "range": "",
    "qty": "AR",
    "positions": [],
    "reach": [],
    "history": []
  },
  {
    "call": "4",
    "part": "90372023",
    "desc": "PAINT,AEROSOL SPRAY,WESTMINSTER BLUE (PAINT CODE L262) (2 COAT) (NLS.- USE 90350144 17 71 262)",
    "usage": "",
    "range": "",
    "qty": "AR",
    "positions": [],
    "reach": [],
    "history": []
  },
  {
    "call": "4",
    "part": "90544084",
    "desc": "PAINT,AEROSOL SPRAY,EUROPE BLUE (PAINT CODE L294) (2 COAT) (NLS.- USE 90544081 17 71 294)",
    "usage": "",
    "range": "",
    "qty": "AR",
    "positions": [],
    "reach": [],
    "history": []
  },
  {
    "call": "4",
    "part": "90372010",
    "desc": "PAINT,AEROSOL SPRAY,REMBRANDT SILVER (PAINT CODE L137) (2 COAT) (NLS.- USE 90350147 17 71 137)",
    "usage": "",
    "range": "",
    "qty": "AR",
    "positions": [],
    "reach": [],
    "history": []
  },
  {
    "call": "4",
    "part": "90371872",
    "desc": "PAINT,AEROSOL SPRAY,SHERWOOD GREEN (DH) (PAINT CODE L367) (2 COAT) (NLS.- NO REPLACEMENT PART)",
    "usage": "",
    "range": "",
    "qty": "AR",
    "positions": [],
    "reach": [],
    "history": []
  },
  {
    "call": "4",
    "part": "90543331",
    "desc": "PAINT,AEROSOL SPRAY,LEAF GREEN (38L) (PAINT CODE L372) (2 COAT) (NLS.- NO REPLACEMENT PART)",
    "usage": "",
    "range": "",
    "qty": "AR",
    "positions": [],
    "reach": [],
    "history": []
  },
  {
    "call": "4",
    "part": "90371882",
    "desc": "PAINT,AEROSOL SPRAY,TROPICAL GREEN (PAINT CODE L376) (2 COAT) (NLS.- NO REPLACEMENT PART)",
    "usage": "",
    "range": "",
    "qty": "AR",
    "positions": [],
    "reach": [],
    "history": []
  },
  {
    "call": "4",
    "part": "9119204",
    "desc": "PAINT,AEROSOL SPRAY,CYPRESS GREEN (PAINT CODE L377) (2 COAT) (NLS.- USE 9119202 17 71 377)",
    "usage": "",
    "range": "",
    "qty": "AR",
    "positions": [],
    "reach": [],
    "history": []
  },
  {
    "call": "4",
    "part": "90371824",
    "desc": "PAINT,AEROSOL SPRAY,SPECTRAL BLUE (PAINT CODE L270) (2 COAT) (NLS.- USE 90421952 17 71 270)",
    "usage": "",
    "range": "",
    "qty": "AR",
    "positions": [],
    "reach": [],
    "history": []
  },
  {
    "call": "4",
    "part": "91158494",
    "desc": "PAINT,AEROSOL SPRAY,FERN GREEN (PAINT CODE L392) (2 COAT) (NLS.- USE 93170639 17 71 392)",
    "usage": "",
    "range": "",
    "qty": "AR",
    "positions": [],
    "reach": [],
    "history": []
  },
  {
    "call": "4",
    "part": "91158496",
    "desc": "PAINT,AEROSOL SPRAY,BAMBOO GREEN (PAINT CODE L393) (2 COAT) (NLS.- USE 93170642 17 71 393)",
    "usage": "",
    "range": "",
    "qty": "AR",
    "positions": [],
    "reach": [],
    "history": []
  },
  {
    "call": "4",
    "part": "91158545",
    "desc": "PAINT,AEROSOL SPRAY,TUNDRA GREEN (PAINT CODE L395) (2 COAT) (NLS.- USE 93170660 17 71 395)",
    "usage": "",
    "range": "",
    "qty": "AR",
    "positions": [],
    "reach": [],
    "history": []
  },
  {
    "call": "4",
    "part": "91158479",
    "desc": "PAINT,AEROSOL SPRAY,OCEAN GREEN (PAINT CODE L396) (2 COAT) (NLS.- USE 93170379 17 71 396)",
    "usage": "",
    "range": "",
    "qty": "AR",
    "positions": [],
    "reach": [],
    "history": []
  },
  {
    "call": "4",
    "part": "91158590",
    "desc": "PAINT,AEROSOL SPRAY,SPEARMINT SILVER (PAINT CODE L397) (2 COAT) (NLS.- USE 93160343 17 71 397)",
    "usage": "",
    "range": "",
    "qty": "AR",
    "positions": [],
    "reach": [],
    "history": []
  },
  {
    "call": "4",
    "part": "90371998",
    "desc": "PAINT,AEROSOL SPRAY,ORIENT BLUE (PAINT CODE L248) (2 COAT) (NLS.- NO REPLACEMENT PART)",
    "usage": "",
    "range": "",
    "qty": "AR",
    "positions": [],
    "reach": [],
    "history": []
  },
  {
    "call": "4",
    "part": "90371896",
    "desc": "PAINT,AEROSOL SPRAY,CHAMPAGNE (PAINT CODE L489) (68L) (2 COAT) (NLS.- USE 90541553 17 71 489)",
    "usage": "",
    "range": "",
    "qty": "AR",
    "positions": [],
    "reach": [],
    "history": []
  },
  {
    "call": "4",
    "part": "9119214",
    "desc": "PAINT,AEROSOL SPRAY,COPPER (PAINT CODE L495) (2 COAT) (NLS.- NO REPLACEMENT PART)",
    "usage": "",
    "range": "",
    "qty": "AR",
    "positions": [],
    "reach": [],
    "history": []
  },
  {
    "call": "4",
    "part": "90371912",
    "desc": "PAINT,AEROSOL SPRAY,CALYPSO RED (PAINT CODE L570) (2 COAT) (NLS.- NO REPLACEMENT PART)",
    "usage": "",
    "range": "",
    "qty": "AR",
    "positions": [],
    "reach": [],
    "history": []
  },
  {
    "call": "4",
    "part": "91158498",
    "desc": "PAINT,AEROSOL SPRAY,TIERRA DEL FUEGO (PAINT CODE L590) (2 COAT) (NLS.- NO REPLACEMENT PART)",
    "usage": "",
    "range": "",
    "qty": "AR",
    "positions": [],
    "reach": [],
    "history": []
  },
  {
    "call": "4",
    "part": "91158537",
    "desc": "PAINT,AEROSOL SPRAY,RUBENS RED (PAINT CODE L594) (2 COAT) (NLS.- USE 93170648 17 71 594)",
    "usage": "",
    "range": "",
    "qty": "AR",
    "positions": [],
    "reach": [],
    "history": []
  },
  {
    "call": "4",
    "part": "91158390",
    "desc": "PAINT,AEROSOL SPRAY,CAPE BLUE (PAINT CODE L612) (2 COAT) (NLS.- NO REPLACEMENT PART)",
    "usage": "",
    "range": "",
    "qty": "AR",
    "positions": [],
    "reach": [],
    "history": []
  },
  {
    "call": "4",
    "part": "91158437",
    "desc": "PAINT,AEROSOL SPRAY,SATIN GOLD (PAINT CODE L613) (2 COAT) (NLS.- NO REPLACEMENT PART)",
    "usage": "",
    "range": "",
    "qty": "AR",
    "positions": [],
    "reach": [],
    "history": []
  },
  {
    "call": "4",
    "part": "91128883",
    "desc": "PAINT,AEROSOL SPRAY,ASTRAL SILVER (PAINT CODE L718) (2 COAT) (NLS.- NO REPLACEMENT PART)",
    "usage": "",
    "range": "",
    "qty": "AR",
    "positions": [],
    "reach": [],
    "history": []
  },
  {
    "call": "4",
    "part": "90443955",
    "desc": "PAINT,AEROSOL SPRAY,GOLD GREEN (PAINT CODE L757) (2 COAT) (NLS.- USE 90371936 )",
    "usage": "",
    "range": "",
    "qty": "AR",
    "positions": [],
    "reach": [],
    "history": []
  },
  {
    "call": "4",
    "part": "91131990",
    "desc": "PAINT,AEROSOL SPRAY,CAPRI YELLOW (PAINT CODE 40B) (2 COAT) (NLS.- USE 9194985 17 65 003)",
    "usage": "",
    "range": "",
    "qty": "AR",
    "positions": [],
    "reach": [],
    "history": []
  },
  {
    "call": "4",
    "part": "90371820",
    "desc": "PAINT,AEROSOL SPRAY,DIAMOND BLACK (81L) (PAINT CODE L266) (2 COAT) (NLS.- USE 90397035 17 71 266)",
    "usage": "",
    "range": "",
    "qty": "AR",
    "positions": [],
    "reach": [],
    "history": []
  },
  {
    "call": "4",
    "part": "90371944",
    "desc": "PAINT,AEROSOL SPRAY,HUNTING GREEN (PAINT CODE L763) (2 COAT) (NLS.- NO REPLACEMENT PART)",
    "usage": "",
    "range": "",
    "qty": "AR",
    "positions": [],
    "reach": [],
    "history": []
  },
  {
    "call": "4",
    "part": "90371946",
    "desc": "PAINT,AEROSOL SPRAY,IRON GREY (PAINT CODE L849) (2 COAT) (NLS.- NO REPLACEMENT PART)",
    "usage": "",
    "range": "",
    "qty": "AR",
    "positions": [],
    "reach": [],
    "history": []
  },
  {
    "call": "4",
    "part": "90371950",
    "desc": "PAINT,AEROSOL SPRAY,RED ROCK (PAINT CODE L872) (2 COAT) (NLS.- NO REPLACEMENT PART)",
    "usage": "",
    "range": "",
    "qty": "AR",
    "positions": [],
    "reach": [],
    "history": []
  },
  {
    "call": "4",
    "part": "91128882",
    "desc": "PAINT,AEROSOL SPRAY,ALPINE WHITE (PAINT CODE L877) (2 COAT) (NLS.- NO REPLACEMENT PART)",
    "usage": "",
    "range": "",
    "qty": "AR",
    "positions": [],
    "reach": [],
    "history": []
  },
  {
    "call": "4",
    "part": "91128886",
    "desc": "PAINT,AEROSOL SPRAY,KIEZER SILVER (PAINT CODE L878) (2 COAT) (NLS.- NO REPLACEMENT PART)",
    "usage": "",
    "range": "",
    "qty": "AR",
    "positions": [],
    "reach": [],
    "history": []
  },
  {
    "call": "4",
    "part": "91128880",
    "desc": "PAINT,AEROSOL SPRAY,RANGER GREEN (PAINT CODE L880) (2 COAT) (NLS.- NO REPLACEMENT PART)",
    "usage": "",
    "range": "",
    "qty": "AR",
    "positions": [],
    "reach": [],
    "history": []
  },
  {
    "call": "4",
    "part": "91132296",
    "desc": "PAINT,AEROSOL SPRAY,DARK TEAL (US-CODE 132A) (2 COAT) (NLS.- USE 90371789)",
    "usage": "",
    "range": "",
    "qty": "AR",
    "positions": [],
    "reach": [],
    "history": []
  },
  {
    "call": "4",
    "part": "91132304",
    "desc": "PAINT,AEROSOL SPRAY,DARK LICHEN (US-CODE 208C) (47U) (2 COAT) (NLS.- USE 90371791)",
    "usage": "",
    "range": "",
    "qty": "AR",
    "positions": [],
    "reach": [],
    "history": []
  },
  {
    "call": "4",
    "part": "91156775",
    "desc": "PAINT,AEROSOL SPRAY,MIDNIGHT BLACK (PAINT CODE L298) (2 COAT) (NLS.- USE 9120286 17 71 298)",
    "usage": "",
    "range": "",
    "qty": "AR",
    "positions": [],
    "reach": [],
    "history": []
  },
  {
    "call": "4",
    "part": "90371800",
    "desc": "PAINT,AEROSOL SPRAY,MAGIC GREY (PAINT CODE L144) (2 COAT) (NLS.- USE 90487739 17 71 144)",
    "usage": "",
    "range": "",
    "qty": "AR",
    "positions": [],
    "reach": [],
    "history": []
  },
  {
    "call": "4",
    "part": "93165118",
    "desc": "PAINT,AEROSOL SPRAY,ANTIGUA (PAINT CODE 21H) (2 COAT) (NLS.- USE 93165116 17 65 046)",
    "usage": "",
    "range": "",
    "qty": "AR",
    "positions": [],
    "reach": [],
    "history": []
  },
  {
    "call": "4",
    "part": "91157022",
    "desc": "PAINT,AEROSOL SPRAY,REDFIRE (US-CODE 526F) (2 COAT) (NLS.- NO REPLACEMENT PART)",
    "usage": "",
    "range": "",
    "qty": "AR",
    "positions": [],
    "reach": [],
    "history": []
  },
  {
    "call": "4",
    "part": "90371783",
    "desc": "PAINT,AEROSOL SPRAY,NEWPORT BLUE (US-CODE 8743) (2 COAT) (NLS.- NO REPLACEMENT PART)",
    "usage": "",
    "range": "",
    "qty": "AR",
    "positions": [],
    "reach": [],
    "history": []
  },
  {
    "call": "4",
    "part": "90371900",
    "desc": "PAINT,AEROSOL SPRAY,FLAME RED (PAINT CODE L547) (2 COAT) (NLS.- USE 90350143 17 71 547)",
    "usage": "",
    "range": "",
    "qty": "AR",
    "positions": [],
    "reach": [],
    "history": []
  },
  {
    "call": "4",
    "part": "90371992",
    "desc": "PAINT,AEROSOL SPRAY,MONACO BLUE (29L) (PAINT CODE L249) (2 COAT) (NLS.- USE 90010197 17 71 249)",
    "usage": "",
    "range": "",
    "qty": "AR",
    "positions": [],
    "reach": [],
    "history": []
  },
  {
    "call": "4",
    "part": "93165122",
    "desc": "PAINT,AEROSOL SPRAY,ROBO GREEN (PAINT CODE 30B) (2 COAT) (NLS.- USE 93165120 17 65 047)",
    "usage": "",
    "range": "",
    "qty": "AR",
    "positions": [],
    "reach": [],
    "history": []
  },
  {
    "call": "4",
    "part": "93165126",
    "desc": "PAINT,AEROSOL SPRAY,YELLOW PUNCH (PAINT CODE 40K) (2 COAT) (NLS.- USE 93165124 17 65 048)",
    "usage": "",
    "range": "",
    "qty": "AR",
    "positions": [],
    "reach": [],
    "history": []
  },
  {
    "call": "4",
    "part": "90371918",
    "desc": "PAINT,AEROSOL SPRAY,CHIANTI RED (PAINT CODE L574) (2 COAT) (NLS.- USE 90541548 17 71 574)",
    "usage": "",
    "range": "",
    "qty": "AR",
    "positions": [],
    "reach": [],
    "history": []
  },
  {
    "call": "4",
    "part": "90371982",
    "desc": "PAINT,AEROSOL SPRAY,LASER BLUE (12L) (PAINT CODE L257) (2 COAT)",
    "usage": "",
    "range": "",
    "qty": "AR",
    "positions": [],
    "reach": [],
    "history": []
  },
  {
    "call": "4",
    "part": "90371856",
    "desc": "PAINT,AEROSOL SPRAY,ARDEN BLUE (12L) (PAINT CODE L291) (2 COAT) (NLS.- NO REPLACEMENT PART)",
    "usage": "",
    "range": "",
    "qty": "AR",
    "positions": [],
    "reach": [],
    "history": []
  },
  {
    "call": "4",
    "part": "93160967",
    "desc": "PAINT,AEROSOL SPRAY,AIR BLUE (PAINT CODE 21C) (2 COAT) (NLS.- USE 93160965 17 65 035)",
    "usage": "",
    "range": "",
    "qty": "AR",
    "positions": [],
    "reach": [],
    "history": []
  },
  {
    "call": "4",
    "part": "93160959",
    "desc": "PAINT,AEROSOL SPRAY,LILAC (PAINT CODE L166) (2 COAT) (NLS.- USE 93160957 17 71 166)",
    "usage": "",
    "range": "",
    "qty": "AR",
    "positions": [],
    "reach": [],
    "history": []
  },
  {
    "call": "4",
    "part": "90371980",
    "desc": "PAINT,AEROSOL SPRAY,HELIOS BLUE (PAINT CODE L201) (2 COAT) (NLS.- USE 90167724 17 71 201)",
    "usage": "",
    "range": "",
    "qty": "AR",
    "positions": [],
    "reach": [],
    "history": []
  },
  {
    "call": "4",
    "part": "91158314",
    "desc": "PAINT,AEROSOL SPRAY,KINGS BLUE (22L) (PAINT CODE L269) (2 COAT) (NLS.- USE 90421949 17 71 269)",
    "usage": "",
    "range": "",
    "qty": "AR",
    "positions": [],
    "reach": [],
    "history": []
  },
  {
    "call": "4",
    "part": "90371978",
    "desc": "PAINT,AEROSOL SPRAY,HAZE BLUE (21L) (PAINT CODE L261) (2 COAT) (NLS.- NO REPLACEMENT PART)",
    "usage": "",
    "range": "",
    "qty": "AR",
    "positions": [],
    "reach": [],
    "history": []
  },
  {
    "call": "4",
    "part": "90371789",
    "desc": "PAINT,AEROSOL SPRAY,ENGLISH GREEN (US-CODE 132A) (35U) (2 COAT) (NLS.- USE 90513538 17 63 302)",
    "usage": "",
    "range": "",
    "qty": "AR",
    "positions": [],
    "reach": [],
    "history": []
  },
  {
    "call": "4",
    "part": "90371791",
    "desc": "PAINT,AEROSOL SPRAY,OLYMPIC BRONZE (US-CODE 208C) (2 COAT) (NLS.- USE 90513550 17 63 306)",
    "usage": "",
    "range": "",
    "qty": "AR",
    "positions": [],
    "reach": [],
    "history": []
  },
  {
    "call": "4",
    "part": "93165085",
    "desc": "PAINT,AEROSOL SPRAY,OLYMPIA BLUE (PAINT CODE 21K) (2 COAT) (NLS.- USE 93165083 17 65 045)",
    "usage": "",
    "range": "",
    "qty": "AR",
    "positions": [],
    "reach": [],
    "history": []
  },
  {
    "call": "4",
    "part": "93160987",
    "desc": "PAINT,AEROSOL SPRAY,SUNRISE ORANGE (PAINT CODE L598) (2 COAT) (NLS.- USE 93160985 17 71 598)",
    "usage": "",
    "range": "",
    "qty": "AR",
    "positions": [],
    "reach": [],
    "history": []
  },
  {
    "call": "4",
    "part": "93160971",
    "desc": "PAINT,AEROSOL SPRAY,PANORAMA BLUE (PAINT CODE 21E) (2 COAT) (NLS.- USE 93160969 17 65 036)",
    "usage": "",
    "range": "",
    "qty": "AR",
    "positions": [],
    "reach": [],
    "history": []
  },
  {
    "call": "4",
    "part": "93160983",
    "desc": "PAINT,AEROSOL SPRAY,SARDINIA BLUE (PAINT CODE 21D) (BERTONE) (2 COAT) (NLS.- USE 93160981 17 65 038)",
    "usage": "",
    "range": "",
    "qty": "AR",
    "positions": [],
    "reach": [],
    "history": []
  },
  {
    "call": "4",
    "part": "93160979",
    "desc": "PAINT,AEROSOL SPRAY,PAPYRUS (PAINT CODE 40H) (2 COAT) (NLS.- USE 93160977 17 65 039)",
    "usage": "",
    "range": "",
    "qty": "AR",
    "positions": [],
    "reach": [],
    "history": []
  },
  {
    "call": "4",
    "part": "93160963",
    "desc": "PAINT,AEROSOL SPRAY,DIGITAL GREEN (PAINT CODE L398) (2 COAT) (NLS.- USE 93160961 17 71 398)",
    "usage": "",
    "range": "",
    "qty": "AR",
    "positions": [],
    "reach": [],
    "history": []
  },
  {
    "call": "4",
    "part": "93160955",
    "desc": "PAINT,AEROSOL SPRAY,AMYTHYST (PAINT CODE L165) (2 COAT) (NLS.- USE 93160953 17 71 165)",
    "usage": "",
    "range": "",
    "qty": "AR",
    "positions": [],
    "reach": [],
    "history": []
  },
  {
    "call": "4",
    "part": "93165167",
    "desc": "PAINT,AEROSOL SPRAY,PANNACOTTA (PAINT CODE L167) (2 COAT) (NLS.- USE 93165165 17 71 167)",
    "usage": "",
    "range": "",
    "qty": "AR",
    "positions": [],
    "reach": [],
    "history": []
  },
  {
    "call": "4",
    "part": "93165175",
    "desc": "PAINT,AEROSOL SPRAY,ANTIGUA BAY (PAINT CODE 21P) (2 COAT) (NLS.- USE 93165173 17 65 050)",
    "usage": "",
    "range": "",
    "qty": "AR",
    "positions": [],
    "reach": [],
    "history": []
  },
  {
    "call": "4",
    "part": "93165231",
    "desc": "PAINT,AEROSOL SPRAY,BLUE VERDE (PAINT CODE 30D) (2 COAT) (NLS.- USE 93165229 17 65 053)",
    "usage": "",
    "range": "",
    "qty": "AR",
    "positions": [],
    "reach": [],
    "history": []
  },
  {
    "call": "4",
    "part": "93165269",
    "desc": "PAINT,AEROSOL SPRAY,METRO,BLUE (PAINT CODE L168) (2 COAT)",
    "usage": "",
    "range": "",
    "qty": "AR",
    "positions": [],
    "reach": [],
    "history": []
  },
  {
    "call": "4",
    "part": "93165271",
    "desc": "PAINT,AEROSOL SPRAY,MISTY MORNING (PAINT CODE L169) (2 COAT) (NLS.- NO REPLACEMENT PART)",
    "usage": "",
    "range": "",
    "qty": "AR",
    "positions": [],
    "reach": [],
    "history": []
  },
  {
    "call": "4",
    "part": "93165273",
    "desc": "PAINT,AEROSOL SPRAY,POMEGRANATE RED (PAINT CODE 50C) (2 COAT)",
    "usage": "",
    "range": "",
    "qty": "AR",
    "positions": [],
    "reach": [],
    "history": []
  },
  {
    "call": "4",
    "part": "93165285",
    "desc": "PAINT,AEROSOL SPRAY,INFERNO RED (PAINT CODE 50D) (2 COAT) (NLS.- NO REPLACEMENT PART)",
    "usage": "",
    "range": "",
    "qty": "AR",
    "positions": [],
    "reach": [],
    "history": []
  },
  {
    "call": "4",
    "part": "93165275",
    "desc": "PAINT,AEROSOL SPRAY,BOSSA NOVA (PAINT CODE 21Q) (2 COAT) (NLS.- NO REPLACEMENT PART)",
    "usage": "",
    "range": "",
    "qty": "AR",
    "positions": [],
    "reach": [],
    "history": []
  },
  {
    "call": "4",
    "part": "93165277",
    "desc": "PAINT,AEROSOL SPRAY,PURPLE SPELL (PAINT CODE 21R) (2 COAT) (NLS.- NO REPLACEMENT PART)",
    "usage": "",
    "range": "",
    "qty": "AR",
    "positions": [],
    "reach": [],
    "history": []
  },
  {
    "call": "4",
    "part": "93165279",
    "desc": "PAINT,AEROSOL SPRAY,GREEN TEA (PAINT CODE 30E) (2 COAT) (NLS.- NO REPLACEMENT PART)",
    "usage": "",
    "range": "",
    "qty": "AR",
    "positions": [],
    "reach": [],
    "history": []
  },
  {
    "call": "4",
    "part": "93165281",
    "desc": "PAINT,AEROSOL SPRAY,IRON HEART (PAINT CODE 21T) (2 COAT) (NLS.- NO REPLACEMENT PART)",
    "usage": "",
    "range": "",
    "qty": "AR",
    "positions": [],
    "reach": [],
    "history": []
  },
  {
    "call": "4",
    "part": "93165333",
    "desc": "PAINT,AEROSOL SPRAY,NIGHT BLUE (US-CODE 722J) (2 COAT) (NLS.- NO REPLACEMENT PART)",
    "usage": "",
    "range": "",
    "qty": "AR",
    "positions": [],
    "reach": [],
    "history": []
  },
  {
    "call": "4",
    "part": "93165335",
    "desc": "PAINT,AEROSOL SPRAY,SOLAR YELLOW (US-CODE 9414) (2 COAT) (NLS.- NO REPLACEMENT PART)",
    "usage": "",
    "range": "",
    "qty": "AR",
    "positions": [],
    "reach": [],
    "history": []
  },
  {
    "call": "4",
    "part": "93165339",
    "desc": "PAINT,AEROSOL SPRAY,BLACK (US-CODE 8555) (2 COAT)",
    "usage": "",
    "range": "",
    "qty": "AR",
    "positions": [],
    "reach": [],
    "history": []
  },
  {
    "call": "4",
    "part": "93165341",
    "desc": "PAINT,AEROSOL SPRAY,METAL GREY (US-CODE 911L) (2 COAT) (NLS.- NO REPLACEMENT PART)",
    "usage": "",
    "range": "",
    "qty": "AR",
    "positions": [],
    "reach": [],
    "history": []
  },
  {
    "call": "4",
    "part": "93165347",
    "desc": "PAINT,AEROSOL SPRAY,BLUESTONE (US-CODE 302N) (2 COAT) (NLS.- NO REPLACEMENT PART) (PRODUCTION NO. 88860728)",
    "usage": "",
    "range": "",
    "qty": "AR",
    "positions": [],
    "reach": [],
    "history": []
  },
  {
    "call": "4",
    "part": "93165349",
    "desc": "PAINT,AEROSOL SPRAY,VICTORY RED (US-CODE 9260) (2 COAT) (NLS.- NO REPLACEMENT PART)",
    "usage": "",
    "range": "",
    "qty": "AR",
    "positions": [],
    "reach": [],
    "history": []
  },
  {
    "call": "4",
    "part": "93165345",
    "desc": "PAINT,AEROSOL SPRAY,SILVER (US-CODE 994L) (2 COAT) (NLS.- NO REPLACEMENT PART)",
    "usage": "",
    "range": "",
    "qty": "AR",
    "positions": [],
    "reach": [],
    "history": []
  },
  {
    "call": "4",
    "part": "93165302",
    "desc": "PAINT,AEROSOL SPRAY,LANCELOT (PAINT CODE 40M) (2 COAT)",
    "usage": "",
    "range": "",
    "qty": "AR",
    "positions": [],
    "reach": [],
    "history": []
  },
  {
    "call": "4",
    "part": "90540078",
    "desc": "PAINT,AEROSOL SPRAY,NORTH CAPE (PAINT CODE L290) (2 COAT)",
    "usage": "",
    "range": "",
    "qty": "AR",
    "positions": [],
    "reach": [],
    "history": []
  },
  {
    "call": "4",
    "part": "90542465",
    "desc": "PAINT,AEROSOL SPRAY,ARDEN BLUE,LET IT BLUE (PAINT CODE L291) (2 COAT)",
    "usage": "",
    "range": "",
    "qty": "AR",
    "positions": [],
    "reach": [],
    "history": []
  },
  {
    "call": "4",
    "part": "90542790",
    "desc": "PAINT,AEROSOL SPRAY,GLACIER WHITE (PAINT CODE L289) (2 COAT)",
    "usage": "",
    "range": "",
    "qty": "AR",
    "positions": [],
    "reach": [],
    "history": []
  },
  {
    "call": "4",
    "part": "90093855",
    "desc": "PAINT,AEROSOL SPRAY,ASTRO SILVER (PAINT CODE L128) (2 COAT) (NLS.- NO REPLACEMENT PART)",
    "usage": "",
    "range": "",
    "qty": "AR",
    "positions": [],
    "reach": [],
    "history": []
  },
  {
    "call": "4",
    "part": "90297813",
    "desc": "PAINT,AEROSOL SPRAY,EMERALD GREEN (PAINT CODE L351) (2 COAT) (NLS.- NO REPLACEMENT PART)",
    "usage": "",
    "range": "",
    "qty": "AR",
    "positions": [],
    "reach": [],
    "history": []
  },
  {
    "call": "4",
    "part": "90443681",
    "desc": "PAINT,AEROSOL SPRAY,RIOJA (PAINT CODE L568) (2 COAT) (NLS.- NO REPLACEMENT PART)",
    "usage": "",
    "range": "",
    "qty": "AR",
    "positions": [],
    "reach": [],
    "history": []
  },
  {
    "call": "4",
    "part": "90421954",
    "desc": "PAINT,AEROSOL SPRAY,LAGOON BLUE (PAINT CODE L271) (2 COAT)",
    "usage": "",
    "range": "",
    "qty": "AR",
    "positions": [],
    "reach": [],
    "history": []
  },
  {
    "call": "4",
    "part": "9119212",
    "desc": "PAINT,AEROSOL SPRAY,COPPER (PAINT CODE L495) (2 COAT)",
    "usage": "",
    "range": "",
    "qty": "AR",
    "positions": [],
    "reach": [],
    "history": []
  },
  {
    "call": "4",
    "part": "93165300",
    "desc": "PAINT,AEROSOL SPRAY,PEACOCK,BLUE (PAINT CODE 21U) (NLS.- NO REPLACEMENT PART)",
    "usage": "",
    "range": "",
    "qty": "AR",
    "positions": [],
    "reach": [],
    "history": []
  },
  {
    "call": "4",
    "part": "90297814",
    "desc": "PAINT,AEROSOL SPRAY,BORDEAUX RED (PAINT CODE L545) (2 COAT) (NLS.- NO REPLACEMENT PART)",
    "usage": "",
    "range": "",
    "qty": "AR",
    "positions": [],
    "reach": [],
    "history": []
  },
  {
    "call": "4",
    "part": "90297566",
    "desc": "PAINT,AEROSOL SPRAY,AUBERGINE (PAINT CODE L544) (2 COAT)",
    "usage": "",
    "range": "",
    "qty": "AR",
    "positions": [],
    "reach": [],
    "history": []
  },
  {
    "call": "4",
    "part": "90513544",
    "desc": "PAINT,AEROSOL SPRAY,BRIGHT SILVER (US-CODE 9021) (2 COAT) (NLS.- NO REPLACEMENT PART)",
    "usage": "",
    "range": "",
    "qty": "AR",
    "positions": [],
    "reach": [],
    "history": []
  },
  {
    "call": "4",
    "part": "93165471",
    "desc": "PAINT,AEROSOL SPRAY,HYDRO BLUE (2 COAT) (PAINT CODE US 640R) (NLS.- NO REPLACEMENT PART)",
    "usage": "",
    "range": "",
    "qty": "AR",
    "positions": [],
    "reach": [],
    "history": []
  },
  {
    "call": "4",
    "part": "93165503",
    "desc": "PAINT,AEROSOL SPRAY,CRYSTAL WHITE (2 COAT) (NLS.- NO REPLACEMENT PART)",
    "usage": "",
    "range": "",
    "qty": "AR",
    "positions": [],
    "reach": [],
    "history": []
  },
  {
    "call": "4",
    "part": "95599613",
    "desc": "PAINT,AEROSOL SPRAY,GREENFELLAS (2 COAT) (PAINT CODE (OP 30T))",
    "usage": "",
    "range": "",
    "qty": "AR",
    "positions": [],
    "reach": [],
    "history": []
  },
  {
    "call": "4",
    "part": "95599591",
    "desc": "PAINT,AEROSOL SPRAY,ARCTIC BLUE (2 COAT) (PAINT CODE (WA-468Y)) (NLS.- NO REPLACEMENT PART)",
    "usage": "",
    "range": "",
    "qty": "AR",
    "positions": [],
    "reach": [],
    "history": []
  }
]