[
  {
    "call": "1",
    "part": "",
    "desc": "MIRROR,ASSY.,DOOR,RH-LHD (EXCEPT ARABIC COUNTRIES) (NS.- USE COMPONENTS)",
    "usage": "",
    "range": "",
    "qty": "1",
    "positions": [
      {
        "x": 1126,
        "y": 223
      }
    ],
    "reach": [],
    "history": []
  },
  {
    "call": "1",
    "part": "39111551",
    "desc": "MIRROR,ASSY.,DOOR,RH-LHD (FOR MANUAL FOLDING MIRROR,RPO DWE) (FOR ARABIC COUNTRIES)",
    "usage": "",
    "range": "",
    "qty": "1",
    "positions": [],
    "reach": [],
    "history": []
  },
  {
    "call": "1",
    "part": "39111553",
    "desc": "MIRROR,ASSY.,DOOR,RH-LHD (FOR ELECTRIC FOLDING MIRROR,RPO DWF) (FOR SIDE BLIND SPOT ALERT,RPO UDQ) (FOR ARABIC COUNTRIES)",
    "usage": "",
    "range": "",
    "qty": "1",
    "positions": [],
    "reach": [],
    "history": []
  },
  {
    "call": "1",
    "part": "",
    "desc": "MIRROR,ASSY.,DOOR,LH-LHD (EXCEPT ARABIC COUNTRIES) (NS.- USE COMPONENTS)",
    "usage": "",
    "range": "",
    "qty": "1",
    "positions": [],
    "reach": [],
    "history": []
  },
  {
    "call": "1",
    "part": "39111550",
    "desc": "MIRROR,ASSY.,DOOR,LH-LHD (FOR MANUAL FOLDING MIRROR,RPO DWE) (FOR ARABIC COUNTRIES)",
    "usage": "",
    "range": "",
    "qty": "1",
    "positions": [],
    "reach": [],
    "history": []
  },
  {
    "call": "1",
    "part": "39111552",
    "desc": "MIRROR,ASSY.,DOOR,LH-LHD (FOR ELECTRIC FOLDING MIRROR,RPO DWF) (FOR SIDE BLIND SPOT ALERT,RPO UDQ) (FOR ARABIC COUNTRIES)",
    "usage": "",
    "range": "",
    "qty": "1",
    "positions": [],
    "reach": [],
    "history": []
  },
  {
    "call": "1",
    "part": "",
    "desc": "MIRROR,ASSY.,DOOR,RH-RHD (NS.- USE COMPONENTS)",
    "usage": "",
    "range": "",
    "qty": "1",
    "positions": [],
    "reach": [],
    "history": []
  },
  {
    "call": "1",
    "part": "",
    "desc": "MIRROR,ASSY.,DOOR,LH-RHD (NS.- USE COMPONENTS)",
    "usage": "",
    "range": "",
    "qty": "1",
    "positions": [],
    "reach": [],
    "history": []
  },
  {
    "call": "2",
    "part": "(13453490)",
    "desc": "-MIRROR,ASSY.,DOOR,LESS MOTOR,COVER AND GLASS,RH-LHD (FOR MANUAL FOLDING MIRROR,RPO DWE) (NLS.- USE 39111556)",
    "usage": "",
    "range": "",
    "qty": "1",
    "positions": [
      {
        "x": 1177,
        "y": 1650
      }
    ],
    "reach": [],
    "history": []
  },
  {
    "call": "2",
    "part": "(39111556)",
    "desc": "-MIRROR,ASSY.,DOOR,LESS MOTOR,COVER AND GLASS,RH-LHD (FOR MANUAL FOLDING MIRROR,RPO DWE) (NLS.- USE 39176307)",
    "usage": "",
    "range": "",
    "qty": "1",
    "positions": [],
    "reach": [],
    "history": []
  },
  {
    "call": "2",
    "part": "(13453484)",
    "desc": "-MIRROR,ASSY.,DOOR,LESS MOTOR,COVER AND GLASS,RH-RHD (FOR MANUAL FOLDING MIRROR,RPO DWE) (NLS.- USE 39111555)",
    "usage": "",
    "range": "",
    "qty": "1",
    "positions": [],
    "reach": [],
    "history": []
  },
  {
    "call": "2",
    "part": "(39111555)",
    "desc": "-MIRROR,ASSY.,DOOR,LESS MOTOR,COVER AND GLASS,RH-RHD (FOR MANUAL FOLDING MIRROR,RPO DWE) (NLS.- USE 39176306)",
    "usage": "",
    "range": "",
    "qty": "1",
    "positions": [],
    "reach": [],
    "history": []
  },
  {
    "call": "2",
    "part": "(13453478)",
    "desc": "-MIRROR,ASSY.,DOOR,LESS MOTOR,COVER AND GLASS,LH-LHD (FOR MANUAL FOLDING MIRROR,RPO DWE) (NLS.- USE 39111554)",
    "usage": "",
    "range": "",
    "qty": "1",
    "positions": [],
    "reach": [],
    "history": []
  },
  {
    "call": "2",
    "part": "(39111554)",
    "desc": "-MIRROR,ASSY.,DOOR,LESS MOTOR,COVER AND GLASS,LH-LHD (FOR MANUAL FOLDING MIRROR,RPO DWE) (NLS.- USE 39176305)",
    "usage": "",
    "range": "",
    "qty": "1",
    "positions": [],
    "reach": [],
    "history": []
  },
  {
    "call": "2",
    "part": "39176305",
    "desc": "-MIRROR,ASSY.,DOOR,LESS MOTOR,COVER AND GLASS,LH-LHD (FOR MANUAL FOLDING MIRROR,RPO DWE)",
    "usage": "",
    "range": "",
    "qty": "1",
    "positions": [],
    "reach": [],
    "history": []
  },
  {
    "call": "2",
    "part": "(13453496)",
    "desc": "-MIRROR,ASSY.,DOOR,LESS MOTOR,COVER AND GLASS,LH-RHD (FOR MANUAL FOLDING MIRROR,RPO DWE) (NLS.- USE 39111557)",
    "usage": "",
    "range": "",
    "qty": "1",
    "positions": [],
    "reach": [],
    "history": []
  },
  {
    "call": "2",
    "part": "(39111557)",
    "desc": "-MIRROR,ASSY.,DOOR,LESS MOTOR,COVER AND GLASS,LH-RHD (FOR MANUAL FOLDING MIRROR,RPO DWE) (NLS.- USE 39176308)",
    "usage": "",
    "range": "",
    "qty": "1",
    "positions": [],
    "reach": [],
    "history": []
  },
  {
    "call": "2",
    "part": "(13453538)",
    "desc": "-MIRROR,ASSY.,DOOR,LESS MOTOR,COVER AND GLASS,RH-LHD (FOR ELECTRIC FOLDING MIRROR,RPO DWF) (EXCEPT RPO UDQ,SIDE BLIND SPOT ALERT) (NLS.- USE 39111564)",
    "usage": "",
    "range": "",
    "qty": "1",
    "positions": [],
    "reach": [],
    "history": []
  },
  {
    "call": "2",
    "part": "(39111564)",
    "desc": "-MIRROR,ASSY.,DOOR,LESS MOTOR,COVER AND GLASS,RH-LHD (FOR ELECTRIC FOLDING MIRROR,RPO DWF) (EXCEPT RPO UDQ,SIDE BLIND SPOT ALERT) (NLS.- USE 39176315)",
    "usage": "",
    "range": "",
    "qty": "1",
    "positions": [],
    "reach": [],
    "history": []
  },
  {
    "call": "2",
    "part": "(13453514)",
    "desc": "-MIRROR,ASSY.,DOOR,LESS MOTOR,COVER AND GLASS,RH-LHD (FOR ELECTRIC FOLDING MIRROR,RPO DWF) (FOR SIDE BLIND SPOT ALERT,RPO UDQ) (NLS.- USE 39111560)",
    "usage": "",
    "range": "",
    "qty": "1",
    "positions": [],
    "reach": [],
    "history": []
  },
  {
    "call": "2",
    "part": "(39111560)",
    "desc": "-MIRROR,ASSY.,DOOR,LESS MOTOR,COVER AND GLASS,RH-LHD (FOR ELECTRIC FOLDING MIRROR,RPO DWF) (FOR SIDE BLIND SPOT ALERT,RPO UDQ) (NLS.- USE 39176311)",
    "usage": "",
    "range": "",
    "qty": "1",
    "positions": [],
    "reach": [],
    "history": []
  },
  {
    "call": "2",
    "part": "(13453532)",
    "desc": "-MIRROR,ASSY.,DOOR,LESS MOTOR,COVER AND GLASS,RH-RHD (FOR ELECTRIC FOLDING MIRROR,RPO DWF) (EXCEPT RPO UDQ,SIDE BLIND SPOT ALERT) (NLS.- USE 39111563)",
    "usage": "",
    "range": "",
    "qty": "1",
    "positions": [],
    "reach": [],
    "history": []
  },
  {
    "call": "2",
    "part": "(39111563)",
    "desc": "-MIRROR,ASSY.,DOOR,LESS MOTOR,COVER AND GLASS,RH-RHD (FOR ELECTRIC FOLDING MIRROR,RPO DWF) (EXCEPT RPO UDQ,SIDE BLIND SPOT ALERT) (NLS.- USE 39176314)",
    "usage": "",
    "range": "",
    "qty": "1",
    "positions": [],
    "reach": [],
    "history": []
  },
  {
    "call": "2",
    "part": "(13453508)",
    "desc": "-MIRROR,ASSY.,DOOR,LESS MOTOR,COVER AND GLASS,RH-RHD (FOR ELECTRIC FOLDING MIRROR,RPO DWF) (FOR SIDE BLIND SPOT ALERT,RPO UDQ) (NLS.- USE 39111559)",
    "usage": "",
    "range": "",
    "qty": "1",
    "positions": [],
    "reach": [],
    "history": []
  },
  {
    "call": "2",
    "part": "(39111559)",
    "desc": "-MIRROR,ASSY.,DOOR,LESS MOTOR,COVER AND GLASS,RH-RHD (FOR ELECTRIC FOLDING MIRROR,RPO DWF) (FOR SIDE BLIND SPOT ALERT,RPO UDQ) (NLS.- USE 39176310)",
    "usage": "",
    "range": "",
    "qty": "1",
    "positions": [],
    "reach": [],
    "history": []
  },
  {
    "call": "2",
    "part": "(13453526)",
    "desc": "-MIRROR,ASSY.,DOOR,LESS MOTOR,COVER AND GLASS,LH-LHD (FOR ELECTRIC FOLDING MIRROR,RPO DWF) (EXCEPT RPO UDQ,SIDE BLIND SPOT ALERT) (NLS.- USE 39111562)",
    "usage": "",
    "range": "",
    "qty": "1",
    "positions": [],
    "reach": [],
    "history": []
  },
  {
    "call": "2",
    "part": "(39111562)",
    "desc": "-MIRROR,ASSY.,DOOR,LESS MOTOR,COVER AND GLASS,LH-LHD (FOR ELECTRIC FOLDING MIRROR,RPO DWF) (EXCEPT RPO UDQ,SIDE BLIND SPOT ALERT) (NLS.- USE 39176313)",
    "usage": "",
    "range": "",
    "qty": "1",
    "positions": [],
    "reach": [],
    "history": []
  },
  {
    "call": "2",
    "part": "(13453502)",
    "desc": "-MIRROR,ASSY.,DOOR,LESS MOTOR,COVER AND GLASS,LH-LHD (FOR ELECTRIC FOLDING MIRROR,RPO DWF) (FOR SIDE BLIND SPOT ALERT,RPO UDQ) (NLS.- USE 39111558)",
    "usage": "",
    "range": "",
    "qty": "1",
    "positions": [],
    "reach": [],
    "history": []
  },
  {
    "call": "2",
    "part": "(39111558)",
    "desc": "-MIRROR,ASSY.,DOOR,LESS MOTOR,COVER AND GLASS,LH-LHD (FOR ELECTRIC FOLDING MIRROR,RPO DWF) (FOR SIDE BLIND SPOT ALERT,RPO UDQ) (NLS.- USE 39176309)",
    "usage": "",
    "range": "",
    "qty": "1",
    "positions": [],
    "reach": [],
    "history": []
  },
  {
    "call": "2",
    "part": "(13453544)",
    "desc": "-MIRROR,ASSY.,DOOR,LESS MOTOR,COVER AND GLASS,LH-RHD (FOR ELECTRIC FOLDING MIRROR,RPO DWF) (EXCEPT RPO UDQ,SIDE BLIND SPOT ALERT) (NLS.- USE 39111565)",
    "usage": "",
    "range": "",
    "qty": "1",
    "positions": [],
    "reach": [],
    "history": []
  },
  {
    "call": "2",
    "part": "(39111565)",
    "desc": "-MIRROR,ASSY.,DOOR,LESS MOTOR,COVER AND GLASS,LH-RHD (FOR ELECTRIC FOLDING MIRROR,RPO DWF) (EXCEPT RPO UDQ,SIDE BLIND SPOT ALERT) (NLS.- USE 39176316)",
    "usage": "",
    "range": "",
    "qty": "1",
    "positions": [],
    "reach": [],
    "history": []
  },
  {
    "call": "2",
    "part": "(13453520)",
    "desc": "-MIRROR,ASSY.,DOOR,LESS MOTOR,COVER AND GLASS,LH-RHD (FOR ELECTRIC FOLDING MIRROR,RPO DWF) (FOR SIDE BLIND SPOT ALERT,RPO UDQ) (NLS.- USE 39111561)",
    "usage": "",
    "range": "",
    "qty": "1",
    "positions": [],
    "reach": [],
    "history": []
  },
  {
    "call": "2",
    "part": "(39111561)",
    "desc": "-MIRROR,ASSY.,DOOR,LESS MOTOR,COVER AND GLASS,LH-RHD (FOR ELECTRIC FOLDING MIRROR,RPO DWF) (FOR SIDE BLIND SPOT ALERT,RPO UDQ) (NLS.- USE 39176312)",
    "usage": "",
    "range": "",
    "qty": "1",
    "positions": [],
    "reach": [],
    "history": []
  },
  {
    "call": "3",
    "part": "13343699",
    "desc": "-MOTOR,MIRROR ADJUSTMENT (OPTIONAL WITH 13297110, 13502398)",
    "usage": "",
    "range": "",
    "qty": "2",
    "positions": [
      {
        "x": 1544,
        "y": 1671
      }
    ],
    "reach": [],
    "history": []
  },
  {
    "call": "4",
    "part": "13297110",
    "desc": "-MOTOR,MIRROR ADJUSTMENT (OPTIONAL WITH 13343699, 13502398)",
    "usage": "",
    "range": "",
    "qty": "2",
    "positions": [
      {
        "x": 1639,
        "y": 709
      }
    ],
    "reach": [],
    "history": []
  },
  {
    "call": "5",
    "part": "13502398",
    "desc": "-MOTOR,MIRROR ADJUSTMENT (OPTIONAL WITH 13343699, 13297110)",
    "usage": "",
    "range": "",
    "qty": "2",
    "positions": [
      {
        "x": 1605,
        "y": 470
      }
    ],
    "reach": [],
    "history": []
  },
  {
    "call": "6",
    "part": "(13396527)",
    "desc": "-GLASS,MIRROR,RH-LHD (EXCEPT RPO UDQ,SIDE BLIND SPOT ALERT) (NLS.- USE 39172728)",
    "usage": "EXCEPT ARABIC COUNTRIES",
    "range": "",
    "qty": "1",
    "positions": [
      {
        "x": 1743,
        "y": 1781
      }
    ],
    "reach": [],
    "history": []
  },
  {
    "call": "6",
    "part": "39172728",
    "desc": "-GLASS,MIRROR,RH-LHD (EXCEPT RPO UDQ,SIDE BLIND SPOT ALERT)",
    "usage": "EXCEPT ARABIC COUNTRIES",
    "range": "",
    "qty": "1",
    "positions": [],
    "reach": [],
    "history": []
  },
  {
    "call": "6",
    "part": "(13396533)",
    "desc": "-GLASS,MIRROR,RH-LHD (FOR SIDE BLIND SPOT ALERT,RPO UDQ) (NLS.- USE 39172732)",
    "usage": "EXCEPT ARABIC COUNTRIES",
    "range": "",
    "qty": "1",
    "positions": [],
    "reach": [],
    "history": []
  },
  {
    "call": "6",
    "part": "39172732",
    "desc": "-GLASS,MIRROR,RH-LHD (FOR SIDE BLIND SPOT ALERT,RPO UDQ)",
    "usage": "EXCEPT ARABIC COUNTRIES",
    "range": "",
    "qty": "1",
    "positions": [],
    "reach": [],
    "history": []
  },
  {
    "call": "6",
    "part": "(39002447)",
    "desc": "-GLASS,MIRROR,RH-LHD (EXCEPT RPO UDQ,SIDE BLIND SPOT ALERT) (NLS.- USE 39172736)",
    "usage": "FOR ARABIC COUNTRIES",
    "range": "",
    "qty": "1",
    "positions": [],
    "reach": [],
    "history": []
  },
  {
    "call": "6",
    "part": "39172736",
    "desc": "-GLASS,MIRROR,RH-LHD (EXCEPT RPO UDQ,SIDE BLIND SPOT ALERT)",
    "usage": "FOR ARABIC COUNTRIES",
    "range": "",
    "qty": "1",
    "positions": [],
    "reach": [],
    "history": []
  },
  {
    "call": "6",
    "part": "39002449",
    "desc": "-GLASS,MIRROR,RH-LHD (FOR SIDE BLIND SPOT ALERT,RPO UDQ)",
    "usage": "FOR ARABIC COUNTRIES",
    "range": "",
    "qty": "1",
    "positions": [],
    "reach": [],
    "history": []
  },
  {
    "call": "6",
    "part": "(13396529)",
    "desc": "-GLASS,MIRROR,RH-RHD (EXCEPT RPO UDQ,SIDE BLIND SPOT ALERT) (NLS.- USE 39172730)",
    "usage": "",
    "range": "",
    "qty": "1",
    "positions": [],
    "reach": [],
    "history": []
  },
  {
    "call": "6",
    "part": "(13396535)",
    "desc": "-GLASS,MIRROR,RH-RHD (FOR SIDE BLIND SPOT ALERT,RPO UDQ) (NLS.- USE 39172734)",
    "usage": "",
    "range": "",
    "qty": "1",
    "positions": [],
    "reach": [],
    "history": []
  },
  {
    "call": "6",
    "part": "(13396526)",
    "desc": "-GLASS,MIRROR,LH-LHD (EXCEPT RPO UDQ,SIDE BLIND SPOT ALERT) (NLS.- USE 39172727)",
    "usage": "EXCEPT ARABIC COUNTRIES",
    "range": "",
    "qty": "1",
    "positions": [],
    "reach": [],
    "history": []
  },
  {
    "call": "6",
    "part": "39172727",
    "desc": "-GLASS,MIRROR,LH-LHD (EXCEPT RPO UDQ,SIDE BLIND SPOT ALERT)",
    "usage": "EXCEPT ARABIC COUNTRIES",
    "range": "",
    "qty": "1",
    "positions": [],
    "reach": [],
    "history": []
  },
  {
    "call": "6",
    "part": "(13396532)",
    "desc": "-GLASS,MIRROR,LH-LHD (FOR SIDE BLIND SPOT ALERT,RPO UDQ) (NLS.- USE 39172731)",
    "usage": "EXCEPT ARABIC COUNTRIES",
    "range": "",
    "qty": "1",
    "positions": [],
    "reach": [],
    "history": []
  },
  {
    "call": "6",
    "part": "(39002446)",
    "desc": "-GLASS,MIRROR,LH-LHD (EXCEPT RPO UDQ,SIDE BLIND SPOT ALERT) (NLS.- USE 39172735)",
    "usage": "FOR ARABIC COUNTRIES",
    "range": "",
    "qty": "1",
    "positions": [],
    "reach": [],
    "history": []
  },
  {
    "call": "6",
    "part": "39172735",
    "desc": "-GLASS,MIRROR,LH-LHD (EXCEPT RPO UDQ,SIDE BLIND SPOT ALERT)",
    "usage": "FOR ARABIC COUNTRIES",
    "range": "",
    "qty": "1",
    "positions": [],
    "reach": [],
    "history": []
  },
  {
    "call": "6",
    "part": "(39002448)",
    "desc": "-GLASS,MIRROR,LH-LHD (FOR SIDE BLIND SPOT ALERT,RPO UDQ) (NLS.- USE 39172737)",
    "usage": "FOR ARABIC COUNTRIES",
    "range": "",
    "qty": "1",
    "positions": [],
    "reach": [],
    "history": []
  },
  {
    "call": "6",
    "part": "39172737",
    "desc": "-GLASS,MIRROR,LH-LHD (FOR SIDE BLIND SPOT ALERT,RPO UDQ)",
    "usage": "FOR ARABIC COUNTRIES",
    "range": "",
    "qty": "1",
    "positions": [],
    "reach": [],
    "history": []
  },
  {
    "call": "6",
    "part": "(13396528)",
    "desc": "-GLASS,MIRROR,LH-RHD (EXCEPT RPO UDQ,SIDE BLIND SPOT ALERT) (NLS.- USE 39172729)",
    "usage": "",
    "range": "",
    "qty": "1",
    "positions": [],
    "reach": [],
    "history": []
  },
  {
    "call": "6",
    "part": "(13396534)",
    "desc": "-GLASS,MIRROR,LH-RHD (FOR SIDE BLIND SPOT ALERT,RPO UDQ) (NLS.- USE 39172733)",
    "usage": "",
    "range": "",
    "qty": "1",
    "positions": [],
    "reach": [],
    "history": []
  },
  {
    "call": "7",
    "part": "(13396540)",
    "desc": "COVER,PRIMED,LH (NLS.- USE 39081031)",
    "usage": "",
    "range": "",
    "qty": "1",
    "positions": [
      {
        "x": 533,
        "y": 364
      }
    ],
    "reach": [],
    "history": []
  },
  {
    "call": "7",
    "part": "(39081031)",
    "desc": "COVER,PRIMED,LH (NLS.- USE YR003595ZM)",
    "usage": "",
    "range": "",
    "qty": "1",
    "positions": [],
    "reach": [],
    "history": []
  },
  {
    "call": "7",
    "part": "(13396541)",
    "desc": "COVER,PRIMED,RH (NLS.- USE 39081047)",
    "usage": "",
    "range": "",
    "qty": "",
    "positions": [],
    "reach": [],
    "history": []
  },
  {
    "call": "7",
    "part": "(39081047)",
    "desc": "COVER,PRIMED,RH (NLS.- USE YR003596ZM)",
    "usage": "",
    "range": "",
    "qty": "",
    "positions": [],
    "reach": [],
    "history": []
  },
  {
    "call": "8",
    "part": "(11519383)",
    "desc": "SCREW,M6 X 20 (NLS.- USE 11570136 20 01 258)",
    "usage": "",
    "range": "",
    "qty": "4",
    "positions": [
      {
        "x": 1480,
        "y": 76
      }
    ],
    "reach": [],
    "history": []
  }
]