[
  {
    "call": "1",
    "part": "(13463770)",
    "desc": "PANEL,ROOF (EXC.SUN ROOF) (NLS.- USE 39056406)",
    "usage": "",
    "range": "",
    "qty": "1",
    "positions": [],
    "reach": [],
    "history": []
  },
  {
    "call": "1",
    "part": "39056406",
    "desc": "PANEL,ROOF (EXC.SUN ROOF)",
    "usage": "",
    "range": "",
    "qty": "1",
    "positions": [],
    "reach": [],
    "history": []
  },
  {
    "call": "2",
    "part": "(13463769)",
    "desc": "PANEL,ROOF (FOR SUN ROOF) (NLS.- USE 39056407)",
    "usage": "",
    "range": "",
    "qty": "1",
    "positions": [],
    "reach": [],
    "history": []
  },
  {
    "call": "2",
    "part": "(39056407)",
    "desc": "PANEL,ROOF (FOR SUN ROOF) (NLS.- USE 39070287)",
    "usage": "",
    "range": "",
    "qty": "1",
    "positions": [],
    "reach": [],
    "history": []
  },
  {
    "call": "3",
    "part": "39017637",
    "desc": "PANEL,HEADER,#1,FRONT",
    "usage": "",
    "range": "(C)      -H8999999\n(C)      -HG999999",
    "qty": "1",
    "positions": [],
    "reach": [],
    "history": []
  },
  {
    "call": "3",
    "part": "(39151587)",
    "desc": "PANEL,HEADER,#1,FRONT (NLS.- USE 39153155)",
    "usage": "",
    "range": "(C)  J8000001-K8999999\n(C)  JG000001-KG999999",
    "qty": "1",
    "positions": [],
    "reach": [],
    "history": []
  },
  {
    "call": "3",
    "part": "39153155",
    "desc": "PANEL,HEADER,#1,FRONT",
    "usage": "",
    "range": "(C)  L8000001-\n(C)  LG000001-",
    "qty": "1",
    "positions": [],
    "reach": [],
    "history": []
  },
  {
    "call": "4",
    "part": "39029854",
    "desc": "BOW,ROOF,#2",
    "usage": "",
    "range": "",
    "qty": "1",
    "positions": [],
    "reach": [],
    "history": []
  },
  {
    "call": "5",
    "part": "13441892",
    "desc": "BOW,ROOF,#3 (EXC.SUN ROOF)",
    "usage": "",
    "range": "",
    "qty": "1",
    "positions": [],
    "reach": [],
    "history": []
  },
  {
    "call": "5",
    "part": "13441892",
    "desc": "BOW,ROOF,#4",
    "usage": "",
    "range": "",
    "qty": "1",
    "positions": [],
    "reach": [],
    "history": []
  },
  {
    "call": "6",
    "part": "13430590",
    "desc": "BOW,ROOF,#3 (FOR SUN ROOF)",
    "usage": "",
    "range": "",
    "qty": "1",
    "positions": [],
    "reach": [],
    "history": []
  },
  {
    "call": "7",
    "part": "39017657",
    "desc": "PANEL,HEADER,#5,REAR",
    "usage": "",
    "range": "",
    "qty": "1",
    "positions": [],
    "reach": [],
    "history": []
  }
]