[
  {
    "call": "1",
    "part": "(39029246)",
    "desc": "PANEL,FRONT PILLAR,OUTER,LH (NLS.- USE 39117471)",
    "usage": "",
    "range": "",
    "qty": "1",
    "positions": [],
    "reach": [],
    "history": []
  },
  {
    "call": "1",
    "part": "39117471",
    "desc": "PANEL,FRONT PILLAR,OUTER,LH",
    "usage": "",
    "range": "",
    "qty": "1",
    "positions": [],
    "reach": [],
    "history": []
  },
  {
    "call": "1",
    "part": "(39029238)",
    "desc": "PANEL,FRONT PILLAR,OUTER,RH (NLS.- USE 39117470)",
    "usage": "",
    "range": "",
    "qty": "1",
    "positions": [],
    "reach": [],
    "history": []
  },
  {
    "call": "1",
    "part": "39117470",
    "desc": "PANEL,FRONT PILLAR,OUTER,RH",
    "usage": "",
    "range": "",
    "qty": "1",
    "positions": [],
    "reach": [],
    "history": []
  },
  {
    "call": "2",
    "part": "13462551",
    "desc": "BRACKET,BODY SIDE,RH",
    "usage": "",
    "range": "",
    "qty": "1",
    "positions": [],
    "reach": [],
    "history": []
  },
  {
    "call": "2",
    "part": "13462550",
    "desc": "BRACKET,BODY SIDE,LH",
    "usage": "",
    "range": "",
    "qty": "1",
    "positions": [],
    "reach": [],
    "history": []
  },
  {
    "call": "3",
    "part": "13412043",
    "desc": "BRACKET,BODY SIDE",
    "usage": "",
    "range": "",
    "qty": "2",
    "positions": [],
    "reach": [],
    "history": []
  },
  {
    "call": "4",
    "part": "90805624",
    "desc": "BRACKET,BODY SIDE",
    "usage": "",
    "range": "",
    "qty": "2",
    "positions": [],
    "reach": [],
    "history": []
  },
  {
    "call": "5",
    "part": "93189579",
    "desc": "BRACKET,FRONT WING,RH",
    "usage": "",
    "range": "",
    "qty": "1",
    "positions": [],
    "reach": [],
    "history": []
  },
  {
    "call": "6",
    "part": "(39027923)",
    "desc": "REINFORCEMENT,LH,'A' PILLAR,LOWER,OUTER (NLS.- USE 39021324)",
    "usage": "",
    "range": "",
    "qty": "1",
    "positions": [],
    "reach": [],
    "history": []
  },
  {
    "call": "6",
    "part": "(39021325)",
    "desc": "REINFORCEMENT,RH,'A' PILLAR,LOWER,OUTER (NLS.- USE 39070701)",
    "usage": "",
    "range": "",
    "qty": "1",
    "positions": [],
    "reach": [],
    "history": []
  },
  {
    "call": "7",
    "part": "13408622",
    "desc": "-BAFFLE,'A' PILLAR,LOWER",
    "usage": "",
    "range": "",
    "qty": "1",
    "positions": [],
    "reach": [],
    "history": []
  },
  {
    "call": "8",
    "part": "13408623",
    "desc": "-BAFFLE,'A' PILLAR,LOWER",
    "usage": "",
    "range": "",
    "qty": "1",
    "positions": [],
    "reach": [],
    "history": []
  },
  {
    "call": "9",
    "part": "1",
    "desc": "PANEL,LH,'A' PILLAR,LOWER,INNER (NOT SERVICED)",
    "usage": "",
    "range": "",
    "qty": "1",
    "positions": [],
    "reach": [],
    "history": []
  },
  {
    "call": "9",
    "part": "1",
    "desc": "PANEL,RH,'A' PILLAR,LOWER,INNER (NOT SERVICED)",
    "usage": "",
    "range": "",
    "qty": "1",
    "positions": [],
    "reach": [],
    "history": []
  },
  {
    "call": "10",
    "part": "11609767",
    "desc": "-NUT,M6",
    "usage": "",
    "range": "",
    "qty": "1",
    "positions": [],
    "reach": [],
    "history": []
  },
  {
    "call": "11",
    "part": "39005917",
    "desc": "FILLER,SIDE PANEL,LH,LOWER,OUTER",
    "usage": "",
    "range": "",
    "qty": "1",
    "positions": [],
    "reach": [],
    "history": []
  },
  {
    "call": "11",
    "part": "39005918",
    "desc": "FILLER,SIDE PANEL,RH,LOWER,OUTER",
    "usage": "",
    "range": "",
    "qty": "1",
    "positions": [],
    "reach": [],
    "history": []
  },
  {
    "call": "12",
    "part": "(39027868)",
    "desc": "PANEL,ASSY.,BODY SIDE,OUTER,UPPER,LH (NLS.- USE 39117467)",
    "usage": "",
    "range": "",
    "qty": "1",
    "positions": [],
    "reach": [],
    "history": []
  },
  {
    "call": "12",
    "part": "(39117467)",
    "desc": "PANEL,ASSY.,BODY SIDE,OUTER,UPPER,LH (NLS.- USE 39161602)",
    "usage": "",
    "range": "",
    "qty": "1",
    "positions": [],
    "reach": [],
    "history": []
  },
  {
    "call": "12",
    "part": "(39027863)",
    "desc": "PANEL,ASSY.,BODY SIDE,OUTER,UPPER,RH (NLS.- USE 39117466)",
    "usage": "",
    "range": "",
    "qty": "1",
    "positions": [],
    "reach": [],
    "history": []
  },
  {
    "call": "12",
    "part": "(39117466)",
    "desc": "PANEL,ASSY.,BODY SIDE,OUTER,UPPER,RH (NLS.- USE 39161601)",
    "usage": "",
    "range": "",
    "qty": "1",
    "positions": [],
    "reach": [],
    "history": []
  },
  {
    "call": "13",
    "part": "(39045902)",
    "desc": "INSULATOR,SOUND,UPPER,RH-FRONT (NLS.- NO REPLACEMENT PART)",
    "usage": "",
    "range": "",
    "qty": "1",
    "positions": [],
    "reach": [],
    "history": []
  },
  {
    "call": "13",
    "part": "(39045901)",
    "desc": "INSULATOR,SOUND,UPPER,LH-FRONT (NLS.- NO REPLACEMENT PART)",
    "usage": "",
    "range": "",
    "qty": "1",
    "positions": [],
    "reach": [],
    "history": []
  },
  {
    "call": "14",
    "part": "(39045906)",
    "desc": "INSULATOR,SOUND,UPPER,RH-REAR (NLS.- NO REPLACEMENT PART)",
    "usage": "",
    "range": "",
    "qty": "1",
    "positions": [],
    "reach": [],
    "history": []
  },
  {
    "call": "14",
    "part": "(39045905)",
    "desc": "INSULATOR,SOUND,UPPER,LH-REAR (NLS.- NO REPLACEMENT PART)",
    "usage": "",
    "range": "",
    "qty": "1",
    "positions": [],
    "reach": [],
    "history": []
  },
  {
    "call": "15",
    "part": "13237531",
    "desc": "NUT,CAPPED,7.5MM",
    "usage": "",
    "range": "",
    "qty": "AR",
    "positions": [],
    "reach": [],
    "history": []
  },
  {
    "call": "16",
    "part": "1",
    "desc": "PANEL,ROOF RAIL,LH,OUTER (NOT SERVICED)",
    "usage": "",
    "range": "",
    "qty": "1",
    "positions": [],
    "reach": [],
    "history": []
  },
  {
    "call": "16",
    "part": "1",
    "desc": "PANEL,ROOF RAIL,RH,OUTER (NOT SERVICED)",
    "usage": "",
    "range": "",
    "qty": "1",
    "positions": [],
    "reach": [],
    "history": []
  },
  {
    "call": "17",
    "part": "13408618",
    "desc": "BAFFLE",
    "usage": "",
    "range": "",
    "qty": "2",
    "positions": [],
    "reach": [],
    "history": []
  },
  {
    "call": "18",
    "part": "(13408617)",
    "desc": "BAFFLE (NLS.- USE 39018803)",
    "usage": "",
    "range": "",
    "qty": "2",
    "positions": [],
    "reach": [],
    "history": []
  },
  {
    "call": "18",
    "part": "39018803",
    "desc": "BAFFLE",
    "usage": "",
    "range": "",
    "qty": "2",
    "positions": [],
    "reach": [],
    "history": []
  },
  {
    "call": "19",
    "part": "13408619",
    "desc": "BAFFLE,LH",
    "usage": "",
    "range": "",
    "qty": "1",
    "positions": [],
    "reach": [],
    "history": []
  },
  {
    "call": "7",
    "part": "13408621",
    "desc": "BAFFLE,LH,LOWER",
    "usage": "",
    "range": "",
    "qty": "1",
    "positions": [],
    "reach": [],
    "history": []
  },
  {
    "call": "7",
    "part": "13408622",
    "desc": "BAFFLE,RH,LOWER",
    "usage": "",
    "range": "",
    "qty": "1",
    "positions": [],
    "reach": [],
    "history": []
  },
  {
    "call": "20",
    "part": "1",
    "desc": "PANEL,ROOF RAIL,LH,INNER (NOT SERVICED)",
    "usage": "",
    "range": "",
    "qty": "1",
    "positions": [],
    "reach": [],
    "history": []
  },
  {
    "call": "20",
    "part": "1",
    "desc": "PANEL,ROOF RAIL,RH,INNER (NOT SERVICED)",
    "usage": "",
    "range": "",
    "qty": "1",
    "positions": [],
    "reach": [],
    "history": []
  },
  {
    "call": "21",
    "part": "(11609952)",
    "desc": "-NUT,M4.2 (NLS.- USE YQ00109480)",
    "usage": "",
    "range": "",
    "qty": "AR",
    "positions": [],
    "reach": [],
    "history": []
  },
  {
    "call": "22",
    "part": "(39017967)",
    "desc": "PANEL,CENTRE PILLAR,OUTER,LH (NLS.- USE 39117469)",
    "usage": "",
    "range": "",
    "qty": "1",
    "positions": [],
    "reach": [],
    "history": []
  },
  {
    "call": "22",
    "part": "39117469",
    "desc": "PANEL,CENTRE PILLAR,OUTER,LH",
    "usage": "",
    "range": "",
    "qty": "1",
    "positions": [],
    "reach": [],
    "history": []
  },
  {
    "call": "22",
    "part": "(39017970)",
    "desc": "PANEL,CENTRE PILLAR,OUTER,RH (NLS.- USE 39117468)",
    "usage": "",
    "range": "",
    "qty": "1",
    "positions": [],
    "reach": [],
    "history": []
  },
  {
    "call": "22",
    "part": "39117468",
    "desc": "PANEL,CENTRE PILLAR,OUTER,RH",
    "usage": "",
    "range": "",
    "qty": "1",
    "positions": [],
    "reach": [],
    "history": []
  },
  {
    "call": "23",
    "part": "13405133",
    "desc": "REINFORCEMENT,CENTRE PILLAR,LH",
    "usage": "",
    "range": "",
    "qty": "1",
    "positions": [],
    "reach": [],
    "history": []
  },
  {
    "call": "23",
    "part": "13405158",
    "desc": "REINFORCEMENT,CENTRE PILLAR,RH",
    "usage": "",
    "range": "",
    "qty": "1",
    "positions": [],
    "reach": [],
    "history": []
  },
  {
    "call": "24",
    "part": "(13503206)",
    "desc": "PLATE,ANCHOR,DOOR LOCK STRIKER (NLS.- USE YR00176780)",
    "usage": "",
    "range": "",
    "qty": "2",
    "positions": [],
    "reach": [],
    "history": []
  },
  {
    "call": "25",
    "part": "13408599",
    "desc": "BAFFLE,CENTRE PILLAR,LH,LOWER",
    "usage": "",
    "range": "",
    "qty": "1",
    "positions": [],
    "reach": [],
    "history": []
  },
  {
    "call": "25",
    "part": "13408600",
    "desc": "BAFFLE,CENTRE PILLAR,RH,LOWER",
    "usage": "",
    "range": "",
    "qty": "1",
    "positions": [],
    "reach": [],
    "history": []
  },
  {
    "call": "26",
    "part": "39060000",
    "desc": "PANEL,CENTRE PILLAR,INNER,LH",
    "usage": "",
    "range": "",
    "qty": "1",
    "positions": [],
    "reach": [],
    "history": []
  },
  {
    "call": "26",
    "part": "39060001",
    "desc": "PANEL,CENTRE PILLAR,INNER,RH",
    "usage": "",
    "range": "",
    "qty": "1",
    "positions": [],
    "reach": [],
    "history": []
  },
  {
    "call": "27",
    "part": "(13484357)",
    "desc": "PANEL,ASSY.,SILL,OUTER,LH (NLS.- USE 39117465)",
    "usage": "",
    "range": "",
    "qty": "1",
    "positions": [],
    "reach": [],
    "history": []
  },
  {
    "call": "27",
    "part": "39117465",
    "desc": "PANEL,ASSY.,SILL,OUTER,LH",
    "usage": "",
    "range": "",
    "qty": "1",
    "positions": [],
    "reach": [],
    "history": []
  },
  {
    "call": "27",
    "part": "(13484359)",
    "desc": "PANEL,ASSY.,SILL,OUTER,RH (NLS.- USE 39117464)",
    "usage": "",
    "range": "",
    "qty": "1",
    "positions": [],
    "reach": [],
    "history": []
  },
  {
    "call": "27",
    "part": "39117464",
    "desc": "PANEL,ASSY.,SILL,OUTER,RH",
    "usage": "",
    "range": "",
    "qty": "1",
    "positions": [],
    "reach": [],
    "history": []
  },
  {
    "call": "28",
    "part": "(13377877)",
    "desc": "PLUG,DRAIN (NLS.- USE YR00186980)",
    "usage": "",
    "range": "",
    "qty": "AR",
    "positions": [],
    "reach": [],
    "history": []
  },
  {
    "call": "29",
    "part": "(90460880)",
    "desc": "PLUG,26 MM DIA. (NLS.- USE YQ00158880)",
    "usage": "",
    "range": "",
    "qty": "AR",
    "positions": [],
    "reach": [],
    "history": []
  },
  {
    "call": "30",
    "part": "(24436714)",
    "desc": "PLUG,'A' PILLAR (NLS.- USE YQ00158680)",
    "usage": "",
    "range": "",
    "qty": "AR",
    "positions": [],
    "reach": [],
    "history": []
  },
  {
    "call": "31",
    "part": "(24436714)",
    "desc": "PLUG,CENTRE PILLAR (NLS.- USE YQ00158680)",
    "usage": "",
    "range": "",
    "qty": "AR",
    "positions": [],
    "reach": [],
    "history": []
  },
  {
    "call": "32",
    "part": "13482739",
    "desc": "REINFORCEMENT,LH,SILL PANEL,OUTER",
    "usage": "",
    "range": "",
    "qty": "1",
    "positions": [],
    "reach": [],
    "history": []
  },
  {
    "call": "32",
    "part": "13482738",
    "desc": "REINFORCEMENT,RH,SILL PANEL,OUTER",
    "usage": "",
    "range": "",
    "qty": "1",
    "positions": [],
    "reach": [],
    "history": []
  },
  {
    "call": "33",
    "part": "13408601",
    "desc": "-BAFFLE,RH",
    "usage": "",
    "range": "",
    "qty": "1",
    "positions": [],
    "reach": [],
    "history": []
  },
  {
    "call": "34",
    "part": "1",
    "desc": "PANEL,ASSY.,SILL,INNER,LH (NOT SERVICED)",
    "usage": "",
    "range": "",
    "qty": "1",
    "positions": [],
    "reach": [],
    "history": []
  },
  {
    "call": "34",
    "part": "1",
    "desc": "PANEL,ASSY.,SILL,INNER,RH (NOT SERVICED)",
    "usage": "",
    "range": "",
    "qty": "1",
    "positions": [],
    "reach": [],
    "history": []
  },
  {
    "call": "35",
    "part": "13310890",
    "desc": "PLUG,DRAIN,INNER SILL PANEL",
    "usage": "",
    "range": "",
    "qty": "AR",
    "positions": [],
    "reach": [],
    "history": []
  },
  {
    "call": "36",
    "part": "(90242083)",
    "desc": "PLUG,DRAIN,INNER SILL PANEL,18.5 MM DIA. (NLS.- USE YQ00162680)",
    "usage": "",
    "range": "",
    "qty": "AR",
    "positions": [],
    "reach": [],
    "history": []
  },
  {
    "call": "37",
    "part": "(90460880)",
    "desc": "PLUG,INNER SILL PANEL,26 MM DIA. (NLS.- USE YQ00158880)",
    "usage": "",
    "range": "",
    "qty": "AR",
    "positions": [],
    "reach": [],
    "history": []
  },
  {
    "call": "38",
    "part": "90497185",
    "desc": "PLUG,INNER SILL PANEL",
    "usage": "",
    "range": "",
    "qty": "AR",
    "positions": [],
    "reach": [],
    "history": []
  },
  {
    "call": "39",
    "part": "(90460880)",
    "desc": "PLUG,26 MM DIA. (NLS.- USE YQ00158880)",
    "usage": "",
    "range": "",
    "qty": "AR",
    "positions": [],
    "reach": [],
    "history": []
  },
  {
    "call": "40",
    "part": "(90460880)",
    "desc": "PLUG,26 MM DIA. (NLS.- USE YQ00158880)",
    "usage": "",
    "range": "",
    "qty": "AR",
    "positions": [],
    "reach": [],
    "history": []
  },
  {
    "call": "41",
    "part": "25652432",
    "desc": "PLUG",
    "usage": "",
    "range": "",
    "qty": "AR",
    "positions": [],
    "reach": [],
    "history": []
  },
  {
    "call": "42",
    "part": "24438285",
    "desc": "FOIL,ADHESIVE,35MM DIA.",
    "usage": "",
    "range": "",
    "qty": "AR",
    "positions": [],
    "reach": [],
    "history": []
  },
  {
    "call": "43",
    "part": "13438214",
    "desc": "RIVET,4.8 X 10,REINFORCEMENT,B1 (FOR REPAIR)",
    "usage": "",
    "range": "",
    "qty": "AR",
    "positions": [],
    "reach": [],
    "history": []
  },
  {
    "call": "44",
    "part": "39052958",
    "desc": "RIVET,6.5 X 12,REINFORCEMENT,A2 (FOR REPAIR)",
    "usage": "",
    "range": "",
    "qty": "AR",
    "positions": [],
    "reach": [],
    "history": []
  },
  {
    "call": "45",
    "part": "1607832480",
    "desc": "LABEL-VEH VIN LABEL",
    "usage": "",
    "range": "",
    "qty": "1",
    "positions": [],
    "reach": [],
    "history": []
  }
]