[
  {
    "call": "1",
    "part": "(39032305)",
    "desc": "PANEL,REAR QUARTER,OUTER,LH (NLS.- USE 39059044)",
    "usage": "",
    "range": "",
    "qty": "1",
    "positions": [],
    "reach": [],
    "history": []
  },
  {
    "call": "1",
    "part": "(39059044)",
    "desc": "PANEL,REAR QUARTER,OUTER,LH (NLS.- USE 39117462)",
    "usage": "",
    "range": "",
    "qty": "1",
    "positions": [],
    "reach": [],
    "history": []
  },
  {
    "call": "1",
    "part": "(39117462)",
    "desc": "PANEL,REAR QUARTER,OUTER,LH (NLS.- USE 39143582)",
    "usage": "",
    "range": "",
    "qty": "1",
    "positions": [],
    "reach": [],
    "history": []
  },
  {
    "call": "1",
    "part": "(39143582)",
    "desc": "PANEL,REAR QUARTER,OUTER,LH (NLS.- USE 39161606)",
    "usage": "",
    "range": "",
    "qty": "1",
    "positions": [],
    "reach": [],
    "history": []
  },
  {
    "call": "1",
    "part": "39161606",
    "desc": "PANEL,REAR QUARTER,OUTER,LH",
    "usage": "",
    "range": "",
    "qty": "1",
    "positions": [],
    "reach": [],
    "history": []
  },
  {
    "call": "2",
    "part": "39085968",
    "desc": "-EXTENSION,REAR QUARTER,LH,OUTER,REAR,UPPER",
    "usage": "",
    "range": "",
    "qty": "1",
    "positions": [],
    "reach": [],
    "history": []
  },
  {
    "call": "3",
    "part": "39032304",
    "desc": "-PANEL,REAR LAMP HOUSING,LH",
    "usage": "",
    "range": "",
    "qty": "1",
    "positions": [],
    "reach": [],
    "history": []
  },
  {
    "call": "4",
    "part": "13405189",
    "desc": "REINFORCEMENT,REAR QUARTER OUTER PANEL,LH,STRIKER",
    "usage": "",
    "range": "",
    "qty": "1",
    "positions": [],
    "reach": [],
    "history": []
  },
  {
    "call": "5",
    "part": "(39032307)",
    "desc": "PANEL,REAR QUARTER,OUTER,RH (NLS.- USE 39059043)",
    "usage": "",
    "range": "",
    "qty": "1",
    "positions": [],
    "reach": [],
    "history": []
  },
  {
    "call": "5",
    "part": "(39059043)",
    "desc": "PANEL,REAR QUARTER,OUTER,RH (NLS.- USE 39117463)",
    "usage": "",
    "range": "",
    "qty": "1",
    "positions": [],
    "reach": [],
    "history": []
  },
  {
    "call": "5",
    "part": "(39117463)",
    "desc": "PANEL,REAR QUARTER,OUTER,RH (NLS.- USE 39161605)",
    "usage": "",
    "range": "",
    "qty": "1",
    "positions": [],
    "reach": [],
    "history": []
  },
  {
    "call": "5",
    "part": "(39161605)",
    "desc": "PANEL,REAR QUARTER,OUTER,RH (NLS.- USE 39193187)",
    "usage": "",
    "range": "",
    "qty": "1",
    "positions": [],
    "reach": [],
    "history": []
  },
  {
    "call": "2",
    "part": "39085969",
    "desc": "-EXTENSION,REAR QUARTER,RH,OUTER,REAR,UPPER",
    "usage": "",
    "range": "",
    "qty": "1",
    "positions": [],
    "reach": [],
    "history": []
  },
  {
    "call": "3",
    "part": "39032306",
    "desc": "-PANEL,REAR LAMP HOUSING,RH",
    "usage": "",
    "range": "",
    "qty": "1",
    "positions": [],
    "reach": [],
    "history": []
  },
  {
    "call": "4",
    "part": "13405203",
    "desc": "REINFORCEMENT,REAR QUARTER OUTER PANEL,RH,STRIKER",
    "usage": "",
    "range": "",
    "qty": "1",
    "positions": [],
    "reach": [],
    "history": []
  },
  {
    "call": "6",
    "part": "(13503206)",
    "desc": "PLATE,ANCHOR,DOOR LOCK STRIKER (NLS.- USE YR00176780)",
    "usage": "",
    "range": "",
    "qty": "2",
    "positions": [],
    "reach": [],
    "history": []
  },
  {
    "call": "7",
    "part": "(39023182)",
    "desc": "EXTENSION,REAR QUARTER,LH,INNER (NLS.- USE 39132488)",
    "usage": "",
    "range": "",
    "qty": "1",
    "positions": [],
    "reach": [],
    "history": []
  },
  {
    "call": "8",
    "part": "(39023183)",
    "desc": "EXTENSION,REAR QUARTER,RH,INNER (NLS.- USE 39145087)",
    "usage": "",
    "range": "(C)      -K8999999(C)      -KG999999",
    "qty": "1",
    "positions": [],
    "reach": [],
    "history": []
  },
  {
    "call": "8",
    "part": "(39145087)",
    "desc": "EXTENSION,REAR QUARTER,RH,INNER (NLS.- USE 39171321)",
    "usage": "",
    "range": "(C)      -K8999999(C)      -KG999999",
    "qty": "1",
    "positions": [],
    "reach": [],
    "history": []
  },
  {
    "call": "8",
    "part": "39171321",
    "desc": "EXTENSION,REAR QUARTER,RH,INNER",
    "usage": "",
    "range": "(C)  L8000001-(C)  LG000001-",
    "qty": "1",
    "positions": [],
    "reach": [],
    "history": []
  },
  {
    "call": "9",
    "part": "13488808",
    "desc": "PANEL,FILLER,REAR FLOOR,LH",
    "usage": "",
    "range": "",
    "qty": "1",
    "positions": [],
    "reach": [],
    "history": []
  },
  {
    "call": "9",
    "part": "13448123",
    "desc": "PANEL,FILLER,REAR FLOOR,RH",
    "usage": "",
    "range": "",
    "qty": "1",
    "positions": [],
    "reach": [],
    "history": []
  },
  {
    "call": "10",
    "part": "39018283",
    "desc": "REINFORCEMENT,REAR PILLAR,LH",
    "usage": "",
    "range": "",
    "qty": "1",
    "positions": [],
    "reach": [],
    "history": []
  },
  {
    "call": "10",
    "part": "(39018284)",
    "desc": "REINFORCEMENT,REAR PILLAR,RH (NLS.- USE 39139301)",
    "usage": "",
    "range": "",
    "qty": "1",
    "positions": [],
    "reach": [],
    "history": []
  },
  {
    "call": "11",
    "part": "(39023593)",
    "desc": "EXTENSION,REAR QUARTER,LH,OUTER (NLS.- USE 39094211)",
    "usage": "",
    "range": "",
    "qty": "1",
    "positions": [],
    "reach": [],
    "history": []
  },
  {
    "call": "11",
    "part": "(39023594)",
    "desc": "EXTENSION,REAR QUARTER,RH,OUTER (NLS.- USE 39116316)",
    "usage": "",
    "range": "",
    "qty": "1",
    "positions": [],
    "reach": [],
    "history": []
  },
  {
    "call": "12",
    "part": "(13475819)",
    "desc": "BAFFLE,LH (NLS.- USE 39046216)",
    "usage": "",
    "range": "",
    "qty": "1",
    "positions": [],
    "reach": [],
    "history": []
  },
  {
    "call": "12",
    "part": "39046216",
    "desc": "BAFFLE,LH",
    "usage": "",
    "range": "",
    "qty": "1",
    "positions": [],
    "reach": [],
    "history": []
  },
  {
    "call": "12",
    "part": "(13475820)",
    "desc": "BAFFLE,RH (NLS.- USE 39046215)",
    "usage": "",
    "range": "",
    "qty": "1",
    "positions": [],
    "reach": [],
    "history": []
  },
  {
    "call": "12",
    "part": "39046215",
    "desc": "BAFFLE,RH",
    "usage": "",
    "range": "",
    "qty": "1",
    "positions": [],
    "reach": [],
    "history": []
  },
  {
    "call": "13",
    "part": "13475821",
    "desc": "BAFFLE,LH",
    "usage": "",
    "range": "",
    "qty": "1",
    "positions": [],
    "reach": [],
    "history": []
  },
  {
    "call": "13",
    "part": "13475822",
    "desc": "BAFFLE,RH",
    "usage": "",
    "range": "",
    "qty": "1",
    "positions": [],
    "reach": [],
    "history": []
  },
  {
    "call": "14",
    "part": "13475823",
    "desc": "BAFFLE,LH",
    "usage": "",
    "range": "",
    "qty": "1",
    "positions": [],
    "reach": [],
    "history": []
  },
  {
    "call": "14",
    "part": "13475824",
    "desc": "BAFFLE,RH",
    "usage": "",
    "range": "(C)      -G8030163(C)      -GG030163",
    "qty": "1",
    "positions": [],
    "reach": [],
    "history": []
  },
  {
    "call": "14",
    "part": "39046225",
    "desc": "BAFFLE,RH",
    "usage": "",
    "range": "(C)  G8030164-G8999999(C)  GG030164-GG999999",
    "qty": "1",
    "positions": [],
    "reach": [],
    "history": []
  },
  {
    "call": "14",
    "part": "39139299",
    "desc": "BAFFLE,RH",
    "usage": "",
    "range": "(C)  H8000001-(C)  HG000001-",
    "qty": "1",
    "positions": [],
    "reach": [],
    "history": []
  },
  {
    "call": "15",
    "part": "13431579",
    "desc": "BAFFLE,LH",
    "usage": "",
    "range": "",
    "qty": "2",
    "positions": [],
    "reach": [],
    "history": []
  },
  {
    "call": "16",
    "part": "39025496",
    "desc": "WHEELHOUSE,ASSY.,REAR,LH",
    "usage": "",
    "range": "",
    "qty": "1",
    "positions": [],
    "reach": [],
    "history": []
  },
  {
    "call": "16",
    "part": "(39025494)",
    "desc": "WHEELHOUSE,ASSY.,REAR,RH (NLS.- USE 39133012)",
    "usage": "",
    "range": "",
    "qty": "1",
    "positions": [],
    "reach": [],
    "history": []
  },
  {
    "call": "16",
    "part": "39133012",
    "desc": "WHEELHOUSE,ASSY.,REAR,RH",
    "usage": "",
    "range": "",
    "qty": "1",
    "positions": [],
    "reach": [],
    "history": []
  },
  {
    "call": "17",
    "part": "13488810",
    "desc": "REINFORCEMENT,REAR WHEELHOUSE,LH",
    "usage": "",
    "range": "",
    "qty": "1",
    "positions": [],
    "reach": [],
    "history": []
  },
  {
    "call": "17",
    "part": "13488812",
    "desc": "REINFORCEMENT,REAR WHEELHOUSE,RH",
    "usage": "",
    "range": "",
    "qty": "1",
    "positions": [],
    "reach": [],
    "history": []
  },
  {
    "call": "18",
    "part": "(13377877)",
    "desc": "PLUG,DRAIN (NLS.- USE YR00186980)",
    "usage": "",
    "range": "",
    "qty": "AR",
    "positions": [],
    "reach": [],
    "history": []
  },
  {
    "call": "19",
    "part": "(90460880)",
    "desc": "PLUG,DRAIN,26 MM DIA. (NLS.- USE YQ00158880)",
    "usage": "",
    "range": "",
    "qty": "14",
    "positions": [],
    "reach": [],
    "history": []
  },
  {
    "call": "20",
    "part": "13500634",
    "desc": "PLUG,DRAIN,23MM DIA.",
    "usage": "",
    "range": "",
    "qty": "2",
    "positions": [],
    "reach": [],
    "history": []
  },
  {
    "call": "21",
    "part": "(90242083)",
    "desc": "PLUG (EXC.SUN ROOF) (NLS.- USE YQ00162680)",
    "usage": "",
    "range": "",
    "qty": "AR",
    "positions": [],
    "reach": [],
    "history": []
  },
  {
    "call": "22",
    "part": "24438285",
    "desc": "FOIL,ADHESIVE,35MM DIA.",
    "usage": "",
    "range": "",
    "qty": "AR",
    "positions": [],
    "reach": [],
    "history": []
  },
  {
    "call": "23",
    "part": "(13588034)",
    "desc": "VENTILATOR (NLS.- USE YR00206280)",
    "usage": "",
    "range": "",
    "qty": "1",
    "positions": [],
    "reach": [],
    "history": []
  },
  {
    "call": "24",
    "part": "20911343",
    "desc": "ADHESIVE,BAFFLE,BODY SIDE PANEL",
    "usage": "",
    "range": "",
    "qty": "AR",
    "positions": [],
    "reach": [],
    "history": []
  }
]