[
  {
    "call": "1",
    "part": "(13463506)",
    "desc": "PANEL,ROOF (EXC.SUN ROOF) (NLS.- USE 39075379)",
    "usage": "",
    "range": "",
    "qty": "1",
    "positions": [],
    "reach": [],
    "history": []
  },
  {
    "call": "1",
    "part": "39075379",
    "desc": "PANEL,ROOF (EXC.SUN ROOF)",
    "usage": "",
    "range": "",
    "qty": "1",
    "positions": [],
    "reach": [],
    "history": []
  },
  {
    "call": "2",
    "part": "(39021504)",
    "desc": "PANEL,ROOF (FOR SUN ROOF) (NLS.- USE 39053458)",
    "usage": "",
    "range": "",
    "qty": "1",
    "positions": [],
    "reach": [],
    "history": []
  },
  {
    "call": "2",
    "part": "(39053458)",
    "desc": "PANEL,ROOF (FOR SUN ROOF) (NLS.- USE 39145094)",
    "usage": "",
    "range": "",
    "qty": "1",
    "positions": [],
    "reach": [],
    "history": []
  },
  {
    "call": "3",
    "part": "39017637",
    "desc": "PANEL,HEADER,#1,FRONT",
    "usage": "",
    "range": "(C)      -H8999999(C)      -HG999999",
    "qty": "1",
    "positions": [],
    "reach": [],
    "history": []
  },
  {
    "call": "3",
    "part": "(39151587)",
    "desc": "PANEL,HEADER,#1,FRONT (NLS.- USE 39153155)",
    "usage": "",
    "range": "(C)  J8000001-K8999999(C)  JG000001-KG999999",
    "qty": "1",
    "positions": [],
    "reach": [],
    "history": []
  },
  {
    "call": "3",
    "part": "39153155",
    "desc": "PANEL,HEADER,#1,FRONT",
    "usage": "",
    "range": "(C)  L8000001-(C)  LG000001-",
    "qty": "1",
    "positions": [],
    "reach": [],
    "history": []
  },
  {
    "call": "4",
    "part": "(39017639)",
    "desc": "BOW,ROOF,#2 (NLS.- USE 39050459)",
    "usage": "",
    "range": "",
    "qty": "1",
    "positions": [],
    "reach": [],
    "history": []
  },
  {
    "call": "4",
    "part": "39050459",
    "desc": "BOW,ROOF,#2",
    "usage": "",
    "range": "",
    "qty": "1",
    "positions": [],
    "reach": [],
    "history": []
  },
  {
    "call": "5",
    "part": "39017655",
    "desc": "BOW,ROOF,#3 (EXC.SUN ROOF)",
    "usage": "",
    "range": "",
    "qty": "1",
    "positions": [],
    "reach": [],
    "history": []
  },
  {
    "call": "6",
    "part": "13412545",
    "desc": "BOW,ROOF,#3 (FOR SUN ROOF)",
    "usage": "",
    "range": "",
    "qty": "1",
    "positions": [],
    "reach": [],
    "history": []
  },
  {
    "call": "7",
    "part": "(39017676)",
    "desc": "PANEL,HEADER,#4,REAR (NLS.- USE 39127667)",
    "usage": "",
    "range": "",
    "qty": "1",
    "positions": [],
    "reach": [],
    "history": []
  }
]