[
  {
    "call": "1",
    "part": "(39057304)",
    "desc": "SHIELD,PROTECTIVE,ENGINE (EMISSION CODE NCV) (NLS.- USE 39142248)",
    "usage": "D16DTH[LVL],D16DTN[LVL],D16DTI[LXO],D16DTR[LVK]",
    "range": "",
    "qty": "1",
    "positions": [
      {
        "x": 1958,
        "y": 2103
      }
    ],
    "reach": [
      "Reach information (Article 33 (1)) : Article may contain : 2-ethoxyethyl acetate:CAS-number:111-15-9",
      "Reach information (Article 33 (1)) : Article may contain : POLYETHYLENE GLYCOL TRIMETHYLNONYL ETHER:CAS-number:127087-87-0",
      "Reach information (Article 33 (1)) : Article may contain : 1,2-benzenedicarboxylic acid, di-C6-8-branched alkyl esters, C7-rich:CAS-number:71888-89-6",
      "Reach information (Article 33 (1)) : Article may contain : Chromic acid:CAS-number:7738-94-5",
      "Reach information (Article 33 (1)) : Article may contain : Strontium chromate:CAS-number:7789-06-2",
      "Reach information (Article 33 (1)) : Article may contain : lead titanium trioxide:CAS-number:12060-00-3",
      "Reach information (Article 33 (1)) : Article may contain : Trichloroethylene:CAS-number:79-01-6",
      "Reach information (Article 33 (1)) : Article may contain : 2-[4-(2,4,4-trimethylpentan-2-yl)phenoxy]ethanol:CAS-number:9002-93-1",
      "Reach information (Article 33 (1)) : Article may contain : Benzo(a)pyrene:CAS-number:50-32-8",
      "Reach information (Article 33 (1)) : Article may contain : POLYETHYLENE GLYCOL MONO-4-NONYLPHENYL ETHER:CAS-number:26027-38-3",
      "Reach information (Article 33 (1)) : Article may contain : orange lead:CAS-number:1314-41-6",
      "Reach information (Article 33 (1)) : Article may contain : 1,3,5-Triglycidyl isocyanurate:CAS-number:2451-62-9",
      "Reach information (Article 33 (1)) : Article may contain : cobalt dichloride:CAS-number:7646-79-9",
      "Reach information (Article 33 (1)) : Article may contain : 2-(2H-​Benzotriazol-​2-​yl)​-​4,6-​di-tert-pentylphenol:CAS-number:25973-55-1",
      "Reach information (Article 33 (1)) : Article may contain : Lead Zirconium Titanium Oxide:CAS-number:12626-81-2",
      "Reach information (Article 33 (1)) : Article may contain : Diisobutyl phthalate:CAS-number:84-69-5",
      "Reach information (Article 33 (1)) : Article may contain : Nonylphenoxypoly(ethyleneoxy)ethanol:CAS-number:9016-45-9",
      "Reach information (Article 33 (1)) : Article may contain : 2-Imidazolidinethione:CAS-number:96-45-7",
      "Reach information (Article 33 (1)) : Article may contain : 2-(2-[4-(1,1,3,3-Tetramethylbutyl)phenoxy]ethoxy)ethanol:CAS-number:9036-19-5",
      "Reach information (Article 33 (1)) : Article may contain : Decabromodiphenyl ether:CAS-number:1163-19-5",
      "Reach information (Article 33 (1)) : Article may contain : Diazene-1,2-dicarboxamide:CAS-number:123-77-3",
      "Reach information (Article 33 (1)) : Article may contain : Tris(2-chloroethyl) phosphate:CAS-number:115-96-8",
      "Reach information (Article 33 (1)) : Article may contain : chromium trioxide:CAS-number:1333-82-0",
      "Reach information (Article 33 (1)) : Article may contain : Lead monoxide:CAS-number:1317-36-8",
      "Reach information (Article 33 (1)) : Article may contain : Benzyl butyl phthalate:CAS-number:85-68-7",
      "Reach information (Article 33 (1)) : Article may contain : Bis(2-ethylhexyl) phthalate:CAS-number:117-81-7"
    ],
    "history": [
      {
        "part": "(39057304)",
        "desc": "SHIELD,PROTECTIVE,ENGINE (EMISSION CODE NCV) (NLS.- USE 39142248)"
      },
      {
        "part": "39142248",
        "desc": "SHIELD,PROTECTIVE,ENGINE"
      }
    ]
  },
  {
    "call": "2",
    "part": "13267489",
    "desc": "-NUT (EMISSION CODE NCV)",
    "usage": "D16DTH[LVL],D16DTN[LVL],D16DTI[LXO],D16DTR[LVK]",
    "range": "",
    "qty": "4",
    "positions": [
      {
        "x": 623,
        "y": 1785
      }
    ],
    "reach": [
      "Reach information (Article 33 (1)) : Article may contain : Chromic acid:CAS-number:7738-94-5",
      "Reach information (Article 33 (1)) : Article may contain : 2-Ethoxyethanol:CAS-number:110-80-5",
      "Reach information (Article 33 (1)) : Article may contain : Strontium chromate:CAS-number:7789-06-2",
      "Reach information (Article 33 (1)) : Article may contain : Cobalt sulfate:CAS-number:10124-43-3",
      "Reach information (Article 33 (1)) : Article may contain : Propylene oxide:CAS-number:75-56-9",
      "Reach information (Article 33 (1)) : Article may contain : cobalt dichloride:CAS-number:7646-79-9"
    ],
    "history": []
  },
  {
    "call": "3",
    "part": "13267487",
    "desc": "-WASHER (EMISSION CODE NCV)",
    "usage": "",
    "range": "",
    "qty": "",
    "positions": [
      {
        "x": 648,
        "y": 2365
      }
    ],
    "reach": [],
    "history": []
  },
  {
    "call": "4",
    "part": "13267490",
    "desc": "-RETAINER (EMISSION CODE NCV)",
    "usage": "",
    "range": "",
    "qty": "",
    "positions": [
      {
        "x": 646,
        "y": 2445
      }
    ],
    "reach": [],
    "history": []
  },
  {
    "call": "5",
    "part": "(11548673)",
    "desc": "NUT,PUSH IN (EMISSION CODE NCV) (NLS.- USE YR00126080)",
    "usage": "",
    "range": "",
    "qty": "",
    "positions": [
      {
        "x": 1841,
        "y": 1962
      }
    ],
    "reach": [],
    "history": []
  },
  {
    "call": "6",
    "part": "(11547421)",
    "desc": "SCREW,M4.2X25 (EMISSION CODE NCV) (NLS.- USE YR00125980)",
    "usage": "",
    "range": "",
    "qty": "",
    "positions": [
      {
        "x": 1832,
        "y": 2333
      }
    ],
    "reach": [],
    "history": []
  },
  {
    "call": "7",
    "part": "",
    "desc": "",
    "usage": "",
    "range": "",
    "qty": "",
    "reach": [],
    "history": [],
    "positions": [
      {
        "x": 558,
        "y": 395
      }
    ],
    "hidden": true,
    "link": {
      "section": "A",
      "subsection": "1",
      "detail": "7",
      "call": "7"
    }
  },
  {
    "call": "8",
    "part": "",
    "desc": "",
    "usage": "",
    "range": "",
    "qty": "",
    "reach": [],
    "history": [],
    "positions": [
      {
        "x": 899,
        "y": 1167
      }
    ],
    "hidden": true,
    "link": {
      "section": "A",
      "subsection": "1",
      "detail": "7",
      "call": "8"
    }
  },
  {
    "call": "9",
    "part": "",
    "desc": "",
    "usage": "",
    "range": "",
    "qty": "",
    "reach": [],
    "history": [],
    "positions": [
      {
        "x": 887,
        "y": 1489
      },
      {
        "x": 1547,
        "y": 1247
      },
      {
        "x": 1266,
        "y": 636
      },
      {
        "x": 602,
        "y": 843
      }
    ],
    "hidden": true,
    "link": {
      "section": "A",
      "subsection": "1",
      "detail": "7",
      "call": "9"
    }
  },
  {
    "call": "10",
    "part": "",
    "desc": "",
    "usage": "",
    "range": "",
    "qty": "",
    "reach": [],
    "history": [],
    "positions": [
      {
        "x": 1552,
        "y": 1070
      },
      {
        "x": 1034,
        "y": 268
      }
    ],
    "hidden": true,
    "link": {
      "section": "A",
      "subsection": "1",
      "detail": "7",
      "call": "10"
    }
  },
  {
    "call": "11",
    "part": "",
    "desc": "",
    "usage": "",
    "range": "",
    "qty": "",
    "reach": [],
    "history": [],
    "positions": [
      {
        "x": 1795,
        "y": 1691
      },
      {
        "x": 956,
        "y": 1047
      }
    ],
    "hidden": true,
    "link": {
      "section": "A",
      "subsection": "1",
      "detail": "7",
      "call": "11"
    }
  },
  {
    "call": "12",
    "part": "",
    "desc": "",
    "usage": "",
    "range": "",
    "qty": "",
    "reach": [],
    "history": [],
    "positions": [
      {
        "x": 1549,
        "y": 995
      },
      {
        "x": 2002,
        "y": 1622
      },
      {
        "x": 1669,
        "y": 1813
      },
      {
        "x": 1873,
        "y": 799
      }
    ],
    "hidden": true,
    "link": {
      "section": "A",
      "subsection": "1",
      "detail": "7",
      "call": "12"
    }
  },
  {
    "call": "13",
    "part": "",
    "desc": "",
    "usage": "",
    "range": "",
    "qty": "",
    "reach": [],
    "history": [],
    "positions": [
      {
        "x": 1901,
        "y": 503
      },
      {
        "x": 2039,
        "y": 1266
      }
    ],
    "hidden": true,
    "link": {
      "section": "A",
      "subsection": "1",
      "detail": "7",
      "call": "13"
    }
  },
  {
    "call": "14",
    "part": "",
    "desc": "",
    "usage": "",
    "range": "",
    "qty": "",
    "reach": [],
    "history": [],
    "positions": [
      {
        "x": 2103,
        "y": 353
      }
    ],
    "hidden": true,
    "link": {
      "section": "A",
      "subsection": "1",
      "detail": "8",
      "call": "14"
    }
  },
  {
    "call": "15",
    "part": "",
    "desc": "",
    "usage": "",
    "range": "",
    "qty": "",
    "reach": [],
    "history": [],
    "positions": [
      {
        "x": 1844,
        "y": 211
      }
    ],
    "hidden": true,
    "link": {
      "section": "A",
      "subsection": "1",
      "detail": "8",
      "call": "15"
    }
  },
  {
    "call": "16",
    "part": "",
    "desc": "",
    "usage": "",
    "range": "",
    "qty": "",
    "reach": [],
    "history": [],
    "positions": [
      {
        "x": 1552,
        "y": 93
      }
    ],
    "hidden": true,
    "link": {
      "section": "A",
      "subsection": "1",
      "detail": "8",
      "call": "16"
    }
  },
  {
    "call": "17",
    "part": "",
    "desc": "",
    "usage": "",
    "range": "",
    "qty": "",
    "reach": [],
    "history": [],
    "positions": [
      {
        "x": 2124,
        "y": 682
      },
      {
        "x": 1726,
        "y": 415
      },
      {
        "x": 1370,
        "y": 264
      }
    ],
    "hidden": true,
    "link": {
      "section": "A",
      "subsection": "1",
      "detail": "8",
      "call": "17"
    }
  }
]