[
  {
    "call": "1",
    "part": "(13473561)",
    "desc": "PANEL,ASSY.,WHEELHOUSE,LH (NLS.- USE 39186457)",
    "usage": "",
    "range": "(C)      -K8999999(C)      -KG999999",
    "qty": "1",
    "positions": [
      {
        "x": 1458,
        "y": 1078
      }
    ],
    "reach": [
      "Reach information (Article 33 (1)) : Article may contain : 4,4'-isopropylidenediphenol:CAS-number:80-05-7",
      "Reach information (Article 33 (1)) : Article may contain : Trilead Dioxide Phosphonate:CAS-number:12141-20-7",
      "Reach information (Article 33 (1)) : Article may contain : sodium tetraborate decahydrate:CAS-number:1303-96-4",
      "Reach information (Article 33 (1)) : Article may contain : Sodium tetraborate pentahydrate:CAS-number:12179-04-3",
      "Reach information (Article 33 (1)) : Article may contain : Trixylyl phosphate:CAS-number:25155-23-1",
      "Reach information (Article 33 (1)) : Article may contain : Octamethylcyclotetrasiloxane:CAS-number:556-67-2",
      "Reach information (Article 33 (1)) : Article may contain : Lead Zirconium Titanium Oxide:CAS-number:12626-81-2",
      "Reach information (Article 33 (1)) : Article may contain : Nonylphenoxypoly(ethyleneoxy)ethanol:CAS-number:9016-45-9",
      "Reach information (Article 33 (1)) : Article may contain : Diazene-1,2-dicarboxamide:CAS-number:123-77-3",
      "Reach information (Article 33 (1)) : Article may contain : chromium trioxide:CAS-number:1333-82-0",
      "Reach information (Article 33 (1)) : Article may contain : Lead monoxide:CAS-number:1317-36-8",
      "Reach information (Article 33 (1)) : Article may contain : Bis(2-ethylhexyl) phthalate:CAS-number:117-81-7"
    ],
    "history": [
      {
        "part": "(13473561)",
        "desc": "PANEL,ASSY.,WHEELHOUSE,LH (NLS.- USE 39186457)"
      },
      {
        "part": "39186457",
        "desc": "PANEL,ASSY.,WHEELHOUSE,LH"
      }
    ]
  },
  {
    "call": "1",
    "part": "39186457",
    "desc": "PANEL,ASSY.,WHEELHOUSE,LH",
    "usage": "",
    "range": "(C)  L8000001-(C)  LG000001-",
    "qty": "1",
    "positions": [],
    "reach": [],
    "history": [
      {
        "part": "(13473561)",
        "desc": "PANEL,ASSY.,WHEELHOUSE,LH (NLS.- USE 39186457)"
      },
      {
        "part": "39186457",
        "desc": "PANEL,ASSY.,WHEELHOUSE,LH"
      }
    ]
  },
  {
    "call": "2",
    "part": "11609767",
    "desc": "-NUT,M6",
    "usage": "",
    "range": "",
    "qty": "1",
    "positions": [
      {
        "x": 1372,
        "y": 1227
      }
    ],
    "reach": [
      "Reach information (Article 33 (1)) : Article may contain : 4,4'-isopropylidenediphenol:CAS-number:80-05-7",
      "Reach information (Article 33 (1)) : Article may contain : Hexahydrophthalic anhydride:CAS-number:85-42-7",
      "Reach information (Article 33 (1)) : Article may contain : 2-ethoxyethyl acetate:CAS-number:111-15-9",
      "Reach information (Article 33 (1)) : Article may contain : Trilead Dioxide Phosphonate:CAS-number:12141-20-7",
      "Reach information (Article 33 (1)) : Article may contain : 1,2-benzenedicarboxylic acid, di-C6-8-branched alkyl esters, C7-rich:CAS-number:71888-89-6",
      "Reach information (Article 33 (1)) : Article may contain : Chromic acid:CAS-number:7738-94-5",
      "Reach information (Article 33 (1)) : Article may contain : sodium tetraborate decahydrate:CAS-number:1303-96-4",
      "Reach information (Article 33 (1)) : Article may contain : 2,4-di-tert-butyl-6-(5-chlorobenzotriazol-2-yl)phenol:CAS-number:3864-99-1",
      "Reach information (Article 33 (1)) : Article may contain : 2-Ethoxyethanol:CAS-number:110-80-5",
      "Reach information (Article 33 (1)) : Article may contain : Lead sulfochromate yellow:CAS-number:1344-37-2",
      "Reach information (Article 33 (1)) : Article may contain : Cobalt(II) nitrate:CAS-number:10141-05-6",
      "Reach information (Article 33 (1)) : Article may contain : Strontium chromate:CAS-number:7789-06-2",
      "Reach information (Article 33 (1)) : Article may contain : Cobalt sulfate:CAS-number:10124-43-3",
      "Reach information (Article 33 (1)) : Article may contain : Nonylphenol, branched, ethoxylated:CAS-number:68412-54-4",
      "Reach information (Article 33 (1)) : Article may contain : N,N-Dimethylacetamide:CAS-number:127-19-5",
      "Reach information (Article 33 (1)) : Article may contain : Sodium tetraborate pentahydrate:CAS-number:12179-04-3",
      "Reach information (Article 33 (1)) : Article may contain : Trichloroethylene:CAS-number:79-01-6",
      "Reach information (Article 33 (1)) : Article may contain : 1,2-Dimethoxyethane:CAS-number:110-71-4",
      "Reach information (Article 33 (1)) : Article may contain : 2-ethylhexyl 10-ethyl-4,4-dioctyl-7-oxo-8-oxa-3,5-dithia-4-stannatetradecanoate:CAS-number:15571-58-1",
      "Reach information (Article 33 (1)) : Article may contain : Propylene oxide:CAS-number:75-56-9",
      "Reach information (Article 33 (1)) : Article may contain : POLYETHYLENE GLYCOL MONO-4-NONYLPHENYL ETHER:CAS-number:26027-38-3",
      "Reach information (Article 33 (1)) : Article may contain : orange lead:CAS-number:1314-41-6",
      "Reach information (Article 33 (1)) : Article may contain : 1,3,5-Triglycidyl isocyanurate:CAS-number:2451-62-9",
      "Reach information (Article 33 (1)) : Article may contain : Acrylamide:CAS-number:79-06-1",
      "Reach information (Article 33 (1)) : Article may contain : Octamethylcyclotetrasiloxane:CAS-number:556-67-2",
      "Reach information (Article 33 (1)) : Article may contain : Boric acid:CAS-number:10043-35-3",
      "Reach information (Article 33 (1)) : Article may contain : cobalt dichloride:CAS-number:7646-79-9",
      "Reach information (Article 33 (1)) : Article may contain : 2-(2H-​Benzotriazol-​2-​yl)​-​4,6-​di-tert-pentylphenol:CAS-number:25973-55-1",
      "Reach information (Article 33 (1)) : Article may contain : Lead Zirconium Titanium Oxide:CAS-number:12626-81-2",
      "Reach information (Article 33 (1)) : Article may contain : Diisobutyl phthalate:CAS-number:84-69-5",
      "Reach information (Article 33 (1)) : Article may contain : Nonylphenoxypoly(ethyleneoxy)ethanol:CAS-number:9016-45-9",
      "Reach information (Article 33 (1)) : Article may contain : Refractories, fibers, aluminosilicate:CAS-number:142844-00-6",
      "Reach information (Article 33 (1)) : Article may contain : 2-Imidazolidinethione:CAS-number:96-45-7",
      "Reach information (Article 33 (1)) : Article may contain : 2-(2-[4-(1,1,3,3-Tetramethylbutyl)phenoxy]ethoxy)ethanol:CAS-number:9036-19-5",
      "Reach information (Article 33 (1)) : Article may contain : Decabromodiphenyl ether:CAS-number:1163-19-5",
      "Reach information (Article 33 (1)) : Article may contain : Diazene-1,2-dicarboxamide:CAS-number:123-77-3",
      "Reach information (Article 33 (1)) : Article may contain : Tris(2-chloroethyl) phosphate:CAS-number:115-96-8",
      "Reach information (Article 33 (1)) : Article may contain : chromium trioxide:CAS-number:1333-82-0",
      "Reach information (Article 33 (1)) : Article may contain : Lead monoxide:CAS-number:1317-36-8",
      "Reach information (Article 33 (1)) : Article may contain : Benzyl butyl phthalate:CAS-number:85-68-7",
      "Reach information (Article 33 (1)) : Article may contain : Bis(2-ethylhexyl) phthalate:CAS-number:117-81-7"
    ],
    "history": []
  },
  {
    "call": "3",
    "part": "(13473559)",
    "desc": "PANEL,ASSY.,WHEELHOUSE,RH (NLS.- USE 39161712)",
    "usage": "",
    "range": "(C)      -K8999999(C)      -KG999999",
    "qty": "1",
    "positions": [
      {
        "x": 555,
        "y": 944
      }
    ],
    "reach": [
      "Reach information (Article 33 (1)) : Article may contain : 4,4'-isopropylidenediphenol:CAS-number:80-05-7",
      "Reach information (Article 33 (1)) : Article may contain : Trilead Dioxide Phosphonate:CAS-number:12141-20-7",
      "Reach information (Article 33 (1)) : Article may contain : sodium tetraborate decahydrate:CAS-number:1303-96-4",
      "Reach information (Article 33 (1)) : Article may contain : Sodium tetraborate pentahydrate:CAS-number:12179-04-3",
      "Reach information (Article 33 (1)) : Article may contain : Trixylyl phosphate:CAS-number:25155-23-1",
      "Reach information (Article 33 (1)) : Article may contain : Octamethylcyclotetrasiloxane:CAS-number:556-67-2",
      "Reach information (Article 33 (1)) : Article may contain : Lead Zirconium Titanium Oxide:CAS-number:12626-81-2",
      "Reach information (Article 33 (1)) : Article may contain : Nonylphenoxypoly(ethyleneoxy)ethanol:CAS-number:9016-45-9",
      "Reach information (Article 33 (1)) : Article may contain : Diazene-1,2-dicarboxamide:CAS-number:123-77-3",
      "Reach information (Article 33 (1)) : Article may contain : chromium trioxide:CAS-number:1333-82-0",
      "Reach information (Article 33 (1)) : Article may contain : Lead monoxide:CAS-number:1317-36-8",
      "Reach information (Article 33 (1)) : Article may contain : Bis(2-ethylhexyl) phthalate:CAS-number:117-81-7"
    ],
    "history": [
      {
        "part": "(13473559)",
        "desc": "PANEL,ASSY.,WHEELHOUSE,RH (NLS.- USE 39161712)"
      },
      {
        "part": "(39161712)",
        "desc": "PANEL,ASSY.,WHEELHOUSE,RH (NLS.- USE 39186459)"
      },
      {
        "part": "39186459",
        "desc": "PANEL,ASSY.,WHEELHOUSE,RH"
      }
    ]
  },
  {
    "call": "3",
    "part": "(39161712)",
    "desc": "PANEL,ASSY.,WHEELHOUSE,RH (NLS.- USE 39186459)",
    "usage": "",
    "range": "(C)      -K8999999(C)      -KG999999",
    "qty": "1",
    "positions": [],
    "reach": [
      "Reach information (Article 33 (1)) : Article may contain : 4,4'-isopropylidenediphenol:CAS-number:80-05-7",
      "Reach information (Article 33 (1)) : Article may contain : Trilead Dioxide Phosphonate:CAS-number:12141-20-7",
      "Reach information (Article 33 (1)) : Article may contain : sodium tetraborate decahydrate:CAS-number:1303-96-4",
      "Reach information (Article 33 (1)) : Article may contain : Sodium tetraborate pentahydrate:CAS-number:12179-04-3",
      "Reach information (Article 33 (1)) : Article may contain : Trixylyl phosphate:CAS-number:25155-23-1",
      "Reach information (Article 33 (1)) : Article may contain : Octamethylcyclotetrasiloxane:CAS-number:556-67-2",
      "Reach information (Article 33 (1)) : Article may contain : Lead Zirconium Titanium Oxide:CAS-number:12626-81-2",
      "Reach information (Article 33 (1)) : Article may contain : Nonylphenoxypoly(ethyleneoxy)ethanol:CAS-number:9016-45-9",
      "Reach information (Article 33 (1)) : Article may contain : Diazene-1,2-dicarboxamide:CAS-number:123-77-3",
      "Reach information (Article 33 (1)) : Article may contain : chromium trioxide:CAS-number:1333-82-0",
      "Reach information (Article 33 (1)) : Article may contain : Lead monoxide:CAS-number:1317-36-8",
      "Reach information (Article 33 (1)) : Article may contain : Bis(2-ethylhexyl) phthalate:CAS-number:117-81-7"
    ],
    "history": [
      {
        "part": "(13473559)",
        "desc": "PANEL,ASSY.,WHEELHOUSE,RH (NLS.- USE 39161712)"
      },
      {
        "part": "(39161712)",
        "desc": "PANEL,ASSY.,WHEELHOUSE,RH (NLS.- USE 39186459)"
      },
      {
        "part": "39186459",
        "desc": "PANEL,ASSY.,WHEELHOUSE,RH"
      }
    ]
  },
  {
    "call": "3",
    "part": "39186459",
    "desc": "PANEL,ASSY.,WHEELHOUSE,RH",
    "usage": "",
    "range": "(C)  L8000001-(C)  LG000001-",
    "qty": "1",
    "positions": [],
    "reach": [],
    "history": [
      {
        "part": "(13473559)",
        "desc": "PANEL,ASSY.,WHEELHOUSE,RH (NLS.- USE 39161712)"
      },
      {
        "part": "(39161712)",
        "desc": "PANEL,ASSY.,WHEELHOUSE,RH (NLS.- USE 39186459)"
      },
      {
        "part": "39186459",
        "desc": "PANEL,ASSY.,WHEELHOUSE,RH"
      }
    ]
  },
  {
    "call": "4",
    "part": "39091498",
    "desc": "-BRACE,FRONT WHEELHOUSE,LH",
    "usage": "",
    "range": "",
    "qty": "1",
    "positions": [
      {
        "x": 1682,
        "y": 2312
      }
    ],
    "reach": [
      "Reach information (Article 33 (1)) : Article may contain : Hexabromocyclododecane:CAS-number:25637-99-4",
      "Reach information (Article 33 (1)) : Article may contain : Nonylphenol, branched, ethoxylated:CAS-number:68412-54-4",
      "Reach information (Article 33 (1)) : Article may contain : cobalt dichloride:CAS-number:7646-79-9",
      "Reach information (Article 33 (1)) : Article may contain : Diazene-1,2-dicarboxamide:CAS-number:123-77-3",
      "Reach information (Article 33 (1)) : Article may contain : chromium trioxide:CAS-number:1333-82-0",
      "Reach information (Article 33 (1)) : Article may contain : Lead monoxide:CAS-number:1317-36-8"
    ],
    "history": []
  },
  {
    "call": "4",
    "part": "39091497",
    "desc": "-BRACE,FRONT WHEELHOUSE,RH",
    "usage": "",
    "range": "",
    "qty": "1",
    "positions": [],
    "reach": [
      "Reach information (Article 33 (1)) : Article may contain : Hexabromocyclododecane:CAS-number:25637-99-4",
      "Reach information (Article 33 (1)) : Article may contain : Nonylphenol, branched, ethoxylated:CAS-number:68412-54-4",
      "Reach information (Article 33 (1)) : Article may contain : cobalt dichloride:CAS-number:7646-79-9",
      "Reach information (Article 33 (1)) : Article may contain : Diazene-1,2-dicarboxamide:CAS-number:123-77-3",
      "Reach information (Article 33 (1)) : Article may contain : chromium trioxide:CAS-number:1333-82-0",
      "Reach information (Article 33 (1)) : Article may contain : Lead monoxide:CAS-number:1317-36-8"
    ],
    "history": []
  },
  {
    "call": "5",
    "part": "(13473563)",
    "desc": "RAIL,WHEELHOUSE,RH,UPPER (NLS.- USE 39046232)",
    "usage": "",
    "range": "",
    "qty": "1",
    "positions": [
      {
        "x": 1489,
        "y": 268
      }
    ],
    "reach": [
      "Reach information (Article 33 (1)) : Article may contain : Hexabromocyclododecane:CAS-number:25637-99-4",
      "Reach information (Article 33 (1)) : Article may contain : Nonylphenol, branched, ethoxylated:CAS-number:68412-54-4",
      "Reach information (Article 33 (1)) : Article may contain : cobalt dichloride:CAS-number:7646-79-9",
      "Reach information (Article 33 (1)) : Article may contain : Diazene-1,2-dicarboxamide:CAS-number:123-77-3",
      "Reach information (Article 33 (1)) : Article may contain : chromium trioxide:CAS-number:1333-82-0",
      "Reach information (Article 33 (1)) : Article may contain : Lead monoxide:CAS-number:1317-36-8"
    ],
    "history": [
      {
        "part": "(13473563)",
        "desc": "RAIL,WHEELHOUSE,RH,UPPER (NLS.- USE 39046232)"
      },
      {
        "part": "39046232",
        "desc": "RAIL,WHEELHOUSE,RH,UPPER"
      }
    ]
  },
  {
    "call": "5",
    "part": "39046232",
    "desc": "RAIL,WHEELHOUSE,RH,UPPER",
    "usage": "",
    "range": "",
    "qty": "1",
    "positions": [],
    "reach": [
      "Reach information (Article 33 (1)) : Article may contain : Hexabromocyclododecane:CAS-number:25637-99-4",
      "Reach information (Article 33 (1)) : Article may contain : Nonylphenol, branched, ethoxylated:CAS-number:68412-54-4",
      "Reach information (Article 33 (1)) : Article may contain : cobalt dichloride:CAS-number:7646-79-9",
      "Reach information (Article 33 (1)) : Article may contain : Diazene-1,2-dicarboxamide:CAS-number:123-77-3",
      "Reach information (Article 33 (1)) : Article may contain : chromium trioxide:CAS-number:1333-82-0",
      "Reach information (Article 33 (1)) : Article may contain : Lead monoxide:CAS-number:1317-36-8"
    ],
    "history": [
      {
        "part": "(13473563)",
        "desc": "RAIL,WHEELHOUSE,RH,UPPER (NLS.- USE 39046232)"
      },
      {
        "part": "39046232",
        "desc": "RAIL,WHEELHOUSE,RH,UPPER"
      }
    ]
  },
  {
    "call": "5",
    "part": "(39091499)",
    "desc": "RAIL,WHEELHOUSE,RH,UPPER (NLS.- USE 39119308)",
    "usage": "",
    "range": "",
    "qty": "1",
    "positions": [],
    "reach": [
      "Reach information (Article 33 (1)) : Article may contain : Hexabromocyclododecane:CAS-number:25637-99-4",
      "Reach information (Article 33 (1)) : Article may contain : Nonylphenol, branched, ethoxylated:CAS-number:68412-54-4",
      "Reach information (Article 33 (1)) : Article may contain : cobalt dichloride:CAS-number:7646-79-9",
      "Reach information (Article 33 (1)) : Article may contain : Diazene-1,2-dicarboxamide:CAS-number:123-77-3",
      "Reach information (Article 33 (1)) : Article may contain : chromium trioxide:CAS-number:1333-82-0",
      "Reach information (Article 33 (1)) : Article may contain : Lead monoxide:CAS-number:1317-36-8"
    ],
    "history": [
      {
        "part": "(39091499)",
        "desc": "RAIL,WHEELHOUSE,RH,UPPER (NLS.- USE 39119308)"
      },
      {
        "part": "(39119308)",
        "desc": "RAIL,WHEELHOUSE,RH,UPPER (NLS.- USE 39125851)"
      },
      {
        "part": "(39125851)",
        "desc": "RAIL,WHEELHOUSE,RH,UPPER (NLS.- USE 39168720)"
      },
      {
        "part": "39168720",
        "desc": "RAIL,WHEELHOUSE,RH,UPPER"
      }
    ]
  },
  {
    "call": "5",
    "part": "(39119308)",
    "desc": "RAIL,WHEELHOUSE,RH,UPPER (NLS.- USE 39125851)",
    "usage": "",
    "range": "",
    "qty": "1",
    "positions": [],
    "reach": [
      "Reach information (Article 33 (1)) : Article may contain : Hexabromocyclododecane:CAS-number:25637-99-4",
      "Reach information (Article 33 (1)) : Article may contain : Nonylphenol, branched, ethoxylated:CAS-number:68412-54-4",
      "Reach information (Article 33 (1)) : Article may contain : cobalt dichloride:CAS-number:7646-79-9",
      "Reach information (Article 33 (1)) : Article may contain : Diazene-1,2-dicarboxamide:CAS-number:123-77-3",
      "Reach information (Article 33 (1)) : Article may contain : chromium trioxide:CAS-number:1333-82-0",
      "Reach information (Article 33 (1)) : Article may contain : Lead monoxide:CAS-number:1317-36-8"
    ],
    "history": [
      {
        "part": "(39091499)",
        "desc": "RAIL,WHEELHOUSE,RH,UPPER (NLS.- USE 39119308)"
      },
      {
        "part": "(39119308)",
        "desc": "RAIL,WHEELHOUSE,RH,UPPER (NLS.- USE 39125851)"
      },
      {
        "part": "(39125851)",
        "desc": "RAIL,WHEELHOUSE,RH,UPPER (NLS.- USE 39168720)"
      },
      {
        "part": "39168720",
        "desc": "RAIL,WHEELHOUSE,RH,UPPER"
      }
    ]
  },
  {
    "call": "5",
    "part": "(39125851)",
    "desc": "RAIL,WHEELHOUSE,RH,UPPER (NLS.- USE 39168720)",
    "usage": "",
    "range": "",
    "qty": "1",
    "positions": [],
    "reach": [
      "Reach information (Article 33 (1)) : Article may contain : Hexabromocyclododecane:CAS-number:25637-99-4",
      "Reach information (Article 33 (1)) : Article may contain : Nonylphenol, branched, ethoxylated:CAS-number:68412-54-4",
      "Reach information (Article 33 (1)) : Article may contain : cobalt dichloride:CAS-number:7646-79-9",
      "Reach information (Article 33 (1)) : Article may contain : Diazene-1,2-dicarboxamide:CAS-number:123-77-3",
      "Reach information (Article 33 (1)) : Article may contain : chromium trioxide:CAS-number:1333-82-0",
      "Reach information (Article 33 (1)) : Article may contain : Lead monoxide:CAS-number:1317-36-8"
    ],
    "history": [
      {
        "part": "(39091499)",
        "desc": "RAIL,WHEELHOUSE,RH,UPPER (NLS.- USE 39119308)"
      },
      {
        "part": "(39119308)",
        "desc": "RAIL,WHEELHOUSE,RH,UPPER (NLS.- USE 39125851)"
      },
      {
        "part": "(39125851)",
        "desc": "RAIL,WHEELHOUSE,RH,UPPER (NLS.- USE 39168720)"
      },
      {
        "part": "39168720",
        "desc": "RAIL,WHEELHOUSE,RH,UPPER"
      }
    ]
  },
  {
    "call": "5",
    "part": "(13473565)",
    "desc": "RAIL,WHEELHOUSE,LH,UPPER (NLS.- USE 39091501)",
    "usage": "",
    "range": "",
    "qty": "1",
    "positions": [],
    "reach": [
      "Reach information (Article 33 (1)) : Article may contain : Hexabromocyclododecane:CAS-number:25637-99-4",
      "Reach information (Article 33 (1)) : Article may contain : Nonylphenol, branched, ethoxylated:CAS-number:68412-54-4",
      "Reach information (Article 33 (1)) : Article may contain : cobalt dichloride:CAS-number:7646-79-9",
      "Reach information (Article 33 (1)) : Article may contain : Diazene-1,2-dicarboxamide:CAS-number:123-77-3",
      "Reach information (Article 33 (1)) : Article may contain : chromium trioxide:CAS-number:1333-82-0",
      "Reach information (Article 33 (1)) : Article may contain : Lead monoxide:CAS-number:1317-36-8"
    ],
    "history": [
      {
        "part": "(13473565)",
        "desc": "RAIL,WHEELHOUSE,LH,UPPER (NLS.- USE 39091501)"
      },
      {
        "part": "(39091501)",
        "desc": "RAIL,WHEELHOUSE,LH,UPPER (NLS.- USE 39119306)"
      },
      {
        "part": "(39119306)",
        "desc": "RAIL,WHEELHOUSE,LH,UPPER (NLS.- USE 39125847)"
      },
      {
        "part": "(39125847)",
        "desc": "RAIL,WHEELHOUSE,LH,UPPER (NLS.- USE 39168714)"
      },
      {
        "part": "39168714",
        "desc": "RAIL,WHEELHOUSE,LH,UPPER"
      }
    ]
  },
  {
    "call": "5",
    "part": "(39046231)",
    "desc": "RAIL,WHEELHOUSE,LH,UPPER (NLS.- USE 39091501)",
    "usage": "",
    "range": "",
    "qty": "1",
    "positions": [],
    "reach": [
      "Reach information (Article 33 (1)) : Article may contain : Hexabromocyclododecane:CAS-number:25637-99-4",
      "Reach information (Article 33 (1)) : Article may contain : Nonylphenol, branched, ethoxylated:CAS-number:68412-54-4",
      "Reach information (Article 33 (1)) : Article may contain : cobalt dichloride:CAS-number:7646-79-9",
      "Reach information (Article 33 (1)) : Article may contain : Diazene-1,2-dicarboxamide:CAS-number:123-77-3",
      "Reach information (Article 33 (1)) : Article may contain : chromium trioxide:CAS-number:1333-82-0",
      "Reach information (Article 33 (1)) : Article may contain : Lead monoxide:CAS-number:1317-36-8"
    ],
    "history": [
      {
        "part": "(39046231)",
        "desc": "RAIL,WHEELHOUSE,LH,UPPER (NLS.- USE 39091501)"
      },
      {
        "part": "(39091501)",
        "desc": "RAIL,WHEELHOUSE,LH,UPPER (NLS.- USE 39119306)"
      }
    ]
  },
  {
    "call": "5",
    "part": "(39091501)",
    "desc": "RAIL,WHEELHOUSE,LH,UPPER (NLS.- USE 39119306)",
    "usage": "",
    "range": "",
    "qty": "1",
    "positions": [],
    "reach": [
      "Reach information (Article 33 (1)) : Article may contain : Hexabromocyclododecane:CAS-number:25637-99-4",
      "Reach information (Article 33 (1)) : Article may contain : Nonylphenol, branched, ethoxylated:CAS-number:68412-54-4",
      "Reach information (Article 33 (1)) : Article may contain : cobalt dichloride:CAS-number:7646-79-9",
      "Reach information (Article 33 (1)) : Article may contain : Diazene-1,2-dicarboxamide:CAS-number:123-77-3",
      "Reach information (Article 33 (1)) : Article may contain : chromium trioxide:CAS-number:1333-82-0",
      "Reach information (Article 33 (1)) : Article may contain : Lead monoxide:CAS-number:1317-36-8"
    ],
    "history": [
      {
        "part": "(13473565)",
        "desc": "RAIL,WHEELHOUSE,LH,UPPER (NLS.- USE 39091501)"
      },
      {
        "part": "(39091501)",
        "desc": "RAIL,WHEELHOUSE,LH,UPPER (NLS.- USE 39119306)"
      },
      {
        "part": "(39119306)",
        "desc": "RAIL,WHEELHOUSE,LH,UPPER (NLS.- USE 39125847)"
      },
      {
        "part": "(39125847)",
        "desc": "RAIL,WHEELHOUSE,LH,UPPER (NLS.- USE 39168714)"
      },
      {
        "part": "39168714",
        "desc": "RAIL,WHEELHOUSE,LH,UPPER"
      },
      {
        "part": "(39046231)",
        "desc": "RAIL,WHEELHOUSE,LH,UPPER (NLS.- USE 39091501)"
      },
      {
        "part": "(39091501)",
        "desc": "RAIL,WHEELHOUSE,LH,UPPER (NLS.- USE 39119306)"
      }
    ]
  },
  {
    "call": "5",
    "part": "(39119306)",
    "desc": "RAIL,WHEELHOUSE,LH,UPPER (NLS.- USE 39125847)",
    "usage": "",
    "range": "",
    "qty": "1",
    "positions": [],
    "reach": [
      "Reach information (Article 33 (1)) : Article may contain : Hexabromocyclododecane:CAS-number:25637-99-4",
      "Reach information (Article 33 (1)) : Article may contain : Nonylphenol, branched, ethoxylated:CAS-number:68412-54-4",
      "Reach information (Article 33 (1)) : Article may contain : cobalt dichloride:CAS-number:7646-79-9",
      "Reach information (Article 33 (1)) : Article may contain : Diazene-1,2-dicarboxamide:CAS-number:123-77-3",
      "Reach information (Article 33 (1)) : Article may contain : chromium trioxide:CAS-number:1333-82-0",
      "Reach information (Article 33 (1)) : Article may contain : Lead monoxide:CAS-number:1317-36-8"
    ],
    "history": [
      {
        "part": "(13473565)",
        "desc": "RAIL,WHEELHOUSE,LH,UPPER (NLS.- USE 39091501)"
      },
      {
        "part": "(39091501)",
        "desc": "RAIL,WHEELHOUSE,LH,UPPER (NLS.- USE 39119306)"
      },
      {
        "part": "(39119306)",
        "desc": "RAIL,WHEELHOUSE,LH,UPPER (NLS.- USE 39125847)"
      },
      {
        "part": "(39125847)",
        "desc": "RAIL,WHEELHOUSE,LH,UPPER (NLS.- USE 39168714)"
      },
      {
        "part": "39168714",
        "desc": "RAIL,WHEELHOUSE,LH,UPPER"
      }
    ]
  },
  {
    "call": "5",
    "part": "(39125847)",
    "desc": "RAIL,WHEELHOUSE,LH,UPPER (NLS.- USE 39168714)",
    "usage": "",
    "range": "",
    "qty": "1",
    "positions": [],
    "reach": [
      "Reach information (Article 33 (1)) : Article may contain : Hexabromocyclododecane:CAS-number:25637-99-4",
      "Reach information (Article 33 (1)) : Article may contain : Nonylphenol, branched, ethoxylated:CAS-number:68412-54-4",
      "Reach information (Article 33 (1)) : Article may contain : cobalt dichloride:CAS-number:7646-79-9",
      "Reach information (Article 33 (1)) : Article may contain : Diazene-1,2-dicarboxamide:CAS-number:123-77-3",
      "Reach information (Article 33 (1)) : Article may contain : chromium trioxide:CAS-number:1333-82-0",
      "Reach information (Article 33 (1)) : Article may contain : Lead monoxide:CAS-number:1317-36-8"
    ],
    "history": [
      {
        "part": "(13473565)",
        "desc": "RAIL,WHEELHOUSE,LH,UPPER (NLS.- USE 39091501)"
      },
      {
        "part": "(39091501)",
        "desc": "RAIL,WHEELHOUSE,LH,UPPER (NLS.- USE 39119306)"
      },
      {
        "part": "(39119306)",
        "desc": "RAIL,WHEELHOUSE,LH,UPPER (NLS.- USE 39125847)"
      },
      {
        "part": "(39125847)",
        "desc": "RAIL,WHEELHOUSE,LH,UPPER (NLS.- USE 39168714)"
      },
      {
        "part": "39168714",
        "desc": "RAIL,WHEELHOUSE,LH,UPPER"
      }
    ]
  },
  {
    "call": "6",
    "part": "13412038",
    "desc": "BRACKET,LH",
    "usage": "",
    "range": "",
    "qty": "1",
    "positions": [
      {
        "x": 1568,
        "y": 1087
      }
    ],
    "reach": [
      "Reach information (Article 33 (1)) : Article may contain : 4,4'-isopropylidenediphenol:CAS-number:80-05-7",
      "Reach information (Article 33 (1)) : Article may contain : Hexahydrophthalic anhydride:CAS-number:85-42-7",
      "Reach information (Article 33 (1)) : Article may contain : 2-ethoxyethyl acetate:CAS-number:111-15-9",
      "Reach information (Article 33 (1)) : Article may contain : Trilead Dioxide Phosphonate:CAS-number:12141-20-7",
      "Reach information (Article 33 (1)) : Article may contain : Lead chromate:CAS-number:7758-97-6",
      "Reach information (Article 33 (1)) : Article may contain : Chromic acid:CAS-number:7738-94-5",
      "Reach information (Article 33 (1)) : Article may contain : 2-Ethoxyethanol:CAS-number:110-80-5",
      "Reach information (Article 33 (1)) : Article may contain : Cobalt(II) nitrate:CAS-number:10141-05-6",
      "Reach information (Article 33 (1)) : Article may contain : Strontium chromate:CAS-number:7789-06-2",
      "Reach information (Article 33 (1)) : Article may contain : N,N-Dimethylformamide:CAS-number:68-12-2",
      "Reach information (Article 33 (1)) : Article may contain : Cobalt sulfate:CAS-number:10124-43-3",
      "Reach information (Article 33 (1)) : Article may contain : N,N-Dimethylacetamide:CAS-number:127-19-5",
      "Reach information (Article 33 (1)) : Article may contain : Sodium tetraborate pentahydrate:CAS-number:12179-04-3",
      "Reach information (Article 33 (1)) : Article may contain : 1,2-Dimethoxyethane:CAS-number:110-71-4",
      "Reach information (Article 33 (1)) : Article may contain : Benzo(a)pyrene:CAS-number:50-32-8",
      "Reach information (Article 33 (1)) : Article may contain : 1,2-Benzenedicarboxylic acid, mixed decyl and hexyl and octyl diesters:CAS-number:68648-39-1",
      "Reach information (Article 33 (1)) : Article may contain : 2-benzotriazol-2-yl-4,6-di-tert-butylphenol:CAS-number:3846-71-7",
      "Reach information (Article 33 (1)) : Article may contain : Cobalt(II) acetate:CAS-number:71-48-7",
      "Reach information (Article 33 (1)) : Article may contain : orange lead:CAS-number:1314-41-6",
      "Reach information (Article 33 (1)) : Article may contain : 1,3,5-Triglycidyl isocyanurate:CAS-number:2451-62-9",
      "Reach information (Article 33 (1)) : Article may contain : Acrylamide:CAS-number:79-06-1",
      "Reach information (Article 33 (1)) : Article may contain : Octamethylcyclotetrasiloxane:CAS-number:556-67-2",
      "Reach information (Article 33 (1)) : Article may contain : cobalt dichloride:CAS-number:7646-79-9",
      "Reach information (Article 33 (1)) : Article may contain : 2-(2H-​Benzotriazol-​2-​yl)​-​4,6-​di-tert-pentylphenol:CAS-number:25973-55-1",
      "Reach information (Article 33 (1)) : Article may contain : Lead Zirconium Titanium Oxide:CAS-number:12626-81-2",
      "Reach information (Article 33 (1)) : Article may contain : Nonylphenoxypoly(ethyleneoxy)ethanol:CAS-number:9016-45-9",
      "Reach information (Article 33 (1)) : Article may contain : Refractories, fibers, aluminosilicate:CAS-number:142844-00-6",
      "Reach information (Article 33 (1)) : Article may contain : 2-Imidazolidinethione:CAS-number:96-45-7",
      "Reach information (Article 33 (1)) : Article may contain : 2-(2-[4-(1,1,3,3-Tetramethylbutyl)phenoxy]ethoxy)ethanol:CAS-number:9036-19-5",
      "Reach information (Article 33 (1)) : Article may contain : Decabromodiphenyl ether:CAS-number:1163-19-5",
      "Reach information (Article 33 (1)) : Article may contain : Diazene-1,2-dicarboxamide:CAS-number:123-77-3",
      "Reach information (Article 33 (1)) : Article may contain : Tris(2-chloroethyl) phosphate:CAS-number:115-96-8",
      "Reach information (Article 33 (1)) : Article may contain : chromium trioxide:CAS-number:1333-82-0",
      "Reach information (Article 33 (1)) : Article may contain : Lead monoxide:CAS-number:1317-36-8",
      "Reach information (Article 33 (1)) : Article may contain : Benzyl butyl phthalate:CAS-number:85-68-7",
      "Reach information (Article 33 (1)) : Article may contain : Bis(2-ethylhexyl) phthalate:CAS-number:117-81-7"
    ],
    "history": [
      {
        "part": "Part History is not available.",
        "desc": ""
      }
    ]
  },
  {
    "call": "6",
    "part": "13412039",
    "desc": "BRACKET,RH",
    "usage": "",
    "range": "",
    "qty": "1",
    "positions": [],
    "reach": [
      "Reach information (Article 33 (1)) : Article may contain : 4,4'-isopropylidenediphenol:CAS-number:80-05-7",
      "Reach information (Article 33 (1)) : Article may contain : Hexahydrophthalic anhydride:CAS-number:85-42-7",
      "Reach information (Article 33 (1)) : Article may contain : 2-ethoxyethyl acetate:CAS-number:111-15-9",
      "Reach information (Article 33 (1)) : Article may contain : Trilead Dioxide Phosphonate:CAS-number:12141-20-7",
      "Reach information (Article 33 (1)) : Article may contain : Lead chromate:CAS-number:7758-97-6",
      "Reach information (Article 33 (1)) : Article may contain : Chromic acid:CAS-number:7738-94-5",
      "Reach information (Article 33 (1)) : Article may contain : 2-Ethoxyethanol:CAS-number:110-80-5",
      "Reach information (Article 33 (1)) : Article may contain : Cobalt(II) nitrate:CAS-number:10141-05-6",
      "Reach information (Article 33 (1)) : Article may contain : Strontium chromate:CAS-number:7789-06-2",
      "Reach information (Article 33 (1)) : Article may contain : N,N-Dimethylformamide:CAS-number:68-12-2",
      "Reach information (Article 33 (1)) : Article may contain : Cobalt sulfate:CAS-number:10124-43-3",
      "Reach information (Article 33 (1)) : Article may contain : N,N-Dimethylacetamide:CAS-number:127-19-5",
      "Reach information (Article 33 (1)) : Article may contain : Sodium tetraborate pentahydrate:CAS-number:12179-04-3",
      "Reach information (Article 33 (1)) : Article may contain : 1,2-Dimethoxyethane:CAS-number:110-71-4",
      "Reach information (Article 33 (1)) : Article may contain : Benzo(a)pyrene:CAS-number:50-32-8",
      "Reach information (Article 33 (1)) : Article may contain : 1,2-Benzenedicarboxylic acid, mixed decyl and hexyl and octyl diesters:CAS-number:68648-39-1",
      "Reach information (Article 33 (1)) : Article may contain : 2-benzotriazol-2-yl-4,6-di-tert-butylphenol:CAS-number:3846-71-7",
      "Reach information (Article 33 (1)) : Article may contain : Cobalt(II) acetate:CAS-number:71-48-7",
      "Reach information (Article 33 (1)) : Article may contain : orange lead:CAS-number:1314-41-6",
      "Reach information (Article 33 (1)) : Article may contain : 1,3,5-Triglycidyl isocyanurate:CAS-number:2451-62-9",
      "Reach information (Article 33 (1)) : Article may contain : Acrylamide:CAS-number:79-06-1",
      "Reach information (Article 33 (1)) : Article may contain : Octamethylcyclotetrasiloxane:CAS-number:556-67-2",
      "Reach information (Article 33 (1)) : Article may contain : cobalt dichloride:CAS-number:7646-79-9",
      "Reach information (Article 33 (1)) : Article may contain : 2-(2H-​Benzotriazol-​2-​yl)​-​4,6-​di-tert-pentylphenol:CAS-number:25973-55-1",
      "Reach information (Article 33 (1)) : Article may contain : Lead Zirconium Titanium Oxide:CAS-number:12626-81-2",
      "Reach information (Article 33 (1)) : Article may contain : Nonylphenoxypoly(ethyleneoxy)ethanol:CAS-number:9016-45-9",
      "Reach information (Article 33 (1)) : Article may contain : Refractories, fibers, aluminosilicate:CAS-number:142844-00-6",
      "Reach information (Article 33 (1)) : Article may contain : 2-Imidazolidinethione:CAS-number:96-45-7",
      "Reach information (Article 33 (1)) : Article may contain : 2-(2-[4-(1,1,3,3-Tetramethylbutyl)phenoxy]ethoxy)ethanol:CAS-number:9036-19-5",
      "Reach information (Article 33 (1)) : Article may contain : Decabromodiphenyl ether:CAS-number:1163-19-5",
      "Reach information (Article 33 (1)) : Article may contain : Diazene-1,2-dicarboxamide:CAS-number:123-77-3",
      "Reach information (Article 33 (1)) : Article may contain : Tris(2-chloroethyl) phosphate:CAS-number:115-96-8",
      "Reach information (Article 33 (1)) : Article may contain : chromium trioxide:CAS-number:1333-82-0",
      "Reach information (Article 33 (1)) : Article may contain : Lead monoxide:CAS-number:1317-36-8",
      "Reach information (Article 33 (1)) : Article may contain : Benzyl butyl phthalate:CAS-number:85-68-7",
      "Reach information (Article 33 (1)) : Article may contain : Bis(2-ethylhexyl) phthalate:CAS-number:117-81-7"
    ],
    "history": [
      {
        "part": "Part History is not available.",
        "desc": ""
      }
    ]
  },
  {
    "call": "7",
    "part": "13461656",
    "desc": "BAFFLE",
    "usage": "",
    "range": "",
    "qty": "2",
    "positions": [
      {
        "x": 1175,
        "y": 313
      }
    ],
    "reach": [
      "Reach information (Article 33 (1)) : Article may contain : Nonylphenoxypoly(ethyleneoxy)ethanol:CAS-number:9016-45-9",
      "Reach information (Article 33 (1)) : Article may contain : Refractories, fibers, aluminosilicate:CAS-number:142844-00-6",
      "Reach information (Article 33 (1)) : Article may contain : 2-(2-[4-(1,1,3,3-Tetramethylbutyl)phenoxy]ethoxy)ethanol:CAS-number:9036-19-5",
      "Reach information (Article 33 (1)) : Article may contain : Diazene-1,2-dicarboxamide:CAS-number:123-77-3",
      "Reach information (Article 33 (1)) : Article may contain : Lead monoxide:CAS-number:1317-36-8",
      "Reach information (Article 33 (1)) : Article may contain : Bis(2-ethylhexyl) phthalate:CAS-number:117-81-7"
    ],
    "history": [
      {
        "part": "Part History is not available.",
        "desc": ""
      }
    ]
  },
  {
    "call": "8",
    "part": "13412045",
    "desc": "BRACKET,LH,WING",
    "usage": "",
    "range": "",
    "qty": "1",
    "positions": [
      {
        "x": 1132,
        "y": 447
      }
    ],
    "reach": [
      "Reach information (Article 33 (1)) : Article may contain : 4,4'-isopropylidenediphenol:CAS-number:80-05-7",
      "Reach information (Article 33 (1)) : Article may contain : Hexahydrophthalic anhydride:CAS-number:85-42-7",
      "Reach information (Article 33 (1)) : Article may contain : 2-ethoxyethyl acetate:CAS-number:111-15-9",
      "Reach information (Article 33 (1)) : Article may contain : Trilead Dioxide Phosphonate:CAS-number:12141-20-7",
      "Reach information (Article 33 (1)) : Article may contain : Lead chromate:CAS-number:7758-97-6",
      "Reach information (Article 33 (1)) : Article may contain : Chromic acid:CAS-number:7738-94-5",
      "Reach information (Article 33 (1)) : Article may contain : 2-Ethoxyethanol:CAS-number:110-80-5",
      "Reach information (Article 33 (1)) : Article may contain : Cobalt(II) nitrate:CAS-number:10141-05-6",
      "Reach information (Article 33 (1)) : Article may contain : Strontium chromate:CAS-number:7789-06-2",
      "Reach information (Article 33 (1)) : Article may contain : N,N-Dimethylformamide:CAS-number:68-12-2",
      "Reach information (Article 33 (1)) : Article may contain : Cobalt sulfate:CAS-number:10124-43-3",
      "Reach information (Article 33 (1)) : Article may contain : N,N-Dimethylacetamide:CAS-number:127-19-5",
      "Reach information (Article 33 (1)) : Article may contain : Sodium tetraborate pentahydrate:CAS-number:12179-04-3",
      "Reach information (Article 33 (1)) : Article may contain : 1,2-Dimethoxyethane:CAS-number:110-71-4",
      "Reach information (Article 33 (1)) : Article may contain : Benzo(a)pyrene:CAS-number:50-32-8",
      "Reach information (Article 33 (1)) : Article may contain : 1,2-Benzenedicarboxylic acid, mixed decyl and hexyl and octyl diesters:CAS-number:68648-39-1",
      "Reach information (Article 33 (1)) : Article may contain : 2-benzotriazol-2-yl-4,6-di-tert-butylphenol:CAS-number:3846-71-7",
      "Reach information (Article 33 (1)) : Article may contain : Cobalt(II) acetate:CAS-number:71-48-7",
      "Reach information (Article 33 (1)) : Article may contain : orange lead:CAS-number:1314-41-6",
      "Reach information (Article 33 (1)) : Article may contain : 1,3,5-Triglycidyl isocyanurate:CAS-number:2451-62-9",
      "Reach information (Article 33 (1)) : Article may contain : Acrylamide:CAS-number:79-06-1",
      "Reach information (Article 33 (1)) : Article may contain : Octamethylcyclotetrasiloxane:CAS-number:556-67-2",
      "Reach information (Article 33 (1)) : Article may contain : cobalt dichloride:CAS-number:7646-79-9",
      "Reach information (Article 33 (1)) : Article may contain : 2-(2H-​Benzotriazol-​2-​yl)​-​4,6-​di-tert-pentylphenol:CAS-number:25973-55-1",
      "Reach information (Article 33 (1)) : Article may contain : Lead Zirconium Titanium Oxide:CAS-number:12626-81-2",
      "Reach information (Article 33 (1)) : Article may contain : Nonylphenoxypoly(ethyleneoxy)ethanol:CAS-number:9016-45-9",
      "Reach information (Article 33 (1)) : Article may contain : Refractories, fibers, aluminosilicate:CAS-number:142844-00-6",
      "Reach information (Article 33 (1)) : Article may contain : 2-Imidazolidinethione:CAS-number:96-45-7",
      "Reach information (Article 33 (1)) : Article may contain : 2-(2-[4-(1,1,3,3-Tetramethylbutyl)phenoxy]ethoxy)ethanol:CAS-number:9036-19-5",
      "Reach information (Article 33 (1)) : Article may contain : Decabromodiphenyl ether:CAS-number:1163-19-5",
      "Reach information (Article 33 (1)) : Article may contain : Diazene-1,2-dicarboxamide:CAS-number:123-77-3",
      "Reach information (Article 33 (1)) : Article may contain : Tris(2-chloroethyl) phosphate:CAS-number:115-96-8",
      "Reach information (Article 33 (1)) : Article may contain : chromium trioxide:CAS-number:1333-82-0",
      "Reach information (Article 33 (1)) : Article may contain : Lead monoxide:CAS-number:1317-36-8",
      "Reach information (Article 33 (1)) : Article may contain : Benzyl butyl phthalate:CAS-number:85-68-7",
      "Reach information (Article 33 (1)) : Article may contain : Bis(2-ethylhexyl) phthalate:CAS-number:117-81-7"
    ],
    "history": []
  },
  {
    "call": "8",
    "part": "13412046",
    "desc": "BRACKET,RH,WING",
    "usage": "",
    "range": "",
    "qty": "1",
    "positions": [],
    "reach": [
      "Reach information (Article 33 (1)) : Article may contain : 4,4'-isopropylidenediphenol:CAS-number:80-05-7",
      "Reach information (Article 33 (1)) : Article may contain : Hexahydrophthalic anhydride:CAS-number:85-42-7",
      "Reach information (Article 33 (1)) : Article may contain : 2-ethoxyethyl acetate:CAS-number:111-15-9",
      "Reach information (Article 33 (1)) : Article may contain : Trilead Dioxide Phosphonate:CAS-number:12141-20-7",
      "Reach information (Article 33 (1)) : Article may contain : Lead chromate:CAS-number:7758-97-6",
      "Reach information (Article 33 (1)) : Article may contain : Chromic acid:CAS-number:7738-94-5",
      "Reach information (Article 33 (1)) : Article may contain : 2-Ethoxyethanol:CAS-number:110-80-5",
      "Reach information (Article 33 (1)) : Article may contain : Cobalt(II) nitrate:CAS-number:10141-05-6",
      "Reach information (Article 33 (1)) : Article may contain : Strontium chromate:CAS-number:7789-06-2",
      "Reach information (Article 33 (1)) : Article may contain : N,N-Dimethylformamide:CAS-number:68-12-2",
      "Reach information (Article 33 (1)) : Article may contain : Cobalt sulfate:CAS-number:10124-43-3",
      "Reach information (Article 33 (1)) : Article may contain : N,N-Dimethylacetamide:CAS-number:127-19-5",
      "Reach information (Article 33 (1)) : Article may contain : Sodium tetraborate pentahydrate:CAS-number:12179-04-3",
      "Reach information (Article 33 (1)) : Article may contain : 1,2-Dimethoxyethane:CAS-number:110-71-4",
      "Reach information (Article 33 (1)) : Article may contain : Benzo(a)pyrene:CAS-number:50-32-8",
      "Reach information (Article 33 (1)) : Article may contain : 1,2-Benzenedicarboxylic acid, mixed decyl and hexyl and octyl diesters:CAS-number:68648-39-1",
      "Reach information (Article 33 (1)) : Article may contain : 2-benzotriazol-2-yl-4,6-di-tert-butylphenol:CAS-number:3846-71-7",
      "Reach information (Article 33 (1)) : Article may contain : Cobalt(II) acetate:CAS-number:71-48-7",
      "Reach information (Article 33 (1)) : Article may contain : orange lead:CAS-number:1314-41-6",
      "Reach information (Article 33 (1)) : Article may contain : 1,3,5-Triglycidyl isocyanurate:CAS-number:2451-62-9",
      "Reach information (Article 33 (1)) : Article may contain : Acrylamide:CAS-number:79-06-1",
      "Reach information (Article 33 (1)) : Article may contain : Octamethylcyclotetrasiloxane:CAS-number:556-67-2",
      "Reach information (Article 33 (1)) : Article may contain : cobalt dichloride:CAS-number:7646-79-9",
      "Reach information (Article 33 (1)) : Article may contain : 2-(2H-​Benzotriazol-​2-​yl)​-​4,6-​di-tert-pentylphenol:CAS-number:25973-55-1",
      "Reach information (Article 33 (1)) : Article may contain : Lead Zirconium Titanium Oxide:CAS-number:12626-81-2",
      "Reach information (Article 33 (1)) : Article may contain : Nonylphenoxypoly(ethyleneoxy)ethanol:CAS-number:9016-45-9",
      "Reach information (Article 33 (1)) : Article may contain : Refractories, fibers, aluminosilicate:CAS-number:142844-00-6",
      "Reach information (Article 33 (1)) : Article may contain : 2-Imidazolidinethione:CAS-number:96-45-7",
      "Reach information (Article 33 (1)) : Article may contain : 2-(2-[4-(1,1,3,3-Tetramethylbutyl)phenoxy]ethoxy)ethanol:CAS-number:9036-19-5",
      "Reach information (Article 33 (1)) : Article may contain : Decabromodiphenyl ether:CAS-number:1163-19-5",
      "Reach information (Article 33 (1)) : Article may contain : Diazene-1,2-dicarboxamide:CAS-number:123-77-3",
      "Reach information (Article 33 (1)) : Article may contain : Tris(2-chloroethyl) phosphate:CAS-number:115-96-8",
      "Reach information (Article 33 (1)) : Article may contain : chromium trioxide:CAS-number:1333-82-0",
      "Reach information (Article 33 (1)) : Article may contain : Lead monoxide:CAS-number:1317-36-8",
      "Reach information (Article 33 (1)) : Article may contain : Benzyl butyl phthalate:CAS-number:85-68-7",
      "Reach information (Article 33 (1)) : Article may contain : Bis(2-ethylhexyl) phthalate:CAS-number:117-81-7"
    ],
    "history": []
  },
  {
    "call": "9",
    "part": "(13412034)",
    "desc": "REINFORCEMENT,LH,RAIL,SIDE (NLS.- USE 39052098)",
    "usage": "",
    "range": "",
    "qty": "1",
    "positions": [
      {
        "x": 1250,
        "y": 225
      }
    ],
    "reach": [
      "Reach information (Article 33 (1)) : Article may contain : Hexahydrophthalic anhydride:CAS-number:85-42-7",
      "Reach information (Article 33 (1)) : Article may contain : Strontium chromate:CAS-number:7789-06-2",
      "Reach information (Article 33 (1)) : Article may contain : Octamethylcyclotetrasiloxane:CAS-number:556-67-2",
      "Reach information (Article 33 (1)) : Article may contain : cobalt dichloride:CAS-number:7646-79-9",
      "Reach information (Article 33 (1)) : Article may contain : 2-(2H-​Benzotriazol-​2-​yl)​-​4,6-​di-tert-pentylphenol:CAS-number:25973-55-1",
      "Reach information (Article 33 (1)) : Article may contain : Lead Zirconium Titanium Oxide:CAS-number:12626-81-2",
      "Reach information (Article 33 (1)) : Article may contain : Diazene-1,2-dicarboxamide:CAS-number:123-77-3",
      "Reach information (Article 33 (1)) : Article may contain : Tris(2-chloroethyl) phosphate:CAS-number:115-96-8",
      "Reach information (Article 33 (1)) : Article may contain : chromium trioxide:CAS-number:1333-82-0",
      "Reach information (Article 33 (1)) : Article may contain : Lead monoxide:CAS-number:1317-36-8",
      "Reach information (Article 33 (1)) : Article may contain : Bis(2-ethylhexyl) phthalate:CAS-number:117-81-7"
    ],
    "history": [
      {
        "part": "(13412034)",
        "desc": "REINFORCEMENT,LH,RAIL,SIDE (NLS.- USE 39052098)"
      },
      {
        "part": "39052098",
        "desc": "REINFORCEMENT,LH,RAIL,SIDE"
      }
    ]
  },
  {
    "call": "9",
    "part": "39052098",
    "desc": "REINFORCEMENT,LH,RAIL,SIDE",
    "usage": "",
    "range": "",
    "qty": "1",
    "positions": [],
    "reach": [
      "Reach information (Article 33 (1)) : Article may contain : Hexahydrophthalic anhydride:CAS-number:85-42-7",
      "Reach information (Article 33 (1)) : Article may contain : Strontium chromate:CAS-number:7789-06-2",
      "Reach information (Article 33 (1)) : Article may contain : Octamethylcyclotetrasiloxane:CAS-number:556-67-2",
      "Reach information (Article 33 (1)) : Article may contain : cobalt dichloride:CAS-number:7646-79-9",
      "Reach information (Article 33 (1)) : Article may contain : 2-(2H-​Benzotriazol-​2-​yl)​-​4,6-​di-tert-pentylphenol:CAS-number:25973-55-1",
      "Reach information (Article 33 (1)) : Article may contain : Lead Zirconium Titanium Oxide:CAS-number:12626-81-2",
      "Reach information (Article 33 (1)) : Article may contain : Diazene-1,2-dicarboxamide:CAS-number:123-77-3",
      "Reach information (Article 33 (1)) : Article may contain : Tris(2-chloroethyl) phosphate:CAS-number:115-96-8",
      "Reach information (Article 33 (1)) : Article may contain : chromium trioxide:CAS-number:1333-82-0",
      "Reach information (Article 33 (1)) : Article may contain : Lead monoxide:CAS-number:1317-36-8",
      "Reach information (Article 33 (1)) : Article may contain : Bis(2-ethylhexyl) phthalate:CAS-number:117-81-7"
    ],
    "history": [
      {
        "part": "(13412034)",
        "desc": "REINFORCEMENT,LH,RAIL,SIDE (NLS.- USE 39052098)"
      },
      {
        "part": "39052098",
        "desc": "REINFORCEMENT,LH,RAIL,SIDE"
      }
    ]
  },
  {
    "call": "9",
    "part": "(13412035)",
    "desc": "REINFORCEMENT,RH,RAIL,SIDE (NLS.- USE 39052099)",
    "usage": "",
    "range": "",
    "qty": "1",
    "positions": [],
    "reach": [
      "Reach information (Article 33 (1)) : Article may contain : Hexahydrophthalic anhydride:CAS-number:85-42-7",
      "Reach information (Article 33 (1)) : Article may contain : Strontium chromate:CAS-number:7789-06-2",
      "Reach information (Article 33 (1)) : Article may contain : Octamethylcyclotetrasiloxane:CAS-number:556-67-2",
      "Reach information (Article 33 (1)) : Article may contain : cobalt dichloride:CAS-number:7646-79-9",
      "Reach information (Article 33 (1)) : Article may contain : 2-(2H-​Benzotriazol-​2-​yl)​-​4,6-​di-tert-pentylphenol:CAS-number:25973-55-1",
      "Reach information (Article 33 (1)) : Article may contain : Lead Zirconium Titanium Oxide:CAS-number:12626-81-2",
      "Reach information (Article 33 (1)) : Article may contain : Diazene-1,2-dicarboxamide:CAS-number:123-77-3",
      "Reach information (Article 33 (1)) : Article may contain : Tris(2-chloroethyl) phosphate:CAS-number:115-96-8",
      "Reach information (Article 33 (1)) : Article may contain : chromium trioxide:CAS-number:1333-82-0",
      "Reach information (Article 33 (1)) : Article may contain : Lead monoxide:CAS-number:1317-36-8",
      "Reach information (Article 33 (1)) : Article may contain : Bis(2-ethylhexyl) phthalate:CAS-number:117-81-7"
    ],
    "history": [
      {
        "part": "(13412035)",
        "desc": "REINFORCEMENT,RH,RAIL,SIDE (NLS.- USE 39052099)"
      },
      {
        "part": "39052099",
        "desc": "REINFORCEMENT,RH,RAIL,SIDE"
      }
    ]
  },
  {
    "call": "9",
    "part": "39052099",
    "desc": "REINFORCEMENT,RH,RAIL,SIDE",
    "usage": "",
    "range": "",
    "qty": "1",
    "positions": [],
    "reach": [
      "Reach information (Article 33 (1)) : Article may contain : Hexahydrophthalic anhydride:CAS-number:85-42-7",
      "Reach information (Article 33 (1)) : Article may contain : Strontium chromate:CAS-number:7789-06-2",
      "Reach information (Article 33 (1)) : Article may contain : Octamethylcyclotetrasiloxane:CAS-number:556-67-2",
      "Reach information (Article 33 (1)) : Article may contain : cobalt dichloride:CAS-number:7646-79-9",
      "Reach information (Article 33 (1)) : Article may contain : 2-(2H-​Benzotriazol-​2-​yl)​-​4,6-​di-tert-pentylphenol:CAS-number:25973-55-1",
      "Reach information (Article 33 (1)) : Article may contain : Lead Zirconium Titanium Oxide:CAS-number:12626-81-2",
      "Reach information (Article 33 (1)) : Article may contain : Diazene-1,2-dicarboxamide:CAS-number:123-77-3",
      "Reach information (Article 33 (1)) : Article may contain : Tris(2-chloroethyl) phosphate:CAS-number:115-96-8",
      "Reach information (Article 33 (1)) : Article may contain : chromium trioxide:CAS-number:1333-82-0",
      "Reach information (Article 33 (1)) : Article may contain : Lead monoxide:CAS-number:1317-36-8",
      "Reach information (Article 33 (1)) : Article may contain : Bis(2-ethylhexyl) phthalate:CAS-number:117-81-7"
    ],
    "history": [
      {
        "part": "(13412035)",
        "desc": "REINFORCEMENT,RH,RAIL,SIDE (NLS.- USE 39052099)"
      },
      {
        "part": "39052099",
        "desc": "REINFORCEMENT,RH,RAIL,SIDE"
      }
    ]
  },
  {
    "call": "10",
    "part": "(39045986)",
    "desc": "BRACKET,LH (NLS.- USE 39052081)",
    "usage": "",
    "range": "",
    "qty": "1",
    "positions": [
      {
        "x": 1765,
        "y": 739
      }
    ],
    "reach": [
      "Reach information (Article 33 (1)) : Article may contain : 4,4'-isopropylidenediphenol:CAS-number:80-05-7",
      "Reach information (Article 33 (1)) : Article may contain : Hexahydrophthalic anhydride:CAS-number:85-42-7",
      "Reach information (Article 33 (1)) : Article may contain : 2-ethoxyethyl acetate:CAS-number:111-15-9",
      "Reach information (Article 33 (1)) : Article may contain : Trilead Dioxide Phosphonate:CAS-number:12141-20-7",
      "Reach information (Article 33 (1)) : Article may contain : Lead chromate:CAS-number:7758-97-6",
      "Reach information (Article 33 (1)) : Article may contain : Chromic acid:CAS-number:7738-94-5",
      "Reach information (Article 33 (1)) : Article may contain : 2-Ethoxyethanol:CAS-number:110-80-5",
      "Reach information (Article 33 (1)) : Article may contain : Cobalt(II) nitrate:CAS-number:10141-05-6",
      "Reach information (Article 33 (1)) : Article may contain : Strontium chromate:CAS-number:7789-06-2",
      "Reach information (Article 33 (1)) : Article may contain : N,N-Dimethylformamide:CAS-number:68-12-2",
      "Reach information (Article 33 (1)) : Article may contain : Cobalt sulfate:CAS-number:10124-43-3",
      "Reach information (Article 33 (1)) : Article may contain : N,N-Dimethylacetamide:CAS-number:127-19-5",
      "Reach information (Article 33 (1)) : Article may contain : Sodium tetraborate pentahydrate:CAS-number:12179-04-3",
      "Reach information (Article 33 (1)) : Article may contain : 1,2-Dimethoxyethane:CAS-number:110-71-4",
      "Reach information (Article 33 (1)) : Article may contain : Benzo(a)pyrene:CAS-number:50-32-8",
      "Reach information (Article 33 (1)) : Article may contain : 1,2-Benzenedicarboxylic acid, mixed decyl and hexyl and octyl diesters:CAS-number:68648-39-1",
      "Reach information (Article 33 (1)) : Article may contain : 2-benzotriazol-2-yl-4,6-di-tert-butylphenol:CAS-number:3846-71-7",
      "Reach information (Article 33 (1)) : Article may contain : Cobalt(II) acetate:CAS-number:71-48-7",
      "Reach information (Article 33 (1)) : Article may contain : orange lead:CAS-number:1314-41-6",
      "Reach information (Article 33 (1)) : Article may contain : 1,3,5-Triglycidyl isocyanurate:CAS-number:2451-62-9",
      "Reach information (Article 33 (1)) : Article may contain : Acrylamide:CAS-number:79-06-1",
      "Reach information (Article 33 (1)) : Article may contain : Octamethylcyclotetrasiloxane:CAS-number:556-67-2",
      "Reach information (Article 33 (1)) : Article may contain : cobalt dichloride:CAS-number:7646-79-9",
      "Reach information (Article 33 (1)) : Article may contain : 2-(2H-​Benzotriazol-​2-​yl)​-​4,6-​di-tert-pentylphenol:CAS-number:25973-55-1",
      "Reach information (Article 33 (1)) : Article may contain : Lead Zirconium Titanium Oxide:CAS-number:12626-81-2",
      "Reach information (Article 33 (1)) : Article may contain : Nonylphenoxypoly(ethyleneoxy)ethanol:CAS-number:9016-45-9",
      "Reach information (Article 33 (1)) : Article may contain : Refractories, fibers, aluminosilicate:CAS-number:142844-00-6",
      "Reach information (Article 33 (1)) : Article may contain : 2-Imidazolidinethione:CAS-number:96-45-7",
      "Reach information (Article 33 (1)) : Article may contain : 2-(2-[4-(1,1,3,3-Tetramethylbutyl)phenoxy]ethoxy)ethanol:CAS-number:9036-19-5",
      "Reach information (Article 33 (1)) : Article may contain : Decabromodiphenyl ether:CAS-number:1163-19-5",
      "Reach information (Article 33 (1)) : Article may contain : Diazene-1,2-dicarboxamide:CAS-number:123-77-3",
      "Reach information (Article 33 (1)) : Article may contain : Tris(2-chloroethyl) phosphate:CAS-number:115-96-8",
      "Reach information (Article 33 (1)) : Article may contain : chromium trioxide:CAS-number:1333-82-0",
      "Reach information (Article 33 (1)) : Article may contain : Lead monoxide:CAS-number:1317-36-8",
      "Reach information (Article 33 (1)) : Article may contain : Benzyl butyl phthalate:CAS-number:85-68-7",
      "Reach information (Article 33 (1)) : Article may contain : Bis(2-ethylhexyl) phthalate:CAS-number:117-81-7"
    ],
    "history": [
      {
        "part": "(39045986)",
        "desc": "BRACKET,LH (NLS.- USE 39052081)"
      }
    ]
  },
  {
    "call": "10",
    "part": "39052081",
    "desc": "BRACKET,LH",
    "usage": "",
    "range": "",
    "qty": "1",
    "positions": [],
    "reach": [
      "Reach information (Article 33 (1)) : Article may contain : 4,4'-isopropylidenediphenol:CAS-number:80-05-7",
      "Reach information (Article 33 (1)) : Article may contain : Hexahydrophthalic anhydride:CAS-number:85-42-7",
      "Reach information (Article 33 (1)) : Article may contain : 2-ethoxyethyl acetate:CAS-number:111-15-9",
      "Reach information (Article 33 (1)) : Article may contain : Trilead Dioxide Phosphonate:CAS-number:12141-20-7",
      "Reach information (Article 33 (1)) : Article may contain : Lead chromate:CAS-number:7758-97-6",
      "Reach information (Article 33 (1)) : Article may contain : Chromic acid:CAS-number:7738-94-5",
      "Reach information (Article 33 (1)) : Article may contain : 2-Ethoxyethanol:CAS-number:110-80-5",
      "Reach information (Article 33 (1)) : Article may contain : Cobalt(II) nitrate:CAS-number:10141-05-6",
      "Reach information (Article 33 (1)) : Article may contain : Strontium chromate:CAS-number:7789-06-2",
      "Reach information (Article 33 (1)) : Article may contain : N,N-Dimethylformamide:CAS-number:68-12-2",
      "Reach information (Article 33 (1)) : Article may contain : Cobalt sulfate:CAS-number:10124-43-3",
      "Reach information (Article 33 (1)) : Article may contain : N,N-Dimethylacetamide:CAS-number:127-19-5",
      "Reach information (Article 33 (1)) : Article may contain : Sodium tetraborate pentahydrate:CAS-number:12179-04-3",
      "Reach information (Article 33 (1)) : Article may contain : 1,2-Dimethoxyethane:CAS-number:110-71-4",
      "Reach information (Article 33 (1)) : Article may contain : Benzo(a)pyrene:CAS-number:50-32-8",
      "Reach information (Article 33 (1)) : Article may contain : 1,2-Benzenedicarboxylic acid, mixed decyl and hexyl and octyl diesters:CAS-number:68648-39-1",
      "Reach information (Article 33 (1)) : Article may contain : 2-benzotriazol-2-yl-4,6-di-tert-butylphenol:CAS-number:3846-71-7",
      "Reach information (Article 33 (1)) : Article may contain : Cobalt(II) acetate:CAS-number:71-48-7",
      "Reach information (Article 33 (1)) : Article may contain : orange lead:CAS-number:1314-41-6",
      "Reach information (Article 33 (1)) : Article may contain : 1,3,5-Triglycidyl isocyanurate:CAS-number:2451-62-9",
      "Reach information (Article 33 (1)) : Article may contain : Acrylamide:CAS-number:79-06-1",
      "Reach information (Article 33 (1)) : Article may contain : Octamethylcyclotetrasiloxane:CAS-number:556-67-2",
      "Reach information (Article 33 (1)) : Article may contain : cobalt dichloride:CAS-number:7646-79-9",
      "Reach information (Article 33 (1)) : Article may contain : 2-(2H-​Benzotriazol-​2-​yl)​-​4,6-​di-tert-pentylphenol:CAS-number:25973-55-1",
      "Reach information (Article 33 (1)) : Article may contain : Lead Zirconium Titanium Oxide:CAS-number:12626-81-2",
      "Reach information (Article 33 (1)) : Article may contain : Nonylphenoxypoly(ethyleneoxy)ethanol:CAS-number:9016-45-9",
      "Reach information (Article 33 (1)) : Article may contain : Refractories, fibers, aluminosilicate:CAS-number:142844-00-6",
      "Reach information (Article 33 (1)) : Article may contain : 2-Imidazolidinethione:CAS-number:96-45-7",
      "Reach information (Article 33 (1)) : Article may contain : 2-(2-[4-(1,1,3,3-Tetramethylbutyl)phenoxy]ethoxy)ethanol:CAS-number:9036-19-5",
      "Reach information (Article 33 (1)) : Article may contain : Decabromodiphenyl ether:CAS-number:1163-19-5",
      "Reach information (Article 33 (1)) : Article may contain : Diazene-1,2-dicarboxamide:CAS-number:123-77-3",
      "Reach information (Article 33 (1)) : Article may contain : Tris(2-chloroethyl) phosphate:CAS-number:115-96-8",
      "Reach information (Article 33 (1)) : Article may contain : chromium trioxide:CAS-number:1333-82-0",
      "Reach information (Article 33 (1)) : Article may contain : Lead monoxide:CAS-number:1317-36-8",
      "Reach information (Article 33 (1)) : Article may contain : Benzyl butyl phthalate:CAS-number:85-68-7",
      "Reach information (Article 33 (1)) : Article may contain : Bis(2-ethylhexyl) phthalate:CAS-number:117-81-7"
    ],
    "history": [
      {
        "part": "(39045986)",
        "desc": "BRACKET,LH (NLS.- USE 39052081)"
      }
    ]
  },
  {
    "call": "10",
    "part": "(39045987)",
    "desc": "BRACKET,RH (NLS.- USE 39052082)",
    "usage": "",
    "range": "",
    "qty": "1",
    "positions": [],
    "reach": [
      "Reach information (Article 33 (1)) : Article may contain : 4,4'-isopropylidenediphenol:CAS-number:80-05-7",
      "Reach information (Article 33 (1)) : Article may contain : Hexahydrophthalic anhydride:CAS-number:85-42-7",
      "Reach information (Article 33 (1)) : Article may contain : 2-ethoxyethyl acetate:CAS-number:111-15-9",
      "Reach information (Article 33 (1)) : Article may contain : Trilead Dioxide Phosphonate:CAS-number:12141-20-7",
      "Reach information (Article 33 (1)) : Article may contain : Lead chromate:CAS-number:7758-97-6",
      "Reach information (Article 33 (1)) : Article may contain : Chromic acid:CAS-number:7738-94-5",
      "Reach information (Article 33 (1)) : Article may contain : 2-Ethoxyethanol:CAS-number:110-80-5",
      "Reach information (Article 33 (1)) : Article may contain : Cobalt(II) nitrate:CAS-number:10141-05-6",
      "Reach information (Article 33 (1)) : Article may contain : Strontium chromate:CAS-number:7789-06-2",
      "Reach information (Article 33 (1)) : Article may contain : N,N-Dimethylformamide:CAS-number:68-12-2",
      "Reach information (Article 33 (1)) : Article may contain : Cobalt sulfate:CAS-number:10124-43-3",
      "Reach information (Article 33 (1)) : Article may contain : N,N-Dimethylacetamide:CAS-number:127-19-5",
      "Reach information (Article 33 (1)) : Article may contain : Sodium tetraborate pentahydrate:CAS-number:12179-04-3",
      "Reach information (Article 33 (1)) : Article may contain : 1,2-Dimethoxyethane:CAS-number:110-71-4",
      "Reach information (Article 33 (1)) : Article may contain : Benzo(a)pyrene:CAS-number:50-32-8",
      "Reach information (Article 33 (1)) : Article may contain : 1,2-Benzenedicarboxylic acid, mixed decyl and hexyl and octyl diesters:CAS-number:68648-39-1",
      "Reach information (Article 33 (1)) : Article may contain : 2-benzotriazol-2-yl-4,6-di-tert-butylphenol:CAS-number:3846-71-7",
      "Reach information (Article 33 (1)) : Article may contain : Cobalt(II) acetate:CAS-number:71-48-7",
      "Reach information (Article 33 (1)) : Article may contain : orange lead:CAS-number:1314-41-6",
      "Reach information (Article 33 (1)) : Article may contain : 1,3,5-Triglycidyl isocyanurate:CAS-number:2451-62-9",
      "Reach information (Article 33 (1)) : Article may contain : Acrylamide:CAS-number:79-06-1",
      "Reach information (Article 33 (1)) : Article may contain : Octamethylcyclotetrasiloxane:CAS-number:556-67-2",
      "Reach information (Article 33 (1)) : Article may contain : cobalt dichloride:CAS-number:7646-79-9",
      "Reach information (Article 33 (1)) : Article may contain : 2-(2H-​Benzotriazol-​2-​yl)​-​4,6-​di-tert-pentylphenol:CAS-number:25973-55-1",
      "Reach information (Article 33 (1)) : Article may contain : Lead Zirconium Titanium Oxide:CAS-number:12626-81-2",
      "Reach information (Article 33 (1)) : Article may contain : Nonylphenoxypoly(ethyleneoxy)ethanol:CAS-number:9016-45-9",
      "Reach information (Article 33 (1)) : Article may contain : Refractories, fibers, aluminosilicate:CAS-number:142844-00-6",
      "Reach information (Article 33 (1)) : Article may contain : 2-Imidazolidinethione:CAS-number:96-45-7",
      "Reach information (Article 33 (1)) : Article may contain : 2-(2-[4-(1,1,3,3-Tetramethylbutyl)phenoxy]ethoxy)ethanol:CAS-number:9036-19-5",
      "Reach information (Article 33 (1)) : Article may contain : Decabromodiphenyl ether:CAS-number:1163-19-5",
      "Reach information (Article 33 (1)) : Article may contain : Diazene-1,2-dicarboxamide:CAS-number:123-77-3",
      "Reach information (Article 33 (1)) : Article may contain : Tris(2-chloroethyl) phosphate:CAS-number:115-96-8",
      "Reach information (Article 33 (1)) : Article may contain : chromium trioxide:CAS-number:1333-82-0",
      "Reach information (Article 33 (1)) : Article may contain : Lead monoxide:CAS-number:1317-36-8",
      "Reach information (Article 33 (1)) : Article may contain : Benzyl butyl phthalate:CAS-number:85-68-7",
      "Reach information (Article 33 (1)) : Article may contain : Bis(2-ethylhexyl) phthalate:CAS-number:117-81-7"
    ],
    "history": [
      {
        "part": "(39045987)",
        "desc": "BRACKET,RH (NLS.- USE 39052082)"
      },
      {
        "part": "39052082",
        "desc": "BRACKET,RH"
      }
    ]
  },
  {
    "call": "10",
    "part": "39052082",
    "desc": "BRACKET,RH",
    "usage": "",
    "range": "",
    "qty": "1",
    "positions": [],
    "reach": [
      "Reach information (Article 33 (1)) : Article may contain : 4,4'-isopropylidenediphenol:CAS-number:80-05-7",
      "Reach information (Article 33 (1)) : Article may contain : Hexahydrophthalic anhydride:CAS-number:85-42-7",
      "Reach information (Article 33 (1)) : Article may contain : 2-ethoxyethyl acetate:CAS-number:111-15-9",
      "Reach information (Article 33 (1)) : Article may contain : Trilead Dioxide Phosphonate:CAS-number:12141-20-7",
      "Reach information (Article 33 (1)) : Article may contain : Lead chromate:CAS-number:7758-97-6",
      "Reach information (Article 33 (1)) : Article may contain : Chromic acid:CAS-number:7738-94-5",
      "Reach information (Article 33 (1)) : Article may contain : 2-Ethoxyethanol:CAS-number:110-80-5",
      "Reach information (Article 33 (1)) : Article may contain : Cobalt(II) nitrate:CAS-number:10141-05-6",
      "Reach information (Article 33 (1)) : Article may contain : Strontium chromate:CAS-number:7789-06-2",
      "Reach information (Article 33 (1)) : Article may contain : N,N-Dimethylformamide:CAS-number:68-12-2",
      "Reach information (Article 33 (1)) : Article may contain : Cobalt sulfate:CAS-number:10124-43-3",
      "Reach information (Article 33 (1)) : Article may contain : N,N-Dimethylacetamide:CAS-number:127-19-5",
      "Reach information (Article 33 (1)) : Article may contain : Sodium tetraborate pentahydrate:CAS-number:12179-04-3",
      "Reach information (Article 33 (1)) : Article may contain : 1,2-Dimethoxyethane:CAS-number:110-71-4",
      "Reach information (Article 33 (1)) : Article may contain : Benzo(a)pyrene:CAS-number:50-32-8",
      "Reach information (Article 33 (1)) : Article may contain : 1,2-Benzenedicarboxylic acid, mixed decyl and hexyl and octyl diesters:CAS-number:68648-39-1",
      "Reach information (Article 33 (1)) : Article may contain : 2-benzotriazol-2-yl-4,6-di-tert-butylphenol:CAS-number:3846-71-7",
      "Reach information (Article 33 (1)) : Article may contain : Cobalt(II) acetate:CAS-number:71-48-7",
      "Reach information (Article 33 (1)) : Article may contain : orange lead:CAS-number:1314-41-6",
      "Reach information (Article 33 (1)) : Article may contain : 1,3,5-Triglycidyl isocyanurate:CAS-number:2451-62-9",
      "Reach information (Article 33 (1)) : Article may contain : Acrylamide:CAS-number:79-06-1",
      "Reach information (Article 33 (1)) : Article may contain : Octamethylcyclotetrasiloxane:CAS-number:556-67-2",
      "Reach information (Article 33 (1)) : Article may contain : cobalt dichloride:CAS-number:7646-79-9",
      "Reach information (Article 33 (1)) : Article may contain : 2-(2H-​Benzotriazol-​2-​yl)​-​4,6-​di-tert-pentylphenol:CAS-number:25973-55-1",
      "Reach information (Article 33 (1)) : Article may contain : Lead Zirconium Titanium Oxide:CAS-number:12626-81-2",
      "Reach information (Article 33 (1)) : Article may contain : Nonylphenoxypoly(ethyleneoxy)ethanol:CAS-number:9016-45-9",
      "Reach information (Article 33 (1)) : Article may contain : Refractories, fibers, aluminosilicate:CAS-number:142844-00-6",
      "Reach information (Article 33 (1)) : Article may contain : 2-Imidazolidinethione:CAS-number:96-45-7",
      "Reach information (Article 33 (1)) : Article may contain : 2-(2-[4-(1,1,3,3-Tetramethylbutyl)phenoxy]ethoxy)ethanol:CAS-number:9036-19-5",
      "Reach information (Article 33 (1)) : Article may contain : Decabromodiphenyl ether:CAS-number:1163-19-5",
      "Reach information (Article 33 (1)) : Article may contain : Diazene-1,2-dicarboxamide:CAS-number:123-77-3",
      "Reach information (Article 33 (1)) : Article may contain : Tris(2-chloroethyl) phosphate:CAS-number:115-96-8",
      "Reach information (Article 33 (1)) : Article may contain : chromium trioxide:CAS-number:1333-82-0",
      "Reach information (Article 33 (1)) : Article may contain : Lead monoxide:CAS-number:1317-36-8",
      "Reach information (Article 33 (1)) : Article may contain : Benzyl butyl phthalate:CAS-number:85-68-7",
      "Reach information (Article 33 (1)) : Article may contain : Bis(2-ethylhexyl) phthalate:CAS-number:117-81-7"
    ],
    "history": [
      {
        "part": "(39045987)",
        "desc": "BRACKET,RH (NLS.- USE 39052082)"
      },
      {
        "part": "39052082",
        "desc": "BRACKET,RH"
      }
    ]
  },
  {
    "call": "11",
    "part": "(13412036)",
    "desc": "BRACKET (NLS.- USE 39052083)",
    "usage": "",
    "range": "",
    "qty": "2",
    "positions": [
      {
        "x": 1994,
        "y": 571
      }
    ],
    "reach": [
      "Reach information (Article 33 (1)) : Article may contain : 4,4'-isopropylidenediphenol:CAS-number:80-05-7",
      "Reach information (Article 33 (1)) : Article may contain : Hexahydrophthalic anhydride:CAS-number:85-42-7",
      "Reach information (Article 33 (1)) : Article may contain : 2-ethoxyethyl acetate:CAS-number:111-15-9",
      "Reach information (Article 33 (1)) : Article may contain : Trilead Dioxide Phosphonate:CAS-number:12141-20-7",
      "Reach information (Article 33 (1)) : Article may contain : Lead chromate:CAS-number:7758-97-6",
      "Reach information (Article 33 (1)) : Article may contain : Chromic acid:CAS-number:7738-94-5",
      "Reach information (Article 33 (1)) : Article may contain : 2-Ethoxyethanol:CAS-number:110-80-5",
      "Reach information (Article 33 (1)) : Article may contain : Cobalt(II) nitrate:CAS-number:10141-05-6",
      "Reach information (Article 33 (1)) : Article may contain : Strontium chromate:CAS-number:7789-06-2",
      "Reach information (Article 33 (1)) : Article may contain : N,N-Dimethylformamide:CAS-number:68-12-2",
      "Reach information (Article 33 (1)) : Article may contain : Cobalt sulfate:CAS-number:10124-43-3",
      "Reach information (Article 33 (1)) : Article may contain : N,N-Dimethylacetamide:CAS-number:127-19-5",
      "Reach information (Article 33 (1)) : Article may contain : Sodium tetraborate pentahydrate:CAS-number:12179-04-3",
      "Reach information (Article 33 (1)) : Article may contain : 1,2-Dimethoxyethane:CAS-number:110-71-4",
      "Reach information (Article 33 (1)) : Article may contain : Benzo(a)pyrene:CAS-number:50-32-8",
      "Reach information (Article 33 (1)) : Article may contain : 1,2-Benzenedicarboxylic acid, mixed decyl and hexyl and octyl diesters:CAS-number:68648-39-1",
      "Reach information (Article 33 (1)) : Article may contain : 2-benzotriazol-2-yl-4,6-di-tert-butylphenol:CAS-number:3846-71-7",
      "Reach information (Article 33 (1)) : Article may contain : Cobalt(II) acetate:CAS-number:71-48-7",
      "Reach information (Article 33 (1)) : Article may contain : orange lead:CAS-number:1314-41-6",
      "Reach information (Article 33 (1)) : Article may contain : 1,3,5-Triglycidyl isocyanurate:CAS-number:2451-62-9",
      "Reach information (Article 33 (1)) : Article may contain : Acrylamide:CAS-number:79-06-1",
      "Reach information (Article 33 (1)) : Article may contain : Octamethylcyclotetrasiloxane:CAS-number:556-67-2",
      "Reach information (Article 33 (1)) : Article may contain : cobalt dichloride:CAS-number:7646-79-9",
      "Reach information (Article 33 (1)) : Article may contain : 2-(2H-​Benzotriazol-​2-​yl)​-​4,6-​di-tert-pentylphenol:CAS-number:25973-55-1",
      "Reach information (Article 33 (1)) : Article may contain : Lead Zirconium Titanium Oxide:CAS-number:12626-81-2",
      "Reach information (Article 33 (1)) : Article may contain : Nonylphenoxypoly(ethyleneoxy)ethanol:CAS-number:9016-45-9",
      "Reach information (Article 33 (1)) : Article may contain : Refractories, fibers, aluminosilicate:CAS-number:142844-00-6",
      "Reach information (Article 33 (1)) : Article may contain : 2-Imidazolidinethione:CAS-number:96-45-7",
      "Reach information (Article 33 (1)) : Article may contain : 2-(2-[4-(1,1,3,3-Tetramethylbutyl)phenoxy]ethoxy)ethanol:CAS-number:9036-19-5",
      "Reach information (Article 33 (1)) : Article may contain : Decabromodiphenyl ether:CAS-number:1163-19-5",
      "Reach information (Article 33 (1)) : Article may contain : Diazene-1,2-dicarboxamide:CAS-number:123-77-3",
      "Reach information (Article 33 (1)) : Article may contain : Tris(2-chloroethyl) phosphate:CAS-number:115-96-8",
      "Reach information (Article 33 (1)) : Article may contain : chromium trioxide:CAS-number:1333-82-0",
      "Reach information (Article 33 (1)) : Article may contain : Lead monoxide:CAS-number:1317-36-8",
      "Reach information (Article 33 (1)) : Article may contain : Benzyl butyl phthalate:CAS-number:85-68-7",
      "Reach information (Article 33 (1)) : Article may contain : Bis(2-ethylhexyl) phthalate:CAS-number:117-81-7"
    ],
    "history": [
      {
        "part": "(13412036)",
        "desc": "BRACKET (NLS.- USE 39052083)"
      },
      {
        "part": "39052083",
        "desc": "BRACKET"
      }
    ]
  },
  {
    "call": "11",
    "part": "39052083",
    "desc": "BRACKET",
    "usage": "",
    "range": "",
    "qty": "2",
    "positions": [],
    "reach": [
      "Reach information (Article 33 (1)) : Article may contain : 4,4'-isopropylidenediphenol:CAS-number:80-05-7",
      "Reach information (Article 33 (1)) : Article may contain : Hexahydrophthalic anhydride:CAS-number:85-42-7",
      "Reach information (Article 33 (1)) : Article may contain : 2-ethoxyethyl acetate:CAS-number:111-15-9",
      "Reach information (Article 33 (1)) : Article may contain : Trilead Dioxide Phosphonate:CAS-number:12141-20-7",
      "Reach information (Article 33 (1)) : Article may contain : Lead chromate:CAS-number:7758-97-6",
      "Reach information (Article 33 (1)) : Article may contain : Chromic acid:CAS-number:7738-94-5",
      "Reach information (Article 33 (1)) : Article may contain : 2-Ethoxyethanol:CAS-number:110-80-5",
      "Reach information (Article 33 (1)) : Article may contain : Cobalt(II) nitrate:CAS-number:10141-05-6",
      "Reach information (Article 33 (1)) : Article may contain : Strontium chromate:CAS-number:7789-06-2",
      "Reach information (Article 33 (1)) : Article may contain : N,N-Dimethylformamide:CAS-number:68-12-2",
      "Reach information (Article 33 (1)) : Article may contain : Cobalt sulfate:CAS-number:10124-43-3",
      "Reach information (Article 33 (1)) : Article may contain : N,N-Dimethylacetamide:CAS-number:127-19-5",
      "Reach information (Article 33 (1)) : Article may contain : Sodium tetraborate pentahydrate:CAS-number:12179-04-3",
      "Reach information (Article 33 (1)) : Article may contain : 1,2-Dimethoxyethane:CAS-number:110-71-4",
      "Reach information (Article 33 (1)) : Article may contain : Benzo(a)pyrene:CAS-number:50-32-8",
      "Reach information (Article 33 (1)) : Article may contain : 1,2-Benzenedicarboxylic acid, mixed decyl and hexyl and octyl diesters:CAS-number:68648-39-1",
      "Reach information (Article 33 (1)) : Article may contain : 2-benzotriazol-2-yl-4,6-di-tert-butylphenol:CAS-number:3846-71-7",
      "Reach information (Article 33 (1)) : Article may contain : Cobalt(II) acetate:CAS-number:71-48-7",
      "Reach information (Article 33 (1)) : Article may contain : orange lead:CAS-number:1314-41-6",
      "Reach information (Article 33 (1)) : Article may contain : 1,3,5-Triglycidyl isocyanurate:CAS-number:2451-62-9",
      "Reach information (Article 33 (1)) : Article may contain : Acrylamide:CAS-number:79-06-1",
      "Reach information (Article 33 (1)) : Article may contain : Octamethylcyclotetrasiloxane:CAS-number:556-67-2",
      "Reach information (Article 33 (1)) : Article may contain : cobalt dichloride:CAS-number:7646-79-9",
      "Reach information (Article 33 (1)) : Article may contain : 2-(2H-​Benzotriazol-​2-​yl)​-​4,6-​di-tert-pentylphenol:CAS-number:25973-55-1",
      "Reach information (Article 33 (1)) : Article may contain : Lead Zirconium Titanium Oxide:CAS-number:12626-81-2",
      "Reach information (Article 33 (1)) : Article may contain : Nonylphenoxypoly(ethyleneoxy)ethanol:CAS-number:9016-45-9",
      "Reach information (Article 33 (1)) : Article may contain : Refractories, fibers, aluminosilicate:CAS-number:142844-00-6",
      "Reach information (Article 33 (1)) : Article may contain : 2-Imidazolidinethione:CAS-number:96-45-7",
      "Reach information (Article 33 (1)) : Article may contain : 2-(2-[4-(1,1,3,3-Tetramethylbutyl)phenoxy]ethoxy)ethanol:CAS-number:9036-19-5",
      "Reach information (Article 33 (1)) : Article may contain : Decabromodiphenyl ether:CAS-number:1163-19-5",
      "Reach information (Article 33 (1)) : Article may contain : Diazene-1,2-dicarboxamide:CAS-number:123-77-3",
      "Reach information (Article 33 (1)) : Article may contain : Tris(2-chloroethyl) phosphate:CAS-number:115-96-8",
      "Reach information (Article 33 (1)) : Article may contain : chromium trioxide:CAS-number:1333-82-0",
      "Reach information (Article 33 (1)) : Article may contain : Lead monoxide:CAS-number:1317-36-8",
      "Reach information (Article 33 (1)) : Article may contain : Benzyl butyl phthalate:CAS-number:85-68-7",
      "Reach information (Article 33 (1)) : Article may contain : Bis(2-ethylhexyl) phthalate:CAS-number:117-81-7"
    ],
    "history": [
      {
        "part": "(13412036)",
        "desc": "BRACKET (NLS.- USE 39052083)"
      },
      {
        "part": "39052083",
        "desc": "BRACKET"
      }
    ]
  },
  {
    "call": "12",
    "part": "13498188",
    "desc": "BRACKET,RH",
    "usage": "",
    "range": "",
    "qty": "1",
    "positions": [
      {
        "x": 1288,
        "y": 105
      }
    ],
    "reach": [
      "Reach information (Article 33 (1)) : Article may contain : 4,4'-isopropylidenediphenol:CAS-number:80-05-7",
      "Reach information (Article 33 (1)) : Article may contain : Hexahydrophthalic anhydride:CAS-number:85-42-7",
      "Reach information (Article 33 (1)) : Article may contain : 2-ethoxyethyl acetate:CAS-number:111-15-9",
      "Reach information (Article 33 (1)) : Article may contain : Trilead Dioxide Phosphonate:CAS-number:12141-20-7",
      "Reach information (Article 33 (1)) : Article may contain : Lead chromate:CAS-number:7758-97-6",
      "Reach information (Article 33 (1)) : Article may contain : Chromic acid:CAS-number:7738-94-5",
      "Reach information (Article 33 (1)) : Article may contain : 2-Ethoxyethanol:CAS-number:110-80-5",
      "Reach information (Article 33 (1)) : Article may contain : Cobalt(II) nitrate:CAS-number:10141-05-6",
      "Reach information (Article 33 (1)) : Article may contain : Strontium chromate:CAS-number:7789-06-2",
      "Reach information (Article 33 (1)) : Article may contain : N,N-Dimethylformamide:CAS-number:68-12-2",
      "Reach information (Article 33 (1)) : Article may contain : Cobalt sulfate:CAS-number:10124-43-3",
      "Reach information (Article 33 (1)) : Article may contain : N,N-Dimethylacetamide:CAS-number:127-19-5",
      "Reach information (Article 33 (1)) : Article may contain : Sodium tetraborate pentahydrate:CAS-number:12179-04-3",
      "Reach information (Article 33 (1)) : Article may contain : 1,2-Dimethoxyethane:CAS-number:110-71-4",
      "Reach information (Article 33 (1)) : Article may contain : Benzo(a)pyrene:CAS-number:50-32-8",
      "Reach information (Article 33 (1)) : Article may contain : 1,2-Benzenedicarboxylic acid, mixed decyl and hexyl and octyl diesters:CAS-number:68648-39-1",
      "Reach information (Article 33 (1)) : Article may contain : 2-benzotriazol-2-yl-4,6-di-tert-butylphenol:CAS-number:3846-71-7",
      "Reach information (Article 33 (1)) : Article may contain : Cobalt(II) acetate:CAS-number:71-48-7",
      "Reach information (Article 33 (1)) : Article may contain : orange lead:CAS-number:1314-41-6",
      "Reach information (Article 33 (1)) : Article may contain : 1,3,5-Triglycidyl isocyanurate:CAS-number:2451-62-9",
      "Reach information (Article 33 (1)) : Article may contain : Acrylamide:CAS-number:79-06-1",
      "Reach information (Article 33 (1)) : Article may contain : Octamethylcyclotetrasiloxane:CAS-number:556-67-2",
      "Reach information (Article 33 (1)) : Article may contain : cobalt dichloride:CAS-number:7646-79-9",
      "Reach information (Article 33 (1)) : Article may contain : 2-(2H-​Benzotriazol-​2-​yl)​-​4,6-​di-tert-pentylphenol:CAS-number:25973-55-1",
      "Reach information (Article 33 (1)) : Article may contain : Lead Zirconium Titanium Oxide:CAS-number:12626-81-2",
      "Reach information (Article 33 (1)) : Article may contain : Nonylphenoxypoly(ethyleneoxy)ethanol:CAS-number:9016-45-9",
      "Reach information (Article 33 (1)) : Article may contain : Refractories, fibers, aluminosilicate:CAS-number:142844-00-6",
      "Reach information (Article 33 (1)) : Article may contain : 2-Imidazolidinethione:CAS-number:96-45-7",
      "Reach information (Article 33 (1)) : Article may contain : 2-(2-[4-(1,1,3,3-Tetramethylbutyl)phenoxy]ethoxy)ethanol:CAS-number:9036-19-5",
      "Reach information (Article 33 (1)) : Article may contain : Decabromodiphenyl ether:CAS-number:1163-19-5",
      "Reach information (Article 33 (1)) : Article may contain : Diazene-1,2-dicarboxamide:CAS-number:123-77-3",
      "Reach information (Article 33 (1)) : Article may contain : Tris(2-chloroethyl) phosphate:CAS-number:115-96-8",
      "Reach information (Article 33 (1)) : Article may contain : chromium trioxide:CAS-number:1333-82-0",
      "Reach information (Article 33 (1)) : Article may contain : Lead monoxide:CAS-number:1317-36-8",
      "Reach information (Article 33 (1)) : Article may contain : Benzyl butyl phthalate:CAS-number:85-68-7",
      "Reach information (Article 33 (1)) : Article may contain : Bis(2-ethylhexyl) phthalate:CAS-number:117-81-7"
    ],
    "history": [
      {
        "part": "Part History is not available.",
        "desc": ""
      }
    ]
  },
  {
    "call": "12",
    "part": "13498187",
    "desc": "BRACKET,LH",
    "usage": "",
    "range": "",
    "qty": "1",
    "positions": [],
    "reach": [
      "Reach information (Article 33 (1)) : Article may contain : 4,4'-isopropylidenediphenol:CAS-number:80-05-7",
      "Reach information (Article 33 (1)) : Article may contain : Hexahydrophthalic anhydride:CAS-number:85-42-7",
      "Reach information (Article 33 (1)) : Article may contain : 2-ethoxyethyl acetate:CAS-number:111-15-9",
      "Reach information (Article 33 (1)) : Article may contain : Trilead Dioxide Phosphonate:CAS-number:12141-20-7",
      "Reach information (Article 33 (1)) : Article may contain : Lead chromate:CAS-number:7758-97-6",
      "Reach information (Article 33 (1)) : Article may contain : Chromic acid:CAS-number:7738-94-5",
      "Reach information (Article 33 (1)) : Article may contain : 2-Ethoxyethanol:CAS-number:110-80-5",
      "Reach information (Article 33 (1)) : Article may contain : Cobalt(II) nitrate:CAS-number:10141-05-6",
      "Reach information (Article 33 (1)) : Article may contain : Strontium chromate:CAS-number:7789-06-2",
      "Reach information (Article 33 (1)) : Article may contain : N,N-Dimethylformamide:CAS-number:68-12-2",
      "Reach information (Article 33 (1)) : Article may contain : Cobalt sulfate:CAS-number:10124-43-3",
      "Reach information (Article 33 (1)) : Article may contain : N,N-Dimethylacetamide:CAS-number:127-19-5",
      "Reach information (Article 33 (1)) : Article may contain : Sodium tetraborate pentahydrate:CAS-number:12179-04-3",
      "Reach information (Article 33 (1)) : Article may contain : 1,2-Dimethoxyethane:CAS-number:110-71-4",
      "Reach information (Article 33 (1)) : Article may contain : Benzo(a)pyrene:CAS-number:50-32-8",
      "Reach information (Article 33 (1)) : Article may contain : 1,2-Benzenedicarboxylic acid, mixed decyl and hexyl and octyl diesters:CAS-number:68648-39-1",
      "Reach information (Article 33 (1)) : Article may contain : 2-benzotriazol-2-yl-4,6-di-tert-butylphenol:CAS-number:3846-71-7",
      "Reach information (Article 33 (1)) : Article may contain : Cobalt(II) acetate:CAS-number:71-48-7",
      "Reach information (Article 33 (1)) : Article may contain : orange lead:CAS-number:1314-41-6",
      "Reach information (Article 33 (1)) : Article may contain : 1,3,5-Triglycidyl isocyanurate:CAS-number:2451-62-9",
      "Reach information (Article 33 (1)) : Article may contain : Acrylamide:CAS-number:79-06-1",
      "Reach information (Article 33 (1)) : Article may contain : Octamethylcyclotetrasiloxane:CAS-number:556-67-2",
      "Reach information (Article 33 (1)) : Article may contain : cobalt dichloride:CAS-number:7646-79-9",
      "Reach information (Article 33 (1)) : Article may contain : 2-(2H-​Benzotriazol-​2-​yl)​-​4,6-​di-tert-pentylphenol:CAS-number:25973-55-1",
      "Reach information (Article 33 (1)) : Article may contain : Lead Zirconium Titanium Oxide:CAS-number:12626-81-2",
      "Reach information (Article 33 (1)) : Article may contain : Nonylphenoxypoly(ethyleneoxy)ethanol:CAS-number:9016-45-9",
      "Reach information (Article 33 (1)) : Article may contain : Refractories, fibers, aluminosilicate:CAS-number:142844-00-6",
      "Reach information (Article 33 (1)) : Article may contain : 2-Imidazolidinethione:CAS-number:96-45-7",
      "Reach information (Article 33 (1)) : Article may contain : 2-(2-[4-(1,1,3,3-Tetramethylbutyl)phenoxy]ethoxy)ethanol:CAS-number:9036-19-5",
      "Reach information (Article 33 (1)) : Article may contain : Decabromodiphenyl ether:CAS-number:1163-19-5",
      "Reach information (Article 33 (1)) : Article may contain : Diazene-1,2-dicarboxamide:CAS-number:123-77-3",
      "Reach information (Article 33 (1)) : Article may contain : Tris(2-chloroethyl) phosphate:CAS-number:115-96-8",
      "Reach information (Article 33 (1)) : Article may contain : chromium trioxide:CAS-number:1333-82-0",
      "Reach information (Article 33 (1)) : Article may contain : Lead monoxide:CAS-number:1317-36-8",
      "Reach information (Article 33 (1)) : Article may contain : Benzyl butyl phthalate:CAS-number:85-68-7",
      "Reach information (Article 33 (1)) : Article may contain : Bis(2-ethylhexyl) phthalate:CAS-number:117-81-7"
    ],
    "history": [
      {
        "part": "Part History is not available.",
        "desc": ""
      }
    ]
  }
]