[
  {
    "call": "4",
    "part": "(39005513)",
    "desc": "MOULDING,FRONT WING,RH,UPPER,BLACK (NLS.- USE 39041994)",
    "usage": "",
    "range": "",
    "qty": "1",
    "positions": [
      {
        "x": 53,
        "y": 2289
      }
    ],
    "reach": [],
    "history": []
  },
  {
    "call": "4",
    "part": "(39041994)",
    "desc": "MOULDING,FRONT WING,RH,UPPER,BLACK (NLS.- USE 39207209)",
    "usage": "",
    "range": "",
    "qty": "1",
    "positions": [],
    "reach": [],
    "history": []
  },
  {
    "call": "4",
    "part": "(39005512)",
    "desc": "MOULDING,FRONT WING,LH,UPPER,BLACK (NLS.- USE 39041993)",
    "usage": "",
    "range": "",
    "qty": "1",
    "positions": [],
    "reach": [],
    "history": []
  },
  {
    "call": "4",
    "part": "(39041993)",
    "desc": "MOULDING,FRONT WING,LH,UPPER,BLACK (NLS.- USE 39207208)",
    "usage": "",
    "range": "",
    "qty": "1",
    "positions": [],
    "reach": [],
    "history": []
  },
  {
    "call": "4",
    "part": "(39005515)",
    "desc": "MOULDING,FRONT WING,RH,UPPER,CHROME (NLS.- USE 39041996)",
    "usage": "",
    "range": "",
    "qty": "1",
    "positions": [],
    "reach": [],
    "history": []
  },
  {
    "call": "4",
    "part": "(39041996)",
    "desc": "MOULDING,FRONT WING,RH,UPPER,CHROME (NLS.- USE 39207211)",
    "usage": "",
    "range": "",
    "qty": "1",
    "positions": [],
    "reach": [],
    "history": []
  },
  {
    "call": "4",
    "part": "(39005514)",
    "desc": "MOULDING,FRONT WING,LH,UPPER,CHROME (NLS.- USE 39041995)",
    "usage": "",
    "range": "",
    "qty": "1",
    "positions": [],
    "reach": [],
    "history": []
  },
  {
    "call": "4",
    "part": "(39041995)",
    "desc": "MOULDING,FRONT WING,LH,UPPER,CHROME (NLS.- USE 39207210)",
    "usage": "",
    "range": "",
    "qty": "1",
    "positions": [],
    "reach": [],
    "history": []
  },
  {
    "call": "4",
    "part": "39130484",
    "desc": "MOULDING,FRONT WING,RH,UPPER,HIGH GLOSS BLACK",
    "usage": "",
    "range": "(C)  L8000001-\n(C)  LG000001-",
    "qty": "1",
    "positions": [],
    "reach": [],
    "history": []
  },
  {
    "call": "4",
    "part": "39130482",
    "desc": "MOULDING,FRONT WING,LH,UPPER,HIGH GLOSS BLACK",
    "usage": "",
    "range": "(C)  L8000001-\n(C)  LG000001-",
    "qty": "1",
    "positions": [],
    "reach": [],
    "history": []
  },
  {
    "call": "5",
    "part": "11611079",
    "desc": "-FASTENER (FOR RPO MDQ)",
    "usage": "",
    "range": "",
    "qty": "6",
    "positions": [
      {
        "x": 50,
        "y": 2143
      }
    ],
    "reach": [],
    "history": []
  },
  {
    "call": "6",
    "part": "(13427535)",
    "desc": "MOULDING,REAR PILLAR,RH,BLACK (NLS.- USE 39085852)",
    "usage": "",
    "range": "(C)      -J8999999\n(C)      -JG999999",
    "qty": "1",
    "positions": [
      {
        "x": 2071,
        "y": 1117
      }
    ],
    "reach": [],
    "history": []
  },
  {
    "call": "6",
    "part": "(39085852)",
    "desc": "MOULDING,REAR PILLAR,RH,BLACK (NLS.- USE 39187584)",
    "usage": "",
    "range": "(C)      -J8999999\n(C)      -JG999999",
    "qty": "1",
    "positions": [],
    "reach": [],
    "history": []
  },
  {
    "call": "6",
    "part": "39187584",
    "desc": "MOULDING,REAR PILLAR,RH,BLACK",
    "usage": "",
    "range": "(C)  K8000001-\n(C)  KG000001-",
    "qty": "1",
    "positions": [],
    "reach": [],
    "history": []
  },
  {
    "call": "6",
    "part": "(13427536)",
    "desc": "MOULDING,REAR PILLAR,LH,BLACK (NLS.- USE 39085851)",
    "usage": "",
    "range": "(C)      -J8999999\n(C)      -JG999999",
    "qty": "1",
    "positions": [],
    "reach": [],
    "history": []
  },
  {
    "call": "6",
    "part": "(39085851)",
    "desc": "MOULDING,REAR PILLAR,LH,BLACK (NLS.- USE 39187583)",
    "usage": "",
    "range": "(C)      -J8999999\n(C)      -JG999999",
    "qty": "1",
    "positions": [],
    "reach": [],
    "history": []
  },
  {
    "call": "6",
    "part": "39187583",
    "desc": "MOULDING,REAR PILLAR,LH,BLACK",
    "usage": "",
    "range": "(C)  K8000001-\n(C)  KG000001-",
    "qty": "1",
    "positions": [],
    "reach": [],
    "history": []
  },
  {
    "call": "6",
    "part": "(13427537)",
    "desc": "MOULDING,REAR PILLAR,RH,CHROME (NLS.- USE 39085854)",
    "usage": "",
    "range": "(C)      -J8999999\n(C)      -JG999999",
    "qty": "1",
    "positions": [],
    "reach": [],
    "history": []
  },
  {
    "call": "6",
    "part": "(39085854)",
    "desc": "MOULDING,REAR PILLAR,RH,CHROME (NLS.- USE 39187586)",
    "usage": "",
    "range": "(C)      -J8999999\n(C)      -JG999999",
    "qty": "1",
    "positions": [],
    "reach": [],
    "history": []
  },
  {
    "call": "6",
    "part": "39187586",
    "desc": "MOULDING,REAR PILLAR,RH,CHROME",
    "usage": "",
    "range": "(C)  K8000001-\n(C)  KG000001-",
    "qty": "1",
    "positions": [],
    "reach": [],
    "history": []
  },
  {
    "call": "6",
    "part": "(13427538)",
    "desc": "MOULDING,REAR PILLAR,LH,CHROME (NLS.- USE 39085853)",
    "usage": "",
    "range": "(C)      -J8999999\n(C)      -JG999999",
    "qty": "1",
    "positions": [],
    "reach": [],
    "history": []
  },
  {
    "call": "6",
    "part": "(39085853)",
    "desc": "MOULDING,REAR PILLAR,LH,CHROME (NLS.- USE 39187585)",
    "usage": "",
    "range": "(C)      -J8999999\n(C)      -JG999999",
    "qty": "1",
    "positions": [],
    "reach": [],
    "history": []
  },
  {
    "call": "6",
    "part": "39187585",
    "desc": "MOULDING,REAR PILLAR,LH,CHROME",
    "usage": "",
    "range": "(C)  K8000001-\n(C)  KG000001-",
    "qty": "1",
    "positions": [],
    "reach": [],
    "history": []
  },
  {
    "call": "6",
    "part": "39130488",
    "desc": "MOULDING,REAR PILLAR,RH,HIGH GLOSS BLACK",
    "usage": "",
    "range": "(C)  L8000001-\n(C)  LG000001-",
    "qty": "1",
    "positions": [],
    "reach": [],
    "history": []
  },
  {
    "call": "6",
    "part": "39130486",
    "desc": "MOULDING,REAR PILLAR,LH,HIGH GLOSS BLACK",
    "usage": "",
    "range": "(C)  L8000001-\n(C)  LG000001-",
    "qty": "1",
    "positions": [],
    "reach": [],
    "history": []
  },
  {
    "call": "6",
    "part": "",
    "desc": "@",
    "usage": "",
    "range": "",
    "qty": "6",
    "positions": [],
    "reach": [],
    "history": []
  },
  {
    "call": "7",
    "part": "(25704358)",
    "desc": "NUT,INSERT (NLS.- USE YR00224980)",
    "usage": "",
    "range": "",
    "qty": "6",
    "positions": [
      {
        "x": 2061,
        "y": 852
      }
    ],
    "reach": [],
    "history": []
  },
  {
    "call": "8",
    "part": "(13496721)",
    "desc": "SCREW (NLS.- USE YR00225080)",
    "usage": "",
    "range": "",
    "qty": "",
    "positions": [
      {
        "x": 2061,
        "y": 772
      }
    ],
    "reach": [],
    "history": []
  },
  {
    "call": "9",
    "part": "13406208",
    "desc": "MOULDING,FRONT DOOR WINDOW FRAME,RH,CHROME",
    "usage": "",
    "range": "",
    "qty": "1",
    "positions": [
      {
        "x": 789,
        "y": 1493
      }
    ],
    "reach": [],
    "history": []
  },
  {
    "call": "9",
    "part": "39149767",
    "desc": "MOULDING,FRONT DOOR WINDOW FRAME,RH (HIGH GLOSS BLACK) (EXCEPT HOLDEN)",
    "usage": "",
    "range": "(C)  L8000001-\n(C)  LG000001-",
    "qty": "1",
    "positions": [],
    "reach": [],
    "history": []
  },
  {
    "call": "9",
    "part": "13406207",
    "desc": "MOULDING,FRONT DOOR WINDOW FRAME,LH,CHROME",
    "usage": "",
    "range": "",
    "qty": "1",
    "positions": [],
    "reach": [],
    "history": []
  },
  {
    "call": "9",
    "part": "39149766",
    "desc": "MOULDING,FRONT DOOR WINDOW FRAME,LH (HIGH GLOSS BLACK) (EXCEPT HOLDEN)",
    "usage": "",
    "range": "(C)  L8000001-\n(C)  LG000001-",
    "qty": "1",
    "positions": [],
    "reach": [],
    "history": []
  },
  {
    "call": "10",
    "part": "(13406245)",
    "desc": "MOULDING,REAR DOOR WINDOW FRAME,RH,CHROME (NLS.- USE 39059424)",
    "usage": "",
    "range": "",
    "qty": "1",
    "positions": [
      {
        "x": 1695,
        "y": 867
      }
    ],
    "reach": [],
    "history": []
  },
  {
    "call": "10",
    "part": "39059424",
    "desc": "MOULDING,REAR DOOR WINDOW FRAME,RH,CHROME",
    "usage": "",
    "range": "",
    "qty": "1",
    "positions": [],
    "reach": [],
    "history": []
  },
  {
    "call": "10",
    "part": "39149769",
    "desc": "MOULDING,REAR DOOR WINDOW FRAME,RH (HIGH GLOSS BLACK) (EXCEPT HOLDEN)",
    "usage": "",
    "range": "(C)  L8000001-\n(C)  LG000001-",
    "qty": "1",
    "positions": [],
    "reach": [],
    "history": []
  },
  {
    "call": "10",
    "part": "(13406244)",
    "desc": "MOULDING,REAR DOOR WINDOW FRAME,LH,CHROME (NLS.- USE 39059423)",
    "usage": "",
    "range": "",
    "qty": "1",
    "positions": [],
    "reach": [],
    "history": []
  },
  {
    "call": "10",
    "part": "39059423",
    "desc": "MOULDING,REAR DOOR WINDOW FRAME,LH,CHROME",
    "usage": "",
    "range": "",
    "qty": "1",
    "positions": [],
    "reach": [],
    "history": []
  },
  {
    "call": "10",
    "part": "39149768",
    "desc": "MOULDING,REAR DOOR WINDOW FRAME,LH (HIGH GLOSS BLACK) (EXCEPT HOLDEN)",
    "usage": "",
    "range": "(C)  L8000001-\n(C)  LG000001-",
    "qty": "1",
    "positions": [],
    "reach": [],
    "history": []
  },
  {
    "call": "11",
    "part": "(39028471)",
    "desc": "MOULDING,FRONT DOOR WINDOW FRAME,REAR,RH (TEXTURED BLACK,RPO BX4) (NLS.- USE 39085717)",
    "usage": "",
    "range": "",
    "qty": "1",
    "positions": [
      {
        "x": 1012,
        "y": 949
      }
    ],
    "reach": [],
    "history": []
  },
  {
    "call": "11",
    "part": "39085717",
    "desc": "MOULDING,FRONT DOOR WINDOW FRAME,REAR,RH (TEXTURED BLACK,RPO BX4)",
    "usage": "",
    "range": "",
    "qty": "1",
    "positions": [],
    "reach": [],
    "history": []
  },
  {
    "call": "11",
    "part": "(39028470)",
    "desc": "MOULDING,FRONT DOOR WINDOW FRAME,REAR,LH (TEXTURED BLACK,RPO BX4) (NLS.- USE 39085716)",
    "usage": "",
    "range": "",
    "qty": "1",
    "positions": [],
    "reach": [],
    "history": []
  },
  {
    "call": "11",
    "part": "39085716",
    "desc": "MOULDING,FRONT DOOR WINDOW FRAME,REAR,LH (TEXTURED BLACK,RPO BX4)",
    "usage": "",
    "range": "",
    "qty": "1",
    "positions": [],
    "reach": [],
    "history": []
  },
  {
    "call": "11",
    "part": "(39028475)",
    "desc": "MOULDING,FRONT DOOR WINDOW FRAME,REAR,RH (HIGH GLOSS BLACK,RPO BX8) (NLS.- USE 39085719)",
    "usage": "",
    "range": "",
    "qty": "1",
    "positions": [],
    "reach": [],
    "history": []
  },
  {
    "call": "11",
    "part": "39085719",
    "desc": "MOULDING,FRONT DOOR WINDOW FRAME,REAR,RH (HIGH GLOSS BLACK,RPO BX8)",
    "usage": "",
    "range": "",
    "qty": "1",
    "positions": [],
    "reach": [],
    "history": []
  },
  {
    "call": "11",
    "part": "(39028474)",
    "desc": "MOULDING,FRONT DOOR WINDOW FRAME,REAR,LH (HIGH GLOSS BLACK,RPO BX8) (NLS.- USE 39085718)",
    "usage": "",
    "range": "",
    "qty": "1",
    "positions": [],
    "reach": [],
    "history": []
  },
  {
    "call": "11",
    "part": "39085718",
    "desc": "MOULDING,FRONT DOOR WINDOW FRAME,REAR,LH (HIGH GLOSS BLACK,RPO BX8)",
    "usage": "",
    "range": "",
    "qty": "1",
    "positions": [],
    "reach": [],
    "history": []
  },
  {
    "call": "12",
    "part": "11547282",
    "desc": "-NUT,CLAMP,M4.2,FRONT DOOR",
    "usage": "",
    "range": "",
    "qty": "2",
    "positions": [
      {
        "x": 960,
        "y": 1044
      },
      {
        "x": 1076,
        "y": 1047
      }
    ],
    "reach": [],
    "history": []
  },
  {
    "call": "12",
    "part": "11547282",
    "desc": "-NUT,CLAMP,M4.2,REAR DOOR",
    "usage": "",
    "range": "",
    "qty": "2",
    "positions": [],
    "reach": [],
    "history": []
  },
  {
    "call": "13",
    "part": "11547280",
    "desc": "SCREW",
    "usage": "",
    "range": "",
    "qty": "6",
    "positions": [
      {
        "x": 789,
        "y": 1056
      }
    ],
    "reach": [],
    "history": []
  },
  {
    "call": "13",
    "part": "11547280",
    "desc": "SCREW",
    "usage": "",
    "range": "",
    "qty": "6",
    "positions": [],
    "reach": [],
    "history": []
  },
  {
    "call": "14",
    "part": "(39028473)",
    "desc": "MOULDING,REAR DOOR WINDOW FRAME,FRONT,RH (TEXTURED BLACK,RPO BX4) (NLS.- USE 39085710)",
    "usage": "",
    "range": "",
    "qty": "1",
    "positions": [
      {
        "x": 1137,
        "y": 949
      }
    ],
    "reach": [],
    "history": []
  },
  {
    "call": "14",
    "part": "39085710",
    "desc": "MOULDING,REAR DOOR WINDOW FRAME,FRONT,RH (TEXTURED BLACK,RPO BX4)",
    "usage": "",
    "range": "",
    "qty": "1",
    "positions": [],
    "reach": [],
    "history": []
  },
  {
    "call": "14",
    "part": "39028472",
    "desc": "MOULDING,REAR DOOR WINDOW FRAME,FRONT,LH (TEXTURED BLACK,RPO BX4)",
    "usage": "",
    "range": "",
    "qty": "1",
    "positions": [],
    "reach": [],
    "history": []
  },
  {
    "call": "14",
    "part": "39085709",
    "desc": "MOULDING,REAR DOOR WINDOW FRAME,FRONT,LH (TEXTURED BLACK,RPO BX4)",
    "usage": "",
    "range": "",
    "qty": "1",
    "positions": [],
    "reach": [],
    "history": []
  },
  {
    "call": "14",
    "part": "(39028477)",
    "desc": "MOULDING,REAR DOOR WINDOW FRAME,FRONT,RH (HIGH GLOSS BLACK,RPO BX8) (NLS.- USE 39085712)",
    "usage": "",
    "range": "",
    "qty": "1",
    "positions": [],
    "reach": [],
    "history": []
  },
  {
    "call": "14",
    "part": "39085712",
    "desc": "MOULDING,REAR DOOR WINDOW FRAME,FRONT,RH (HIGH GLOSS BLACK,RPO BX8)",
    "usage": "",
    "range": "",
    "qty": "1",
    "positions": [],
    "reach": [],
    "history": []
  },
  {
    "call": "14",
    "part": "(39028476)",
    "desc": "MOULDING,REAR DOOR WINDOW FRAME,FRONT,LH (HIGH GLOSS BLACK,RPO BX8) (NLS.- USE 39085711)",
    "usage": "",
    "range": "",
    "qty": "1",
    "positions": [],
    "reach": [],
    "history": []
  },
  {
    "call": "14",
    "part": "39085711",
    "desc": "MOULDING,REAR DOOR WINDOW FRAME,FRONT,LH (HIGH GLOSS BLACK,RPO BX8)",
    "usage": "",
    "range": "",
    "qty": "1",
    "positions": [],
    "reach": [],
    "history": []
  }
]