[
  {
    "call": "9",
    "part": "13412508",
    "desc": "GLASS,REAR DOOR,STANDARD TINT,RH",
    "usage": "",
    "range": "",
    "qty": "1",
    "positions": [
      {
        "x": 1591,
        "y": 1489
      }
    ],
    "reach": [],
    "history": []
  },
  {
    "call": "9",
    "part": "13412507",
    "desc": "GLASS,REAR DOOR,STANDARD TINT,LH",
    "usage": "",
    "range": "",
    "qty": "1",
    "positions": [],
    "reach": [],
    "history": []
  },
  {
    "call": "9",
    "part": "13412510",
    "desc": "GLASS,REAR DOOR,PRIVACY TINT [RPO AKO],RH",
    "usage": "",
    "range": "",
    "qty": "1",
    "positions": [],
    "reach": [],
    "history": []
  },
  {
    "call": "9",
    "part": "13412509",
    "desc": "GLASS,REAR DOOR,PRIVACY TINT [RPO AKO],LH",
    "usage": "",
    "range": "",
    "qty": "1",
    "positions": [],
    "reach": [],
    "history": []
  },
  {
    "call": "10",
    "part": "",
    "desc": "GLASS,REAR DOOR,FIXED (NOT SERVICED SEPARATELY) (PLEASE REFER TO GROUP C) (REAR DOOR FITTINGS) (SHORTCUT: B16.C150)",
    "usage": "",
    "range": "",
    "qty": "",
    "positions": [
      {
        "x": 1893,
        "y": 1358
      }
    ],
    "reach": [],
    "history": []
  }
]