[
  {
    "call": "1",
    "part": "",
    "desc": "",
    "usage": "",
    "range": "",
    "qty": "",
    "reach": [],
    "history": [],
    "positions": [
      {
        "x": 1958,
        "y": 2103
      }
    ],
    "hidden": true,
    "link": {
      "section": "A",
      "subsection": "1",
      "detail": "6",
      "call": "1"
    }
  },
  {
    "call": "2",
    "part": "",
    "desc": "",
    "usage": "",
    "range": "",
    "qty": "",
    "reach": [],
    "history": [],
    "positions": [
      {
        "x": 623,
        "y": 1785
      }
    ],
    "hidden": true,
    "link": {
      "section": "A",
      "subsection": "1",
      "detail": "6",
      "call": "2"
    }
  },
  {
    "call": "3",
    "part": "",
    "desc": "",
    "usage": "",
    "range": "",
    "qty": "",
    "reach": [],
    "history": [],
    "positions": [
      {
        "x": 648,
        "y": 2365
      }
    ],
    "hidden": true,
    "link": {
      "section": "A",
      "subsection": "1",
      "detail": "6",
      "call": "3"
    }
  },
  {
    "call": "4",
    "part": "",
    "desc": "",
    "usage": "",
    "range": "",
    "qty": "",
    "reach": [],
    "history": [],
    "positions": [
      {
        "x": 646,
        "y": 2445
      }
    ],
    "hidden": true,
    "link": {
      "section": "A",
      "subsection": "1",
      "detail": "6",
      "call": "4"
    }
  },
  {
    "call": "5",
    "part": "",
    "desc": "",
    "usage": "",
    "range": "",
    "qty": "",
    "reach": [],
    "history": [],
    "positions": [
      {
        "x": 1841,
        "y": 1962
      }
    ],
    "hidden": true,
    "link": {
      "section": "A",
      "subsection": "1",
      "detail": "6",
      "call": "5"
    }
  },
  {
    "call": "6",
    "part": "",
    "desc": "",
    "usage": "",
    "range": "",
    "qty": "",
    "reach": [],
    "history": [],
    "positions": [
      {
        "x": 1832,
        "y": 2333
      }
    ],
    "hidden": true,
    "link": {
      "section": "A",
      "subsection": "1",
      "detail": "6",
      "call": "6"
    }
  },
  {
    "call": "7",
    "part": "",
    "desc": "",
    "usage": "",
    "range": "",
    "qty": "",
    "reach": [],
    "history": [],
    "positions": [
      {
        "x": 561,
        "y": 397
      }
    ],
    "hidden": true,
    "link": {
      "section": "A",
      "subsection": "1",
      "detail": "7",
      "call": "7"
    }
  },
  {
    "call": "7",
    "part": "",
    "desc": "",
    "usage": "",
    "range": "",
    "qty": "",
    "reach": [],
    "history": [],
    "positions": [
      {

      }
    ],
    "hidden": true,
    "link": {
      "section": "",
      "subsection": "",
      "detail": "",
      "call": "7"
    }
  },
  {
    "call": "8",
    "part": "",
    "desc": "",
    "usage": "",
    "range": "",
    "qty": "",
    "reach": [],
    "history": [],
    "positions": [
      {
        "x": 894,
        "y": 1162
      }
    ],
    "hidden": true,
    "link": {
      "section": "A",
      "subsection": "1",
      "detail": "7",
      "call": "8"
    }
  },
  {
    "call": "8",
    "part": "",
    "desc": "",
    "usage": "",
    "range": "",
    "qty": "",
    "reach": [],
    "history": [],
    "positions": [],
    "hidden": true,
    "link": {
      "section": "",
      "subsection": "",
      "detail": "",
      "call": "8"
    }
  },
  {
    "call": "9",
    "part": "",
    "desc": "",
    "usage": "",
    "range": "",
    "qty": "",
    "reach": [],
    "history": [],
    "positions": [
      {
        "x": 1262,
        "y": 638
      },
      {
        "x": 609,
        "y": 831
      },
      {
        "x": 889,
        "y": 1482
      },
      {
        "x": 1545,
        "y": 1243
      }
    ],
    "hidden": true,
    "link": {
      "section": "A",
      "subsection": "1",
      "detail": "7",
      "call": "9"
    }
  },
  {
    "call": "10",
    "part": "",
    "desc": "",
    "usage": "",
    "range": "",
    "qty": "",
    "reach": [],
    "history": [],
    "positions": [
      {
        "x": 1549,
        "y": 1070
      },
      {
        "x": 1034,
        "y": 268
      }
    ],
    "hidden": true,
    "link": {
      "section": "A",
      "subsection": "1",
      "detail": "7",
      "call": "10"
    }
  },
  {
    "call": "11",
    "part": "",
    "desc": "",
    "usage": "",
    "range": "",
    "qty": "",
    "reach": [],
    "history": [],
    "positions": [
      {
        "x": 956,
        "y": 1047
      },
      {
        "x": 1800,
        "y": 1687
      }
    ],
    "hidden": true,
    "link": {
      "section": "A",
      "subsection": "1",
      "detail": "7",
      "call": "11"
    }
  },
  {
    "call": "11",
    "part": "",
    "desc": "",
    "usage": "",
    "range": "",
    "qty": "",
    "reach": [],
    "history": [],
    "positions": [],
    "hidden": true,
    "link": {
      "section": "",
      "subsection": "",
      "detail": "",
      "call": "11"
    }
  },
  {
    "call": "11",
    "part": "",
    "desc": "",
    "usage": "",
    "range": "",
    "qty": "",
    "reach": [],
    "history": [],
    "positions": [],
    "hidden": true,
    "link": {
      "section": "",
      "subsection": "",
      "detail": "",
      "call": "11"
    }
  },
  {
    "call": "12",
    "part": "",
    "desc": "",
    "usage": "",
    "range": "",
    "qty": "",
    "reach": [],
    "history": [],
    "positions": [
      {
        "x": 1554,
        "y": 995
      },
      {
        "x": 1876,
        "y": 797
      },
      {
        "x": 2004,
        "y": 1624
      },
      {
        "x": 1664,
        "y": 1815
      }
    ],
    "hidden": true,
    "link": {
      "section": "A",
      "subsection": "1",
      "detail": "7",
      "call": "12"
    }
  },
  {
    "call": "13",
    "part": "",
    "desc": "",
    "usage": "",
    "range": "",
    "qty": "",
    "reach": [],
    "history": [],
    "positions": [
      {
        "x": 1894,
        "y": 505
      },
      {
        "x": 2041,
        "y": 1273
      }
    ],
    "hidden": true,
    "link": {
      "section": "A",
      "subsection": "1",
      "detail": "7",
      "call": "13"
    }
  },
  {
    "call": "14",
    "part": "39008851",
    "desc": "DEFLECTOR,LH,REAR",
    "usage": "",
    "range": "",
    "qty": "1",
    "positions": [
      {
        "x": 2092,
        "y": 351
      }
    ],
    "reach": [
      "Reach information (Article 33 (1)) : Article may contain : POLYETHYLENE GLYCOL TRIMETHYLNONYL ETHER:CAS-number:127087-87-0",
      "Reach information (Article 33 (1)) : Article may contain : Ammonium pentadecafluorooctanoate:CAS-number:3825-26-1",
      "Reach information (Article 33 (1)) : Article may contain : Propylene oxide:CAS-number:75-56-9",
      "Reach information (Article 33 (1)) : Article may contain : 1,3,5-Triglycidyl isocyanurate:CAS-number:2451-62-9",
      "Reach information (Article 33 (1)) : Article may contain : Octamethylcyclotetrasiloxane:CAS-number:556-67-2",
      "Reach information (Article 33 (1)) : Article may contain : cobalt dichloride:CAS-number:7646-79-9",
      "Reach information (Article 33 (1)) : Article may contain : 2-(2H-​Benzotriazol-​2-​yl)​-​4,6-​di-tert-pentylphenol:CAS-number:25973-55-1",
      "Reach information (Article 33 (1)) : Article may contain : Lead Zirconium Titanium Oxide:CAS-number:12626-81-2",
      "Reach information (Article 33 (1)) : Article may contain : Nonylphenoxypoly(ethyleneoxy)ethanol:CAS-number:9016-45-9",
      "Reach information (Article 33 (1)) : Article may contain : 2-Imidazolidinethione:CAS-number:96-45-7",
      "Reach information (Article 33 (1)) : Article may contain : 2-(2-[4-(1,1,3,3-Tetramethylbutyl)phenoxy]ethoxy)ethanol:CAS-number:9036-19-5",
      "Reach information (Article 33 (1)) : Article may contain : Diazene-1,2-dicarboxamide:CAS-number:123-77-3",
      "Reach information (Article 33 (1)) : Article may contain : Tris(2-chloroethyl) phosphate:CAS-number:115-96-8",
      "Reach information (Article 33 (1)) : Article may contain : Lead monoxide:CAS-number:1317-36-8",
      "Reach information (Article 33 (1)) : Article may contain : Benzyl butyl phthalate:CAS-number:85-68-7",
      "Reach information (Article 33 (1)) : Article may contain : Bis(2-ethylhexyl) phthalate:CAS-number:117-81-7"
    ],
    "history": []
  },
  {
    "call": "15",
    "part": "13442271",
    "desc": "DEFLECTOR,LH,REAR",
    "usage": "",
    "range": "",
    "qty": "1",
    "positions": [
      {
        "x": 1839,
        "y": 213
      }
    ],
    "reach": [
      "Reach information (Article 33 (1)) : Article may contain : POLYETHYLENE GLYCOL TRIMETHYLNONYL ETHER:CAS-number:127087-87-0",
      "Reach information (Article 33 (1)) : Article may contain : Ammonium pentadecafluorooctanoate:CAS-number:3825-26-1",
      "Reach information (Article 33 (1)) : Article may contain : Propylene oxide:CAS-number:75-56-9",
      "Reach information (Article 33 (1)) : Article may contain : 1,3,5-Triglycidyl isocyanurate:CAS-number:2451-62-9",
      "Reach information (Article 33 (1)) : Article may contain : Octamethylcyclotetrasiloxane:CAS-number:556-67-2",
      "Reach information (Article 33 (1)) : Article may contain : cobalt dichloride:CAS-number:7646-79-9",
      "Reach information (Article 33 (1)) : Article may contain : 2-(2H-​Benzotriazol-​2-​yl)​-​4,6-​di-tert-pentylphenol:CAS-number:25973-55-1",
      "Reach information (Article 33 (1)) : Article may contain : Lead Zirconium Titanium Oxide:CAS-number:12626-81-2",
      "Reach information (Article 33 (1)) : Article may contain : Nonylphenoxypoly(ethyleneoxy)ethanol:CAS-number:9016-45-9",
      "Reach information (Article 33 (1)) : Article may contain : 2-Imidazolidinethione:CAS-number:96-45-7",
      "Reach information (Article 33 (1)) : Article may contain : 2-(2-[4-(1,1,3,3-Tetramethylbutyl)phenoxy]ethoxy)ethanol:CAS-number:9036-19-5",
      "Reach information (Article 33 (1)) : Article may contain : Diazene-1,2-dicarboxamide:CAS-number:123-77-3",
      "Reach information (Article 33 (1)) : Article may contain : Tris(2-chloroethyl) phosphate:CAS-number:115-96-8",
      "Reach information (Article 33 (1)) : Article may contain : Lead monoxide:CAS-number:1317-36-8",
      "Reach information (Article 33 (1)) : Article may contain : Benzyl butyl phthalate:CAS-number:85-68-7",
      "Reach information (Article 33 (1)) : Article may contain : Bis(2-ethylhexyl) phthalate:CAS-number:117-81-7"
    ],
    "history": []
  },
  {
    "call": "16",
    "part": "13442272",
    "desc": "DEFLECTOR,RH,REAR",
    "usage": "",
    "range": "",
    "qty": "1",
    "positions": [
      {
        "x": 1556,
        "y": 89
      }
    ],
    "reach": [
      "Reach information (Article 33 (1)) : Article may contain : POLYETHYLENE GLYCOL TRIMETHYLNONYL ETHER:CAS-number:127087-87-0",
      "Reach information (Article 33 (1)) : Article may contain : Ammonium pentadecafluorooctanoate:CAS-number:3825-26-1",
      "Reach information (Article 33 (1)) : Article may contain : Propylene oxide:CAS-number:75-56-9",
      "Reach information (Article 33 (1)) : Article may contain : 1,3,5-Triglycidyl isocyanurate:CAS-number:2451-62-9",
      "Reach information (Article 33 (1)) : Article may contain : Octamethylcyclotetrasiloxane:CAS-number:556-67-2",
      "Reach information (Article 33 (1)) : Article may contain : cobalt dichloride:CAS-number:7646-79-9",
      "Reach information (Article 33 (1)) : Article may contain : 2-(2H-​Benzotriazol-​2-​yl)​-​4,6-​di-tert-pentylphenol:CAS-number:25973-55-1",
      "Reach information (Article 33 (1)) : Article may contain : Lead Zirconium Titanium Oxide:CAS-number:12626-81-2",
      "Reach information (Article 33 (1)) : Article may contain : Nonylphenoxypoly(ethyleneoxy)ethanol:CAS-number:9016-45-9",
      "Reach information (Article 33 (1)) : Article may contain : 2-Imidazolidinethione:CAS-number:96-45-7",
      "Reach information (Article 33 (1)) : Article may contain : 2-(2-[4-(1,1,3,3-Tetramethylbutyl)phenoxy]ethoxy)ethanol:CAS-number:9036-19-5",
      "Reach information (Article 33 (1)) : Article may contain : Diazene-1,2-dicarboxamide:CAS-number:123-77-3",
      "Reach information (Article 33 (1)) : Article may contain : Tris(2-chloroethyl) phosphate:CAS-number:115-96-8",
      "Reach information (Article 33 (1)) : Article may contain : Lead monoxide:CAS-number:1317-36-8",
      "Reach information (Article 33 (1)) : Article may contain : Benzyl butyl phthalate:CAS-number:85-68-7",
      "Reach information (Article 33 (1)) : Article may contain : Bis(2-ethylhexyl) phthalate:CAS-number:117-81-7"
    ],
    "history": []
  },
  {
    "call": "17",
    "part": "(11547653)",
    "desc": "NUT (NLS.- USE YR00713480)",
    "usage": "",
    "range": "",
    "qty": "AR",
    "positions": [
      {
        "x": 2126,
        "y": 680
      },
      {
        "x": 1726,
        "y": 411
      },
      {
        "x": 1370,
        "y": 264
      }
    ],
    "reach": [
      "Reach information (Article 33 (1)) : Article may contain : 4,4'-isopropylidenediphenol:CAS-number:80-05-7",
      "Reach information (Article 33 (1)) : Article may contain : Hexahydrophthalic anhydride:CAS-number:85-42-7",
      "Reach information (Article 33 (1)) : Article may contain : 2-ethoxyethyl acetate:CAS-number:111-15-9",
      "Reach information (Article 33 (1)) : Article may contain : Trilead Dioxide Phosphonate:CAS-number:12141-20-7",
      "Reach information (Article 33 (1)) : Article may contain : 1,2-benzenedicarboxylic acid, di-C6-8-branched alkyl esters, C7-rich:CAS-number:71888-89-6",
      "Reach information (Article 33 (1)) : Article may contain : Chromic acid:CAS-number:7738-94-5",
      "Reach information (Article 33 (1)) : Article may contain : sodium tetraborate decahydrate:CAS-number:1303-96-4",
      "Reach information (Article 33 (1)) : Article may contain : 2,4-di-tert-butyl-6-(5-chlorobenzotriazol-2-yl)phenol:CAS-number:3864-99-1",
      "Reach information (Article 33 (1)) : Article may contain : 2-Ethoxyethanol:CAS-number:110-80-5",
      "Reach information (Article 33 (1)) : Article may contain : Lead sulfochromate yellow:CAS-number:1344-37-2",
      "Reach information (Article 33 (1)) : Article may contain : Cobalt(II) nitrate:CAS-number:10141-05-6",
      "Reach information (Article 33 (1)) : Article may contain : Strontium chromate:CAS-number:7789-06-2",
      "Reach information (Article 33 (1)) : Article may contain : Cobalt sulfate:CAS-number:10124-43-3",
      "Reach information (Article 33 (1)) : Article may contain : Nonylphenol, branched, ethoxylated:CAS-number:68412-54-4",
      "Reach information (Article 33 (1)) : Article may contain : N,N-Dimethylacetamide:CAS-number:127-19-5",
      "Reach information (Article 33 (1)) : Article may contain : Sodium tetraborate pentahydrate:CAS-number:12179-04-3",
      "Reach information (Article 33 (1)) : Article may contain : Trichloroethylene:CAS-number:79-01-6",
      "Reach information (Article 33 (1)) : Article may contain : 1,2-Dimethoxyethane:CAS-number:110-71-4",
      "Reach information (Article 33 (1)) : Article may contain : 2-ethylhexyl 10-ethyl-4,4-dioctyl-7-oxo-8-oxa-3,5-dithia-4-stannatetradecanoate:CAS-number:15571-58-1",
      "Reach information (Article 33 (1)) : Article may contain : Propylene oxide:CAS-number:75-56-9",
      "Reach information (Article 33 (1)) : Article may contain : POLYETHYLENE GLYCOL MONO-4-NONYLPHENYL ETHER:CAS-number:26027-38-3",
      "Reach information (Article 33 (1)) : Article may contain : orange lead:CAS-number:1314-41-6",
      "Reach information (Article 33 (1)) : Article may contain : Acrylamide:CAS-number:79-06-1",
      "Reach information (Article 33 (1)) : Article may contain : Octamethylcyclotetrasiloxane:CAS-number:556-67-2",
      "Reach information (Article 33 (1)) : Article may contain : cobalt dichloride:CAS-number:7646-79-9",
      "Reach information (Article 33 (1)) : Article may contain : 2-(2H-​Benzotriazol-​2-​yl)​-​4,6-​di-tert-pentylphenol:CAS-number:25973-55-1",
      "Reach information (Article 33 (1)) : Article may contain : Lead Zirconium Titanium Oxide:CAS-number:12626-81-2",
      "Reach information (Article 33 (1)) : Article may contain : Diisobutyl phthalate:CAS-number:84-69-5",
      "Reach information (Article 33 (1)) : Article may contain : Nonylphenoxypoly(ethyleneoxy)ethanol:CAS-number:9016-45-9",
      "Reach information (Article 33 (1)) : Article may contain : Refractories, fibers, aluminosilicate:CAS-number:142844-00-6",
      "Reach information (Article 33 (1)) : Article may contain : 2-Imidazolidinethione:CAS-number:96-45-7",
      "Reach information (Article 33 (1)) : Article may contain : 2-(2-[4-(1,1,3,3-Tetramethylbutyl)phenoxy]ethoxy)ethanol:CAS-number:9036-19-5",
      "Reach information (Article 33 (1)) : Article may contain : Decabromodiphenyl ether:CAS-number:1163-19-5",
      "Reach information (Article 33 (1)) : Article may contain : Diazene-1,2-dicarboxamide:CAS-number:123-77-3",
      "Reach information (Article 33 (1)) : Article may contain : chromium trioxide:CAS-number:1333-82-0",
      "Reach information (Article 33 (1)) : Article may contain : Lead monoxide:CAS-number:1317-36-8",
      "Reach information (Article 33 (1)) : Article may contain : Benzyl butyl phthalate:CAS-number:85-68-7",
      "Reach information (Article 33 (1)) : Article may contain : Bis(2-ethylhexyl) phthalate:CAS-number:117-81-7"
    ],
    "history": [
      {
        "part": "(11547653)",
        "desc": "NUT (NLS.- USE YR00713480)"
      },
      {
        "part": "YR00713480",
        "desc": "NUT"
      }
    ]
  }
]