[
  {
    "call": "-",
    "part": "39239265",
    "desc": "DECAL,BONNET",
    "usage": "",
    "range": "",
    "qty": "1",
    "positions": [],
    "reach": [],
    "history": []
  },
  {
    "call": "-",
    "part": "39229702",
    "desc": "DECAL,FRONT DOOR,RH,UPPER",
    "usage": "",
    "range": "",
    "qty": "1",
    "positions": [],
    "reach": [],
    "history": []
  },
  {
    "call": "-",
    "part": "39229704",
    "desc": "DECAL,FRONT DOOR,LH,UPPER",
    "usage": "",
    "range": "",
    "qty": "1",
    "positions": [],
    "reach": [],
    "history": []
  },
  {
    "call": "-",
    "part": "39239260",
    "desc": "DECAL,FRONT DOOR,RH,LOWER",
    "usage": "",
    "range": "",
    "qty": "1",
    "positions": [],
    "reach": [],
    "history": []
  },
  {
    "call": "-",
    "part": "39239262",
    "desc": "DECAL,FRONT DOOR,LH,LOWER",
    "usage": "",
    "range": "",
    "qty": "1",
    "positions": [],
    "reach": [],
    "history": []
  },
  {
    "call": "-",
    "part": "39229708",
    "desc": "DECAL,REAR DOOR,RH,UPPER",
    "usage": "",
    "range": "",
    "qty": "1",
    "positions": [],
    "reach": [],
    "history": []
  },
  {
    "call": "-",
    "part": "39229706",
    "desc": "DECAL,REAR DOOR,LH,UPPER",
    "usage": "",
    "range": "",
    "qty": "1",
    "positions": [],
    "reach": [],
    "history": []
  },
  {
    "call": "-",
    "part": "39239256",
    "desc": "DECAL,REAR DOOR,RH,LOWER",
    "usage": "",
    "range": "",
    "qty": "1",
    "positions": [],
    "reach": [],
    "history": []
  },
  {
    "call": "-",
    "part": "39239254",
    "desc": "DECAL,REAR DOOR,LH,LOWER",
    "usage": "",
    "range": "",
    "qty": "1",
    "positions": [],
    "reach": [],
    "history": []
  },
  {
    "call": "-",
    "part": "39229712",
    "desc": "DECAL,REAR QUARTER,RH",
    "usage": "",
    "range": "",
    "qty": "1",
    "positions": [],
    "reach": [],
    "history": []
  },
  {
    "call": "-",
    "part": "39229710",
    "desc": "DECAL,REAR QUARTER,LH",
    "usage": "",
    "range": "",
    "qty": "1",
    "positions": [],
    "reach": [],
    "history": []
  },
  {
    "call": "-",
    "part": "39229698",
    "desc": "DECAL,TAILGATE",
    "usage": "",
    "range": "",
    "qty": "1",
    "positions": [],
    "reach": [],
    "history": []
  }
]