[
  {
    "call": "4",
    "part": "(39005513)",
    "desc": "MOULDING,FRONT WING,RH,UPPER,BLACK (NLS.- USE 39041994)",
    "usage": "",
    "range": "",
    "qty": "1",
    "positions": [
      {
        "x": 115,
        "y": 2491
      }
    ],
    "reach": [],
    "history": []
  },
  {
    "call": "4",
    "part": "(39041994)",
    "desc": "MOULDING,FRONT WING,RH,UPPER,BLACK (NLS.- USE 39207209)",
    "usage": "",
    "range": "",
    "qty": "1",
    "positions": [],
    "reach": [],
    "history": []
  },
  {
    "call": "4",
    "part": "(39005512)",
    "desc": "MOULDING,FRONT WING,LH,UPPER,BLACK (NLS.- USE 39041993)",
    "usage": "",
    "range": "",
    "qty": "1",
    "positions": [],
    "reach": [],
    "history": []
  },
  {
    "call": "4",
    "part": "(39041993)",
    "desc": "MOULDING,FRONT WING,LH,UPPER,BLACK (NLS.- USE 39207208)",
    "usage": "",
    "range": "",
    "qty": "1",
    "positions": [],
    "reach": [],
    "history": []
  },
  {
    "call": "4",
    "part": "(39005515)",
    "desc": "MOULDING,FRONT WING,RH,UPPER,CHROME (NLS.- USE 39041996)",
    "usage": "",
    "range": "",
    "qty": "1",
    "positions": [],
    "reach": [],
    "history": []
  },
  {
    "call": "4",
    "part": "(39041996)",
    "desc": "MOULDING,FRONT WING,RH,UPPER,CHROME (NLS.- USE 39207211)",
    "usage": "",
    "range": "",
    "qty": "1",
    "positions": [],
    "reach": [],
    "history": []
  },
  {
    "call": "4",
    "part": "(39005514)",
    "desc": "MOULDING,FRONT WING,LH,UPPER,CHROME (NLS.- USE 39041995)",
    "usage": "",
    "range": "",
    "qty": "1",
    "positions": [],
    "reach": [],
    "history": []
  },
  {
    "call": "4",
    "part": "(39041995)",
    "desc": "MOULDING,FRONT WING,LH,UPPER,CHROME (NLS.- USE 39207210)",
    "usage": "",
    "range": "",
    "qty": "1",
    "positions": [],
    "reach": [],
    "history": []
  },
  {
    "call": "4",
    "part": "39130484",
    "desc": "MOULDING,FRONT WING,RH,UPPER,HIGH GLOSS BLACK",
    "usage": "",
    "range": "(C)  L8000001-\n(C)  LG000001-",
    "qty": "1",
    "positions": [],
    "reach": [],
    "history": []
  },
  {
    "call": "4",
    "part": "39130482",
    "desc": "MOULDING,FRONT WING,LH,UPPER,HIGH GLOSS BLACK",
    "usage": "",
    "range": "(C)  L8000001-\n(C)  LG000001-",
    "qty": "1",
    "positions": [],
    "reach": [],
    "history": []
  },
  {
    "call": "5",
    "part": "11611079",
    "desc": "-FASTENER (FOR RPO MDQ)",
    "usage": "",
    "range": "",
    "qty": "6",
    "positions": [
      {
        "x": 115,
        "y": 2363
      }
    ],
    "reach": [],
    "history": []
  },
  {
    "call": "6",
    "part": "",
    "desc": "MOULDING,FRONT DOOR WINDOW FRAME (PLEASE REFER TO GROUP D) (FRONT DOOR TRIM) (SHORTCUT: B16.D50)",
    "usage": "",
    "range": "",
    "qty": "",
    "positions": [
      {
        "x": 411,
        "y": 2372
      }
    ],
    "reach": [],
    "history": []
  },
  {
    "call": "7",
    "part": "",
    "desc": "MOULDING,REAR DOOR WINDOW FRAME (PLEASE REFER TO GROUP D) (REAR DOOR TRIM) (SHORTCUT: B16.D55)",
    "usage": "",
    "range": "",
    "qty": "",
    "positions": [
      {
        "x": 1539,
        "y": 1553
      }
    ],
    "reach": [],
    "history": []
  },
  {
    "call": "8",
    "part": "(13436905)",
    "desc": "MOULDING,REAR PILLAR,RH,BLACK (NLS.- USE 39113931)",
    "usage": "",
    "range": "",
    "qty": "1",
    "positions": [
      {
        "x": 2162,
        "y": 1113
      }
    ],
    "reach": [],
    "history": []
  },
  {
    "call": "8",
    "part": "39113931",
    "desc": "MOULDING,REAR PILLAR,RH,BLACK",
    "usage": "",
    "range": "",
    "qty": "1",
    "positions": [],
    "reach": [],
    "history": []
  },
  {
    "call": "8",
    "part": "(13436904)",
    "desc": "MOULDING,REAR PILLAR,LH,BLACK (NLS.- USE 39113930)",
    "usage": "",
    "range": "",
    "qty": "1",
    "positions": [],
    "reach": [],
    "history": []
  },
  {
    "call": "8",
    "part": "39113930",
    "desc": "MOULDING,REAR PILLAR,LH,BLACK",
    "usage": "",
    "range": "",
    "qty": "1",
    "positions": [],
    "reach": [],
    "history": []
  },
  {
    "call": "8",
    "part": "(13436907)",
    "desc": "MOULDING,REAR PILLAR,RH,CHROME (NLS.- USE 39113933)",
    "usage": "",
    "range": "",
    "qty": "1",
    "positions": [],
    "reach": [],
    "history": []
  },
  {
    "call": "8",
    "part": "39113933",
    "desc": "MOULDING,REAR PILLAR,RH,CHROME",
    "usage": "",
    "range": "",
    "qty": "1",
    "positions": [],
    "reach": [],
    "history": []
  },
  {
    "call": "8",
    "part": "(13436906)",
    "desc": "MOULDING,REAR PILLAR,LH,CHROME (NLS.- USE 39113932)",
    "usage": "",
    "range": "",
    "qty": "1",
    "positions": [],
    "reach": [],
    "history": []
  },
  {
    "call": "8",
    "part": "39113932",
    "desc": "MOULDING,REAR PILLAR,LH,CHROME",
    "usage": "",
    "range": "",
    "qty": "1",
    "positions": [],
    "reach": [],
    "history": []
  },
  {
    "call": "8",
    "part": "39151541",
    "desc": "MOULDING,REAR PILLAR,RH,HIGH GLOSS BLACK",
    "usage": "",
    "range": "(C)  L8000001-\n(C)  LG000001-",
    "qty": "1",
    "positions": [],
    "reach": [],
    "history": []
  },
  {
    "call": "8",
    "part": "39151540",
    "desc": "MOULDING,REAR PILLAR,LH,HIGH GLOSS BLACK",
    "usage": "",
    "range": "(C)  L8000001-\n(C)  LG000001-",
    "qty": "1",
    "positions": [],
    "reach": [],
    "history": []
  },
  {
    "call": "9",
    "part": "(39113929)",
    "desc": "-CLIP (NLS.- USE 39226620)",
    "usage": "",
    "range": "",
    "qty": "8",
    "positions": [
      {
        "x": 2052,
        "y": 1168
      }
    ],
    "reach": [],
    "history": []
  },
  {
    "call": "10",
    "part": "13406208",
    "desc": "MOULDING,FRONT DOOR WINDOW FRAME,RH,CHROME",
    "usage": "",
    "range": "",
    "qty": "1",
    "positions": [
      {
        "x": 802,
        "y": 1482
      }
    ],
    "reach": [],
    "history": []
  },
  {
    "call": "10",
    "part": "39149767",
    "desc": "MOULDING,FRONT DOOR WINDOW FRAME,RH (HIGH GLOSS BLACK) (EXCEPT HOLDEN)",
    "usage": "",
    "range": "(C)  L8000001-\n(C)  LG000001-",
    "qty": "1",
    "positions": [],
    "reach": [],
    "history": []
  },
  {
    "call": "10",
    "part": "13406207",
    "desc": "MOULDING,FRONT DOOR WINDOW FRAME,LH,CHROME",
    "usage": "",
    "range": "",
    "qty": "1",
    "positions": [],
    "reach": [],
    "history": []
  },
  {
    "call": "10",
    "part": "39149766",
    "desc": "MOULDING,FRONT DOOR WINDOW FRAME,LH (HIGH GLOSS BLACK) (EXCEPT HOLDEN)",
    "usage": "",
    "range": "(C)  L8000001-\n(C)  LG000001-",
    "qty": "1",
    "positions": [],
    "reach": [],
    "history": []
  },
  {
    "call": "11",
    "part": "(13406247)",
    "desc": "MOULDING,REAR DOOR WINDOW FRAME,RH,CHROME (NLS.- USE 39088266)",
    "usage": "",
    "range": "",
    "qty": "1",
    "positions": [
      {
        "x": 1468,
        "y": 1183
      }
    ],
    "reach": [],
    "history": []
  },
  {
    "call": "11",
    "part": "(39088266)",
    "desc": "MOULDING,REAR DOOR WINDOW FRAME,RH,CHROME (NLS.- USE 39115616)",
    "usage": "",
    "range": "",
    "qty": "1",
    "positions": [],
    "reach": [],
    "history": []
  },
  {
    "call": "11",
    "part": "39115616",
    "desc": "MOULDING,REAR DOOR WINDOW FRAME,RH,CHROME",
    "usage": "",
    "range": "",
    "qty": "1",
    "positions": [],
    "reach": [],
    "history": []
  },
  {
    "call": "11",
    "part": "39149771",
    "desc": "MOULDING,REAR DOOR WINDOW FRAME,RH (HIGH GLOSS BLACK) (EXCEPT HOLDEN)",
    "usage": "",
    "range": "(C)  L8000001-\n(C)  LG000001-",
    "qty": "1",
    "positions": [],
    "reach": [],
    "history": []
  },
  {
    "call": "11",
    "part": "(13406246)",
    "desc": "MOULDING,REAR DOOR WINDOW FRAME,LH,CHROME (NLS.- USE 39088265)",
    "usage": "",
    "range": "",
    "qty": "1",
    "positions": [],
    "reach": [],
    "history": []
  },
  {
    "call": "11",
    "part": "(39088265)",
    "desc": "MOULDING,REAR DOOR WINDOW FRAME,LH,CHROME (NLS.- USE 39115615)",
    "usage": "",
    "range": "",
    "qty": "1",
    "positions": [],
    "reach": [],
    "history": []
  },
  {
    "call": "11",
    "part": "39115615",
    "desc": "MOULDING,REAR DOOR WINDOW FRAME,LH,CHROME",
    "usage": "",
    "range": "",
    "qty": "1",
    "positions": [],
    "reach": [],
    "history": []
  },
  {
    "call": "11",
    "part": "39149770",
    "desc": "MOULDING,REAR DOOR WINDOW FRAME,LH (HIGH GLOSS BLACK) (EXCEPT HOLDEN)",
    "usage": "",
    "range": "(C)  L8000001-\n(C)  LG000001-",
    "qty": "1",
    "positions": [],
    "reach": [],
    "history": []
  },
  {
    "call": "12",
    "part": "(39028471)",
    "desc": "MOULDING,FRONT DOOR WINDOW FRAME,RH,REAR (TEXTURED BLACK,RPO BX4) (NLS.- USE 39085717)",
    "usage": "",
    "range": "",
    "qty": "1",
    "positions": [
      {
        "x": 1019,
        "y": 1375
      }
    ],
    "reach": [],
    "history": []
  },
  {
    "call": "12",
    "part": "39085717",
    "desc": "MOULDING,FRONT DOOR WINDOW FRAME,RH,REAR (TEXTURED BLACK,RPO BX4)",
    "usage": "",
    "range": "",
    "qty": "1",
    "positions": [],
    "reach": [],
    "history": []
  },
  {
    "call": "12",
    "part": "(39028470)",
    "desc": "MOULDING,FRONT DOOR WINDOW FRAME,LH,REAR (TEXTURED BLACK,RPO BX4) (NLS.- USE 39085716)",
    "usage": "",
    "range": "",
    "qty": "1",
    "positions": [],
    "reach": [],
    "history": []
  },
  {
    "call": "12",
    "part": "39085716",
    "desc": "MOULDING,FRONT DOOR WINDOW FRAME,LH,REAR (TEXTURED BLACK,RPO BX4)",
    "usage": "",
    "range": "",
    "qty": "1",
    "positions": [],
    "reach": [],
    "history": []
  },
  {
    "call": "12",
    "part": "(39028475)",
    "desc": "MOULDING,FRONT DOOR WINDOW FRAME,RH,REAR (HIGH GLOSS BLACK,RPO BX8) (NLS.- USE 39085719)",
    "usage": "",
    "range": "",
    "qty": "1",
    "positions": [],
    "reach": [],
    "history": []
  },
  {
    "call": "12",
    "part": "39085719",
    "desc": "MOULDING,FRONT DOOR WINDOW FRAME,RH,REAR (HIGH GLOSS BLACK,RPO BX8)",
    "usage": "",
    "range": "",
    "qty": "1",
    "positions": [],
    "reach": [],
    "history": []
  },
  {
    "call": "12",
    "part": "(39028474)",
    "desc": "MOULDING,FRONT DOOR WINDOW FRAME,LH,REAR (HIGH GLOSS BLACK,RPO BX8) (NLS.- USE 39085718)",
    "usage": "",
    "range": "",
    "qty": "1",
    "positions": [],
    "reach": [],
    "history": []
  },
  {
    "call": "12",
    "part": "39085718",
    "desc": "MOULDING,FRONT DOOR WINDOW FRAME,LH,REAR (HIGH GLOSS BLACK,RPO BX8)",
    "usage": "",
    "range": "",
    "qty": "1",
    "positions": [],
    "reach": [],
    "history": []
  },
  {
    "call": "13",
    "part": "11547282",
    "desc": "-NUT,CLAMP,M4.2,FRONT DOOR",
    "usage": "",
    "range": "",
    "qty": "2",
    "positions": [
      {
        "x": 967,
        "y": 1476
      }
    ],
    "reach": [],
    "history": []
  },
  {
    "call": "14",
    "part": "11547280",
    "desc": "SCREW",
    "usage": "",
    "range": "",
    "qty": "6",
    "positions": [
      {
        "x": 808,
        "y": 1993
      }
    ],
    "reach": [],
    "history": []
  },
  {
    "call": "15",
    "part": "(39028473)",
    "desc": "MOULDING,REAR DOOR WINDOW FRAME,RH,FRONT (TEXTURED BLACK,RPO BX4) (NLS.- USE 39085710)",
    "usage": "",
    "range": "",
    "qty": "1",
    "positions": [
      {
        "x": 1276,
        "y": 1553
      }
    ],
    "reach": [],
    "history": []
  },
  {
    "call": "15",
    "part": "39085710",
    "desc": "MOULDING,REAR DOOR WINDOW FRAME,RH,FRONT (TEXTURED BLACK,RPO BX4)",
    "usage": "",
    "range": "",
    "qty": "1",
    "positions": [],
    "reach": [],
    "history": []
  },
  {
    "call": "15",
    "part": "39028472",
    "desc": "MOULDING,REAR DOOR WINDOW FRAME,LH,FRONT (TEXTURED BLACK,RPO BX4)",
    "usage": "",
    "range": "",
    "qty": "1",
    "positions": [],
    "reach": [],
    "history": []
  },
  {
    "call": "15",
    "part": "39085709",
    "desc": "MOULDING,REAR DOOR WINDOW FRAME,LH,FRONT (TEXTURED BLACK,RPO BX4)",
    "usage": "",
    "range": "",
    "qty": "1",
    "positions": [],
    "reach": [],
    "history": []
  },
  {
    "call": "15",
    "part": "(39028477)",
    "desc": "MOULDING,REAR DOOR WINDOW FRAME,RH,FRONT (HIGH GLOSS BLACK,RPO BX8) (NLS.- USE 39085712)",
    "usage": "",
    "range": "",
    "qty": "1",
    "positions": [],
    "reach": [],
    "history": []
  },
  {
    "call": "15",
    "part": "39085712",
    "desc": "MOULDING,REAR DOOR WINDOW FRAME,RH,FRONT (HIGH GLOSS BLACK,RPO BX8)",
    "usage": "",
    "range": "",
    "qty": "1",
    "positions": [],
    "reach": [],
    "history": []
  },
  {
    "call": "15",
    "part": "(39028476)",
    "desc": "MOULDING,REAR DOOR WINDOW FRAME,LH,FRONT (HIGH GLOSS BLACK,RPO BX8) (NLS.- USE 39085711)",
    "usage": "",
    "range": "",
    "qty": "1",
    "positions": [],
    "reach": [],
    "history": []
  },
  {
    "call": "15",
    "part": "39085711",
    "desc": "MOULDING,REAR DOOR WINDOW FRAME,LH,FRONT (HIGH GLOSS BLACK,RPO BX8)",
    "usage": "",
    "range": "",
    "qty": "1",
    "positions": [],
    "reach": [],
    "history": []
  },
  {
    "call": "16",
    "part": "11570654",
    "desc": "-NUT,CLAMP,M4.2,REAR DOOR",
    "usage": "",
    "range": "",
    "qty": "2",
    "positions": [
      {
        "x": 1160,
        "y": 1488
      }
    ],
    "reach": [],
    "history": []
  },
  {
    "call": "17",
    "part": "11547280",
    "desc": "SCREW",
    "usage": "",
    "range": "",
    "qty": "6",
    "positions": [
      {
        "x": 1270,
        "y": 1788
      }
    ],
    "reach": [],
    "history": []
  }
]