[
  {
    "call": "1",
    "part": "39130502",
    "desc": "GRILLE,RADIATOR,INNER",
    "usage": "",
    "range": "",
    "qty": "1",
    "positions": [
      {
        "x": 1375,
        "y": 440
      }
    ],
    "reach": [],
    "history": []
  },
  {
    "call": "2",
    "part": "11589011",
    "desc": "SCREW,HEX.HD.,WITH WASHER,M4.2 X 16",
    "usage": "",
    "range": "",
    "qty": "AR",
    "positions": [
      {
        "x": 1133,
        "y": 813
      }
    ],
    "reach": [],
    "history": []
  },
  {
    "call": "3",
    "part": "39163513",
    "desc": "GRILLE,RADIATOR,LOWER (EXCEPT RPO UD5/UFQ,PARK PILOT SYSTEM) (EXCEPT RPO UGN,COLLISION AVOIDANCE SENSOR WITH BRAKE ASSIST)",
    "usage": "",
    "range": "",
    "qty": "1",
    "positions": [
      {
        "x": 356,
        "y": 2199
      }
    ],
    "reach": [],
    "history": []
  },
  {
    "call": "4",
    "part": "39163512",
    "desc": "GRILLE,RADIATOR,LOWER (FOR PARKING PILOT SYSTEM,RPO UD5/UFQ) (EXCEPT RPO UGN,COLLISION AVOIDANCE SENSOR WITH BRAKE ASSIST)",
    "usage": "",
    "range": "",
    "qty": "1",
    "positions": [
      {
        "x": 593,
        "y": 2196
      }
    ],
    "reach": [],
    "history": []
  },
  {
    "call": "5",
    "part": "",
    "desc": "GRILLE,RADIATOR,LOWER (FOR PARKING PILOT SYSTEM,RPO UD5/UFQ) (FOR COLLISION AVOIDANCE SENSOR WITH BRAKE ASSIST,RPO UGN) (NS.- USE COMPONENTS)",
    "usage": "",
    "range": "",
    "qty": "1",
    "positions": [
      {
        "x": 657,
        "y": 1547
      }
    ],
    "reach": [],
    "history": []
  },
  {
    "call": "6",
    "part": "39163608",
    "desc": "-GRILLE,RADIATOR,LOWER,RH (FOR PARKING PILOT SYSTEM,RPO UD5/UFQ) (FOR COLLISION AVOIDANCE SENSOR WITH BRAKE ASSIST,RPO UGN)",
    "usage": "",
    "range": "",
    "qty": "1",
    "positions": [
      {
        "x": 541,
        "y": 1626
      }
    ],
    "reach": [],
    "history": []
  },
  {
    "call": "7",
    "part": "39163607",
    "desc": "-GRILLE,RADIATOR,LOWER,LH (FOR PARKING PILOT SYSTEM,RPO UD5/UFQ) (FOR COLLISION AVOIDANCE SENSOR WITH BRAKE ASSIST,RPO UGN)",
    "usage": "",
    "range": "",
    "qty": "1",
    "positions": [
      {
        "x": 678,
        "y": 1677
      }
    ],
    "reach": [],
    "history": []
  },
  {
    "call": "8",
    "part": "39163609",
    "desc": "-COVER (FOR PARKING PILOT SYSTEM,RPO UD5/UFQ) (FOR COLLISION AVOIDANCE SENSOR WITH BRAKE ASSIST,RPO UGN)",
    "usage": "",
    "range": "",
    "qty": "1",
    "positions": [
      {
        "x": 617,
        "y": 1671
      }
    ],
    "reach": [],
    "history": []
  },
  {
    "call": "9",
    "part": "39163582",
    "desc": "GRILLE,RADIATOR",
    "usage": "",
    "range": "",
    "qty": "1",
    "positions": [
      {
        "x": 50,
        "y": 1168
      }
    ],
    "reach": [],
    "history": []
  },
  {
    "call": "10",
    "part": "39130500",
    "desc": "EMBLEM (OPEL)",
    "usage": "",
    "range": "",
    "qty": "1",
    "positions": [
      {
        "x": 62,
        "y": 937
      }
    ],
    "reach": [],
    "history": []
  },
  {
    "call": "11",
    "part": "39086923",
    "desc": "EMBLEM (VAUXHALL)",
    "usage": "",
    "range": "",
    "qty": "1",
    "positions": [
      {
        "x": 59,
        "y": 792
      }
    ],
    "reach": [],
    "history": []
  },
  {
    "call": "12",
    "part": "39164562",
    "desc": "ADAPTOR,EMBLEM (VAUXHALL)",
    "usage": "",
    "range": "",
    "qty": "1",
    "positions": [
      {
        "x": 475,
        "y": 792
      }
    ],
    "reach": [],
    "history": []
  },
  {
    "call": "13",
    "part": "39051213",
    "desc": "EMBLEM (HOLDEN)",
    "usage": "",
    "range": "",
    "qty": "1",
    "positions": [
      {
        "x": 59,
        "y": 670
      }
    ],
    "reach": [],
    "history": []
  },
  {
    "call": "14",
    "part": "39164564",
    "desc": "ADAPTOR,EMBLEM (HOLDEN)",
    "usage": "",
    "range": "",
    "qty": "1",
    "positions": [
      {
        "x": 478,
        "y": 661
      }
    ],
    "reach": [],
    "history": []
  },
  {
    "call": "15",
    "part": "39206367",
    "desc": "INSERT,RH,CHROME (EXCEPT RPO WJU,SALES PACKAGE BLACK)",
    "usage": "",
    "range": "",
    "qty": "1",
    "positions": [
      {
        "x": 311,
        "y": 1547
      }
    ],
    "reach": [],
    "history": []
  },
  {
    "call": "15",
    "part": "39206367",
    "desc": "INSERT,RH,CHROME (FOR MANUAL HEADLAMP LEVELING,RPO TR6) (FOR SALES PACKAGE BLACK,RPO WJU)",
    "usage": "",
    "range": "",
    "qty": "1",
    "positions": [],
    "reach": [],
    "history": []
  },
  {
    "call": "15",
    "part": "39206369",
    "desc": "INSERT,RH,BLACK (FOR AUTOMATIC HEADLAMP LEVELING,RPO TR7) (FOR SALES PACKAGE BLACK,RPO WJU)",
    "usage": "",
    "range": "",
    "qty": "1",
    "positions": [],
    "reach": [],
    "history": []
  },
  {
    "call": "15",
    "part": "39206366",
    "desc": "INSERT,LH,CHROME (EXCEPT RPO WJU,SALES PACKAGE BLACK)",
    "usage": "",
    "range": "",
    "qty": "1",
    "positions": [],
    "reach": [],
    "history": []
  },
  {
    "call": "15",
    "part": "39206366",
    "desc": "INSERT,LH,CHROME (FOR MANUAL HEADLAMP LEVELING,RPO TR6) (FOR SALES PACKAGE BLACK,RPO WJU)",
    "usage": "",
    "range": "",
    "qty": "1",
    "positions": [],
    "reach": [],
    "history": []
  },
  {
    "call": "15",
    "part": "39206368",
    "desc": "INSERT,LH,BLACK (FOR AUTOMATIC HEADLAMP LEVELING,RPO TR7) (FOR SALES PACKAGE BLACK,RPO WJU)",
    "usage": "",
    "range": "",
    "qty": "1",
    "positions": [],
    "reach": [],
    "history": []
  },
  {
    "call": "16",
    "part": "39169704",
    "desc": "DEFLECTOR,ASSY.,AIR,UPPER (FOR ACTIVE AERO SHUTTER,RPO VTI/WMI)",
    "usage": "",
    "range": "",
    "qty": "1",
    "positions": [
      {
        "x": 1858,
        "y": 112
      }
    ],
    "reach": [],
    "history": []
  },
  {
    "call": "17",
    "part": "39202582",
    "desc": "-ACTUATOR,DEFLECTOR (FOR ACTIVE AERO SHUTTER,RPO VTI/WMI)",
    "usage": "",
    "range": "",
    "qty": "1",
    "positions": [
      {
        "x": 1927,
        "y": 221
      }
    ],
    "reach": [],
    "history": []
  },
  {
    "call": "18X",
    "part": "39130541",
    "desc": "SET,INSTALLING,MOUNTING PARTS (FOR ACTIVE AERO SHUTTER,RPO VTI)",
    "usage": "",
    "range": "",
    "qty": "1",
    "positions": [
      {
        "x": 2112,
        "y": 813
      }
    ],
    "reach": [],
    "history": []
  },
  {
    "call": "19",
    "part": "11609539",
    "desc": "-SCREW,M4.2 X 16 (FOR ACTIVE AERO SHUTTER,RPO VTI/WMI)",
    "usage": "",
    "range": "",
    "qty": "4",
    "positions": [
      {
        "x": 2152,
        "y": 676
      }
    ],
    "reach": [],
    "history": []
  },
  {
    "call": "20",
    "part": "11516397",
    "desc": "-NUT,M4.2 (FOR ACTIVE AERO SHUTTER,RPO VTI/WMI) (NLS.- USE 95530322)",
    "usage": "",
    "range": "",
    "qty": "4",
    "positions": [
      {
        "x": 2073,
        "y": 692
      }
    ],
    "reach": [],
    "history": []
  },
  {
    "call": "21",
    "part": "39160240",
    "desc": "DEFLECTOR,ASSY.,AIR,LOWER (FOR ACTIVE AERO SHUTTER,RPO WMI) (NLS.- NO REPLACEMENT PART)",
    "usage": "",
    "range": "",
    "qty": "1",
    "positions": [
      {
        "x": 1733,
        "y": 1865
      }
    ],
    "reach": [],
    "history": []
  },
  {
    "call": "22",
    "part": "39084116",
    "desc": "-DEFLECTOR,ASSY.,AIR (FOR ACTIVE AERO SHUTTER,RPO WMI)",
    "usage": "",
    "range": "",
    "qty": "1",
    "positions": [
      {
        "x": 1451,
        "y": 1841
      }
    ],
    "reach": [],
    "history": []
  },
  {
    "call": "23",
    "part": "95530802",
    "desc": "-FRAME,DEFLECTOR (FOR ACTIVE AERO SHUTTER,RPO WMI)",
    "usage": "",
    "range": "",
    "qty": "1",
    "positions": [
      {
        "x": 1312,
        "y": 1914
      }
    ],
    "reach": [],
    "history": []
  },
  {
    "call": "24",
    "part": "84089658",
    "desc": "-ACTUATOR,DEFLECTOR (FOR ACTIVE AERO SHUTTER,RPO WMI)",
    "usage": "",
    "range": "",
    "qty": "1",
    "positions": [
      {
        "x": 1260,
        "y": 1498
      }
    ],
    "reach": [],
    "history": []
  },
  {
    "call": "25",
    "part": "11570637",
    "desc": "-SCREW (FOR ACTIVE AERO SHUTTER,RPO WMI) (NLS.- USE YR00280680)",
    "usage": "",
    "range": "",
    "qty": "4",
    "positions": [
      {
        "x": 1557,
        "y": 1759
      }
    ],
    "reach": [],
    "history": []
  },
  {
    "call": "26",
    "part": "11548579",
    "desc": "-NUT (FOR ACTIVE AERO SHUTTER,RPO WMI) (NLS.- USE YQ00133780)",
    "usage": "",
    "range": "",
    "qty": "4",
    "positions": [
      {
        "x": 1184,
        "y": 1884
      }
    ],
    "reach": [],
    "history": []
  },
  {
    "call": "27",
    "part": "90087290",
    "desc": "RIVET (FOR ACTIVE AERO SHUTTER,RPO WMI) (NLS.- USE YQ00125980)",
    "usage": "",
    "range": "",
    "qty": "9",
    "positions": [
      {
        "x": 1724,
        "y": 1629
      }
    ],
    "reach": [],
    "history": []
  }
]