[
  {
    "call": "3",
    "part": "90372005",
    "desc": "PAINT,AEROSOL SPRAY,PRIMER,GREY (NLS.- USE 3469734 17 71 900)",
    "usage": "",
    "range": "",
    "qty": "AR",
    "positions": [
      {
        "x": 417,
        "y": 1284
      }
    ],
    "reach": [],
    "history": []
  },
  {
    "call": "3",
    "part": "93165171",
    "desc": "PAINT,AEROSOL SPRAY,ATLANTIS BLUE (PAINT CODE 21G) (NLS.- USE 93165169 17 65 049)",
    "usage": "",
    "range": "",
    "qty": "AR",
    "positions": [],
    "reach": [],
    "history": []
  },
  {
    "call": "3",
    "part": "91128951",
    "desc": "PAINT,AEROSOL SPRAY,MAMBA GREEN (30L) (PAINT CODE L379) (NLS.- USE 9194267 17 71 379)",
    "usage": "",
    "range": "",
    "qty": "AR",
    "positions": [],
    "reach": [],
    "history": []
  },
  {
    "call": "3",
    "part": "90371886",
    "desc": "PAINT,AEROSOL SPRAY,GLACIER WHITE (10L) (PAINT CODE L474) (NLS.- USE 90295934 17 71 474)",
    "usage": "",
    "range": "",
    "qty": "AR",
    "positions": [],
    "reach": [],
    "history": []
  },
  {
    "call": "3",
    "part": "90372003",
    "desc": "PAINT,AEROSOL SPRAY,POLAR WHITE (11L) (PAINT CODE L452) (NLS.- USE 90001581 17 71 452)",
    "usage": "",
    "range": "",
    "qty": "AR",
    "positions": [],
    "reach": [],
    "history": []
  },
  {
    "call": "3",
    "part": "90371812",
    "desc": "PAINT,AEROSOL SPRAY,NEPTUNE BLUE (13L) (PAINT CODE L228) (NLS.- NO REPLACEMENT PART)",
    "usage": "",
    "range": "",
    "qty": "AR",
    "positions": [],
    "reach": [],
    "history": []
  },
  {
    "call": "3",
    "part": "90371987",
    "desc": "PAINT,AEROSOL SPRAY,MIDNIGHT BLUE (14L) (PAINT CODE L225) (NLS.- NO REPLACEMENT PART)",
    "usage": "",
    "range": "",
    "qty": "AR",
    "positions": [],
    "reach": [],
    "history": []
  },
  {
    "call": "3",
    "part": "90371816",
    "desc": "PAINT,AEROSOL SPRAY,BREEZE BLUE (15L) (PAINT CODE L264) (NLS.- NO REPLACEMENT PART)",
    "usage": "",
    "range": "",
    "qty": "AR",
    "positions": [],
    "reach": [],
    "history": []
  },
  {
    "call": "3",
    "part": "90372019",
    "desc": "PAINT,AEROSOL SPRAY,STRATOS BLUE (16L) (PAINT CODE L234) (NLS.- NO REPLACEMENT PART)",
    "usage": "",
    "range": "",
    "qty": "AR",
    "positions": [],
    "reach": [],
    "history": []
  },
  {
    "call": "3",
    "part": "90372008",
    "desc": "PAINT,AEROSOL SPRAY,REGENCY BLUE (16L) (PAINT CODE L259) (NLS.- NO REPLACEMENT PART)",
    "usage": "",
    "range": "",
    "qty": "AR",
    "positions": [],
    "reach": [],
    "history": []
  },
  {
    "call": "3",
    "part": "90371970",
    "desc": "PAINT,AEROSOL SPRAY,CHINA BLUE (17L) (PAINT CODE L243) (NLS.- NO REPLACEMENT PART)",
    "usage": "",
    "range": "",
    "qty": "AR",
    "positions": [],
    "reach": [],
    "history": []
  },
  {
    "call": "3",
    "part": "90371828",
    "desc": "PAINT,AEROSOL SPRAY,MIAMI BLUE (17L) (PAINT CODE L272) (NLS.- USE 90399209 17 71 272)",
    "usage": "",
    "range": "",
    "qty": "AR",
    "positions": [],
    "reach": [],
    "history": []
  },
  {
    "call": "3",
    "part": "90371995",
    "desc": "PAINT,AEROSOL SPRAY,NORDIC BLUE (18L) (PAINT CODE L253) (NLS.- USE 90272293 17 71 253)",
    "usage": "",
    "range": "",
    "qty": "AR",
    "positions": [],
    "reach": [],
    "history": []
  },
  {
    "call": "3",
    "part": "91158306",
    "desc": "PAINT,AEROSOL SPRAY,FIFTIES GREEN (86U) (PAINT CODE L386) (NLS.- USE 9200144 17 71 386)",
    "usage": "",
    "range": "",
    "qty": "AR",
    "positions": [],
    "reach": [],
    "history": []
  },
  {
    "call": "3",
    "part": "90371822",
    "desc": "PAINT,AEROSOL SPRAY,KINGS BLUE (22L) (PAINT CODE L269) (NLS.- USE 90421949 17 71 269)",
    "usage": "",
    "range": "",
    "qty": "AR",
    "positions": [],
    "reach": [],
    "history": []
  },
  {
    "call": "3",
    "part": "90371814",
    "desc": "PAINT,AEROSOL SPRAY,SILVER BLUE (23L) (PAINT CODE L245) (NLS.- NO REPLACEMENT PART)",
    "usage": "",
    "range": "",
    "qty": "AR",
    "positions": [],
    "reach": [],
    "history": []
  },
  {
    "call": "3",
    "part": "91128953",
    "desc": "PAINT,AEROSOL SPRAY,ARUBA BLUE (24L) (PAINT CODE 20A) (NLS.- USE 9194279 17 65 001)",
    "usage": "",
    "range": "",
    "qty": "AR",
    "positions": [],
    "reach": [],
    "history": []
  },
  {
    "call": "3",
    "part": "9194279",
    "desc": "PAINT,AEROSOL SPRAY,ARUBA BLUE (24L) (PAINT CODE 20A) (NLS.- USE 9200254 17 65 008)",
    "usage": "",
    "range": "",
    "qty": "AR",
    "positions": [],
    "reach": [],
    "history": []
  },
  {
    "call": "3",
    "part": "93165199",
    "desc": "PAINT,AEROSOL SPRAY,TERRA COTTA RED (PAINT CODE 50A) (NLS.- USE 93165197 17 65 052)",
    "usage": "",
    "range": "",
    "qty": "AR",
    "positions": [],
    "reach": [],
    "history": []
  },
  {
    "call": "3",
    "part": "90371975",
    "desc": "PAINT,AEROSOL SPRAY,FJORD BLUE (26L) (PAINT CODE L247) (NLS.- NO REPLACEMENT PART)",
    "usage": "",
    "range": "",
    "qty": "AR",
    "positions": [],
    "reach": [],
    "history": []
  },
  {
    "call": "3",
    "part": "90372007",
    "desc": "PAINT,AEROSOL SPRAY,REGATTA BLUE (27L) (PAINT CODE L220) (NLS.- NO REPLACEMENT PART)",
    "usage": "",
    "range": "",
    "qty": "AR",
    "positions": [],
    "reach": [],
    "history": []
  },
  {
    "call": "3",
    "part": "90371994",
    "desc": "PAINT,AEROSOL SPRAY,NAVY BLUE (27L) (PAINT CODE L251)",
    "usage": "",
    "range": "",
    "qty": "AR",
    "positions": [],
    "reach": [],
    "history": []
  },
  {
    "call": "3",
    "part": "90371830",
    "desc": "PAINT,AEROSOL SPRAY,COSMOS BLUE (27L) (PAINT CODE L273) (NLS.- NO REPLACEMENT PART)",
    "usage": "",
    "range": "",
    "qty": "AR",
    "positions": [],
    "reach": [],
    "history": []
  },
  {
    "call": "3",
    "part": "90510273",
    "desc": "PAINT,AEROSOL SPRAY,LEMON YELLOW (PAINT CODE L481) (NLS.- NO REPLACEMENT PART)",
    "usage": "",
    "range": "",
    "qty": "AR",
    "positions": [],
    "reach": [],
    "history": []
  },
  {
    "call": "3",
    "part": "93165057",
    "desc": "PAINT,AEROSOL SPRAY,MATT CHROME (PAINT CODE 16P) (NLS.- USE 93165055 17 65 044)",
    "usage": "",
    "range": "",
    "qty": "AR",
    "positions": [],
    "reach": [],
    "history": []
  },
  {
    "call": "3",
    "part": "91158310",
    "desc": "PAINT,AEROSOL SPRAY,CORN YELLOW (PAINT CODE 40A) (NLS.- USE 9200152 17 65 006)",
    "usage": "",
    "range": "",
    "qty": "AR",
    "positions": [],
    "reach": [],
    "history": []
  },
  {
    "call": "3",
    "part": "90371880",
    "desc": "PAINT,AEROSOL SPRAY,APPLE GREEN (36L) (PAINT CODE L371) (NLS.- NO REPLACEMENT PART)",
    "usage": "",
    "range": "",
    "qty": "AR",
    "positions": [],
    "reach": [],
    "history": []
  },
  {
    "call": "3",
    "part": "90371793",
    "desc": "PAINT,AEROSOL SPRAY,CANYON RED (PAINT CODE 321D) (NLS.- NO REPLACEMENT PART)",
    "usage": "",
    "range": "",
    "qty": "AR",
    "positions": [],
    "reach": [],
    "history": []
  },
  {
    "call": "3",
    "part": "90371860",
    "desc": "PAINT,AEROSOL SPRAY,CRYSTAL MOSS (PAINT CODE L341) (NLS.- NO REPLACEMENT PART)",
    "usage": "",
    "range": "",
    "qty": "AR",
    "positions": [],
    "reach": [],
    "history": []
  },
  {
    "call": "3",
    "part": "90371997",
    "desc": "PAINT,AEROSOL SPRAY,OLIVE GREEN (42L) (PAINT CODE L346) (NLS.- NO REPLACEMENT PART)",
    "usage": "",
    "range": "",
    "qty": "AR",
    "positions": [],
    "reach": [],
    "history": []
  },
  {
    "call": "3",
    "part": "90371802",
    "desc": "PAINT,AEROSOL SPRAY,STONE GREY (PAINT CODE L145) (NLS.- NO REPLACEMENT PART)",
    "usage": "",
    "range": "",
    "qty": "AR",
    "positions": [],
    "reach": [],
    "history": []
  },
  {
    "call": "3",
    "part": "90543777",
    "desc": "PAINT,AEROSOL SPRAY,FOREST GREEN (44L) (PAINT CODE L375/51U) (NLS.- USE 90543775 17 71 375)",
    "usage": "",
    "range": "",
    "qty": "AR",
    "positions": [],
    "reach": [],
    "history": []
  },
  {
    "call": "3",
    "part": "90372026",
    "desc": "PAINT,AEROSOL SPRAY,CARGO WHITE (PAINT CODE L551) (12U) (NLS.- NO REPLACEMENT PART)",
    "usage": "",
    "range": "",
    "qty": "AR",
    "positions": [],
    "reach": [],
    "history": []
  },
  {
    "call": "3",
    "part": "90371866",
    "desc": "PAINT,AEROSOL SPRAY,MINT GREEN (PAINT CODE L361) (NLS.- NO REPLACEMENT PART)",
    "usage": "",
    "range": "",
    "qty": "AR",
    "positions": [],
    "reach": [],
    "history": []
  },
  {
    "call": "3",
    "part": "90371973",
    "desc": "PAINT,AEROSOL SPRAY,EMERALD GREEN (48L) (PAINT CODE L351) (NLS.- NO REPLACEMENT PART)",
    "usage": "",
    "range": "",
    "qty": "AR",
    "positions": [],
    "reach": [],
    "history": []
  },
  {
    "call": "3",
    "part": "90372025",
    "desc": "PAINT,AEROSOL SPRAY,CARGO BLUE (PAINT CODE L553) (NLS.- NO REPLACEMENT PART)",
    "usage": "",
    "range": "",
    "qty": "AR",
    "positions": [],
    "reach": [],
    "history": []
  },
  {
    "call": "3",
    "part": "90371977",
    "desc": "PAINT,AEROSOL SPRAY,GAZELLE BEIGE (51L) (PAINT CODE L428) (NLS.- NO REPLACEMENT PART)",
    "usage": "",
    "range": "",
    "qty": "AR",
    "positions": [],
    "reach": [],
    "history": []
  },
  {
    "call": "3",
    "part": "90371924",
    "desc": "PAINT,AEROSOL SPRAY,SOLAR YELLOW II (PAINT CODE L631) (NLS.- NO REPLACEMENT PART)",
    "usage": "",
    "range": "",
    "qty": "AR",
    "positions": [],
    "reach": [],
    "history": []
  },
  {
    "call": "3",
    "part": "90372028",
    "desc": "PAINT,AEROSOL SPRAY,CARGO YELLOW (PAINT CODE L555) (NLS.- NO REPLACEMENT PART)",
    "usage": "",
    "range": "",
    "qty": "AR",
    "positions": [],
    "reach": [],
    "history": []
  },
  {
    "call": "3",
    "part": "91158477",
    "desc": "PAINT,AEROSOL SPRAY,INK BLUE (PAINT CODE 20P) (NLS.- USE 93170376 17 65 009)",
    "usage": "",
    "range": "",
    "qty": "AR",
    "positions": [],
    "reach": [],
    "history": []
  },
  {
    "call": "3",
    "part": "90372000",
    "desc": "PAINT,AEROSOL SPRAY,PARCHMENT (52L) (PAINT CODE L433) (NLS.- NO REPLACEMENT PART)",
    "usage": "",
    "range": "",
    "qty": "AR",
    "positions": [],
    "reach": [],
    "history": []
  },
  {
    "call": "3",
    "part": "90371989",
    "desc": "PAINT,AEROSOL SPRAY,MINK GREY (53L) (PAINT CODE L470) (NLS.- NO REPLACEMENT PART)",
    "usage": "",
    "range": "",
    "qty": "AR",
    "positions": [],
    "reach": [],
    "history": []
  },
  {
    "call": "3",
    "part": "90371890",
    "desc": "PAINT,AEROSOL SPRAY,PINEAPPLE YELLOW (PAINT CODE L485) (NLS.- USE 90510515 17 71 485)",
    "usage": "",
    "range": "",
    "qty": "AR",
    "positions": [],
    "reach": [],
    "history": []
  },
  {
    "call": "3",
    "part": "90487621",
    "desc": "PAINT,AEROSOL SPRAY,DARK REGATTA (PAINT CODE L759) (NLS.- USE 90371940)",
    "usage": "",
    "range": "",
    "qty": "AR",
    "positions": [],
    "reach": [],
    "history": []
  },
  {
    "call": "3",
    "part": "90372020",
    "desc": "PAINT,AEROSOL SPRAY,TAWNY BROWN (60L) (PAINT CODE L465) (NLS.- NO REPLACEMENT PART)",
    "usage": "",
    "range": "",
    "qty": "AR",
    "positions": [],
    "reach": [],
    "history": []
  },
  {
    "call": "3",
    "part": "90371900",
    "desc": "PAINT,AEROSOL SPRAY,MAGMA RED (PAINT CODE L547) (NLS.- USE 90350143 17 71 547)",
    "usage": "",
    "range": "",
    "qty": "AR",
    "positions": [],
    "reach": [],
    "history": []
  },
  {
    "call": "3",
    "part": "90371932",
    "desc": "PAINT,AEROSOL SPRAY,LIGHT SILVER (PAINT CODE L753) (NLS.- NO REPLACEMENT PART)",
    "usage": "",
    "range": "",
    "qty": "AR",
    "positions": [],
    "reach": [],
    "history": []
  },
  {
    "call": "3",
    "part": "90371934",
    "desc": "PAINT,AEROSOL SPRAY,RADIANT RED (PAINT CODE L756) (NLS.- NO REPLACEMENT PART)",
    "usage": "",
    "range": "",
    "qty": "AR",
    "positions": [],
    "reach": [],
    "history": []
  },
  {
    "call": "3",
    "part": "90371955",
    "desc": "PAINT,AEROSOL SPRAY,ANTIQUE GOLD (66L) (PAINT CODE L430) (NLS.- NO REPLACEMENT PART)",
    "usage": "",
    "range": "",
    "qty": "AR",
    "positions": [],
    "reach": [],
    "history": []
  },
  {
    "call": "3",
    "part": "90371930",
    "desc": "PAINT,AEROSOL SPRAY,CREAM WHITE (PAINT CODE L752) (NLS.- NO REPLACEMENT PART)",
    "usage": "",
    "range": "",
    "qty": "AR",
    "positions": [],
    "reach": [],
    "history": []
  },
  {
    "call": "3",
    "part": "90371952",
    "desc": "PAINT,AEROSOL SPRAY,ALMADINE RED (70L) (PAINT CODE L537) (NLS.- NO REPLACEMENT PART)",
    "usage": "",
    "range": "",
    "qty": "AR",
    "positions": [],
    "reach": [],
    "history": []
  },
  {
    "call": "3",
    "part": "90371985",
    "desc": "PAINT,AEROSOL SPRAY,MEXICO RED (71L) (PAINT CODE L539) (NLS.- NO REPLACEMENT PART)",
    "usage": "",
    "range": "",
    "qty": "AR",
    "positions": [],
    "reach": [],
    "history": []
  },
  {
    "call": "3",
    "part": "91141056",
    "desc": "PAINT,AEROSOL SPRAY,SATURN METALLIC (UWL) (PAINT CODE L267) (NLS.- NO REPLACEMENT PART)",
    "usage": "",
    "range": "",
    "qty": "AR",
    "positions": [],
    "reach": [],
    "history": []
  },
  {
    "call": "3",
    "part": "90371922",
    "desc": "PAINT,AEROSOL SPRAY,APRICOT (PAINT CODE L580) (NLS.- NO REPLACEMENT PART)",
    "usage": "",
    "range": "",
    "qty": "AR",
    "positions": [],
    "reach": [],
    "history": []
  },
  {
    "call": "3",
    "part": "90371966",
    "desc": "PAINT,AEROSOL SPRAY,CARMINE RED (76L) (PAINT CODE L535) (NLS.- USE 90141776 17 71 535)",
    "usage": "",
    "range": "",
    "qty": "AR",
    "positions": [],
    "reach": [],
    "history": []
  },
  {
    "call": "3",
    "part": "90371916",
    "desc": "PAINT,AEROSOL SPRAY,MOROCCAN RED (PAINT CODE L573) (NLS.- USE 90542475 17 71 573)",
    "usage": "",
    "range": "",
    "qty": "AR",
    "positions": [],
    "reach": [],
    "history": []
  },
  {
    "call": "3",
    "part": "90371906",
    "desc": "PAINT,AEROSOL SPRAY,BURGUNDY RED (PAINT CODE L567) (NLS.- USE 90421947 17 71 567)",
    "usage": "",
    "range": "",
    "qty": "AR",
    "positions": [],
    "reach": [],
    "history": []
  },
  {
    "call": "3",
    "part": "90371810",
    "desc": "PAINT,AEROSOL SPRAY,BLACK (80L) (PAINT CODE L200) (NLS.- USE 90001767 17 71 200)",
    "usage": "",
    "range": "",
    "qty": "AR",
    "positions": [],
    "reach": [],
    "history": []
  },
  {
    "call": "3",
    "part": "90371926",
    "desc": "PAINT,AEROSOL SPRAY,MARINA BLUE (PAINT CODE L722) (NLS.- NO REPLACEMENT PART)",
    "usage": "",
    "range": "",
    "qty": "AR",
    "positions": [],
    "reach": [],
    "history": []
  },
  {
    "call": "3",
    "part": "90371984",
    "desc": "PAINT,AEROSOL SPRAY,LIGHT GREY (82L) (PAINT CODE L108) (NLS.- NO REPLACEMENT PART)",
    "usage": "",
    "range": "",
    "qty": "AR",
    "positions": [],
    "reach": [],
    "history": []
  },
  {
    "call": "3",
    "part": "90372013",
    "desc": "PAINT,AEROSOL SPRAY,SILVER METALLIC (85L) (PAINT CODE L125) (NLS.- USE 90094223 17 71 125)",
    "usage": "",
    "range": "",
    "qty": "AR",
    "positions": [],
    "reach": [],
    "history": []
  },
  {
    "call": "3",
    "part": "90371795",
    "desc": "PAINT,AEROSOL SPRAY,STAR SILVER (88L) (PAINT CODE L138) (NLS.- USE 90397026 17 71 138)",
    "usage": "",
    "range": "",
    "qty": "AR",
    "positions": [],
    "reach": [],
    "history": []
  },
  {
    "call": "3",
    "part": "90371910",
    "desc": "PAINT,AEROSOL SPRAY,FLORENTINA RED (KY) (PAINT CODE L569) (NLS.- NO REPLACEMENT PART)",
    "usage": "",
    "range": "",
    "qty": "AR",
    "positions": [],
    "reach": [],
    "history": []
  },
  {
    "call": "3",
    "part": "90371903",
    "desc": "PAINT,AEROSOL SPRAY,LOBSTER RED (LLL) (PAINT CODE L548) (NLS.- NO REPLACEMENT PART)",
    "usage": "",
    "range": "",
    "qty": "AR",
    "positions": [],
    "reach": [],
    "history": []
  },
  {
    "call": "3",
    "part": "90371846",
    "desc": "PAINT,AEROSOL SPRAY,ATLANTIS BLUE (28L) (PAINT CODE L285) (NLS.- USE 90510498 17 71 285)",
    "usage": "",
    "range": "",
    "qty": "AR",
    "positions": [],
    "reach": [],
    "history": []
  },
  {
    "call": "3",
    "part": "90510503",
    "desc": "PAINT,AEROSOL SPRAY,MINT GREEN (PAINT CODE L361)",
    "usage": "",
    "range": "",
    "qty": "AR",
    "positions": [],
    "reach": [],
    "history": []
  },
  {
    "call": "3",
    "part": "93165146",
    "desc": "PAINT,AEROSOL SPRAY,BROOM YELLOW (PAINT CODE L788)",
    "usage": "",
    "range": "",
    "qty": "AR",
    "positions": [],
    "reach": [],
    "history": []
  },
  {
    "call": "3",
    "part": "90542470",
    "desc": "PAINT,AEROSOL SPRAY,APPLE GREEN (PAINT CODE L371)",
    "usage": "",
    "range": "",
    "qty": "AR",
    "positions": [],
    "reach": [],
    "history": []
  },
  {
    "call": "3",
    "part": "90001204",
    "desc": "PAINT,AEROSOL SPRAY,BLACK,MATT (PAINT CODE L215)",
    "usage": "",
    "range": "",
    "qty": "AR",
    "positions": [],
    "reach": [],
    "history": []
  },
  {
    "call": "3",
    "part": "90001720",
    "desc": "PAINT,AEROSOL SPRAY,LIGHT IVORY (PAINT CODE L611)",
    "usage": "",
    "range": "",
    "qty": "AR",
    "positions": [],
    "reach": [],
    "history": []
  },
  {
    "call": "3",
    "part": "90371836",
    "desc": "PAINT,AEROSOL SPRAY,LIFESTYLE BLUE (31L) (PAINT CODE L276) (NLS.- USE 90444275 17 71 276)",
    "usage": "",
    "range": "",
    "qty": "AR",
    "positions": [],
    "reach": [],
    "history": []
  },
  {
    "call": "3",
    "part": "90371834",
    "desc": "PAINT,AEROSOL SPRAY,AQUAMARINE BLUE (PAINT CODE L275) (NLS.- USE 90444389 17 71 275)",
    "usage": "",
    "range": "",
    "qty": "AR",
    "positions": [],
    "reach": [],
    "history": []
  },
  {
    "call": "3",
    "part": "90443948",
    "desc": "PAINT,AEROSOL SPRAY,LIGHT SILVER (PAINT CODE L753) (NLS.- NO REPLACEMENT PART) (PRODUCTION NO. 90443949)",
    "usage": "",
    "range": "",
    "qty": "AR",
    "positions": [],
    "reach": [],
    "history": []
  },
  {
    "call": "3",
    "part": "90007674",
    "desc": "PAINT,AEROSOL SPRAY,MEXICO RED (PAINT CODE L539)",
    "usage": "",
    "range": "",
    "qty": "AR",
    "positions": [],
    "reach": [],
    "history": []
  },
  {
    "call": "3",
    "part": "90421948",
    "desc": "PAINT,AEROSOL SPRAY,COSMOS BLUE (PAINT CODE L273)",
    "usage": "",
    "range": "",
    "qty": "AR",
    "positions": [],
    "reach": [],
    "history": []
  }
]