[
  {
    "call": "3",
    "part": "90001239",
    "desc": "PAINT,AEROSOL SPRAY,BLACK DULL (PAINT CODE L229)",
    "usage": "",
    "range": "",
    "qty": "AR",
    "positions": [
      {
        "x": 419,
        "y": 1279
      }
    ],
    "reach": [],
    "history": []
  },
  {
    "call": "3",
    "part": "93165393",
    "desc": "PAINT,AEROSOL SPRAY,GALAXY WHITE (PAINT CODE 26U) (2 COAT)",
    "usage": "",
    "range": "",
    "qty": "AR",
    "positions": [],
    "reach": [],
    "history": []
  },
  {
    "call": "3",
    "part": "93165395",
    "desc": "PAINT,AEROSOL SPRAY,BLAZE RED (PAINT CODE ZCF) (2 COAT)",
    "usage": "",
    "range": "",
    "qty": "AR",
    "positions": [],
    "reach": [],
    "history": []
  },
  {
    "call": "3",
    "part": "3434539",
    "desc": "PAINT,AEROSOL SPRAY,CHROME (ALLOY WHEELS)",
    "usage": "",
    "range": "",
    "qty": "AR",
    "positions": [],
    "reach": [],
    "history": []
  },
  {
    "call": "3",
    "part": "90513541",
    "desc": "PAINT,AEROSOL SPRAY,CANYON RED (PAINT CODE L321)",
    "usage": "",
    "range": "",
    "qty": "AR",
    "positions": [],
    "reach": [],
    "history": []
  },
  {
    "call": "3",
    "part": "90513541",
    "desc": "PAINT,AEROSOL SPRAY,RUBY RED (US-CODE 321D)",
    "usage": "",
    "range": "",
    "qty": "AR",
    "positions": [],
    "reach": [],
    "history": []
  },
  {
    "call": "3",
    "part": "93165601",
    "desc": "PAINT,AEROSOL SPRAY,SIGNAL BLUE (PAINT CODE GKX) (2 COAT)",
    "usage": "",
    "range": "",
    "qty": "AR",
    "positions": [],
    "reach": [],
    "history": []
  },
  {
    "call": "3",
    "part": "95527605",
    "desc": "PAINT,AEROSOL SPRAY,AEGEAN BLUE (PAINT CODE OP-23A)",
    "usage": "",
    "range": "",
    "qty": "AR",
    "positions": [],
    "reach": [],
    "history": []
  }
]