[
  {
    "call": "3",
    "part": "3469734",
    "desc": "PAINT,AEROSOL SPRAY,PRIMER,GREY,150ML",
    "usage": "",
    "range": "",
    "qty": "AR",
    "positions": [
      {
        "x": 419,
        "y": 1277
      }
    ],
    "reach": [],
    "history": []
  },
  {
    "call": "3",
    "part": "93165055",
    "desc": "PAINT,AEROSOL SPRAY,MATT CHROME (PAINT CODE 16P)",
    "usage": "",
    "range": "",
    "qty": "AR",
    "positions": [],
    "reach": [],
    "history": []
  },
  {
    "call": "3",
    "part": "90271525",
    "desc": "PAINT,AEROSOL SPRAY,DACCAR BROWN (PAINT CODE L468) (NLS.- NO REPLACEMENT PART)",
    "usage": "",
    "range": "",
    "qty": "AR",
    "positions": [],
    "reach": [],
    "history": []
  },
  {
    "call": "3",
    "part": "93160938",
    "desc": "PAINT,AEROSOL SPRAY,PRIMER,400ML (NLS - NO REPLACEMENT PART)",
    "usage": "",
    "range": "",
    "qty": "AR",
    "positions": [],
    "reach": [],
    "history": []
  },
  {
    "call": "3",
    "part": "93165197",
    "desc": "PAINT,AEROSOL SPRAY,TERRA COTTA RED (PAINT CODE 50A) (NLS.- NO REPLACEMENT PART)",
    "usage": "",
    "range": "",
    "qty": "AR",
    "positions": [],
    "reach": [],
    "history": []
  },
  {
    "call": "3",
    "part": "90542480",
    "desc": "PAINT,AEROSOL SPRAY,APPLE GREEN (PAINT CODE L371) (NLS.- NO REPLACEMENT PART)",
    "usage": "",
    "range": "",
    "qty": "AR",
    "positions": [],
    "reach": [],
    "history": []
  },
  {
    "call": "3",
    "part": "9194267",
    "desc": "PAINT,AEROSOL SPRAY,MAMBA GREEN (PAINT CODE L379)",
    "usage": "",
    "range": "",
    "qty": "AR",
    "positions": [],
    "reach": [],
    "history": []
  },
  {
    "call": "3",
    "part": "9200139",
    "desc": "PAINT,AEROSOL SPRAY,FIFTIES GREEN (PAINT CODE L386) (2 COAT) (NLS.- NO REPLACEMENT PART)",
    "usage": "",
    "range": "",
    "qty": "AR",
    "positions": [],
    "reach": [],
    "history": []
  },
  {
    "call": "3",
    "part": "94179026",
    "desc": "PAINT,AEROSOL SPRAY,CHAMONIX WHITE (PAINT CODE L121) (NLS.- NO REPLACEMENT PART)",
    "usage": "",
    "range": "",
    "qty": "AR",
    "positions": [],
    "reach": [],
    "history": []
  },
  {
    "call": "3",
    "part": "94179034",
    "desc": "PAINT,AEROSOL SPRAY,CAFE AU LAIT (PAINT CODE L845)",
    "usage": "",
    "range": "",
    "qty": "AR",
    "positions": [],
    "reach": [],
    "history": []
  },
  {
    "call": "3",
    "part": "90094223",
    "desc": "PAINT,AEROSOL SPRAY,SILVER (PAINT CODE L125) (NLS.- NO REPLACEMENT PART)",
    "usage": "",
    "range": "",
    "qty": "AR",
    "positions": [],
    "reach": [],
    "history": []
  },
  {
    "call": "3",
    "part": "94179037",
    "desc": "PAINT,AEROSOL SPRAY,RUBY RED (PAINT CODE L127)",
    "usage": "",
    "range": "",
    "qty": "AR",
    "positions": [],
    "reach": [],
    "history": []
  },
  {
    "call": "3",
    "part": "94179038",
    "desc": "PAINT,AEROSOL SPRAY,TWILIGHT BLUE (PAINT CODE L129)",
    "usage": "",
    "range": "",
    "qty": "AR",
    "positions": [],
    "reach": [],
    "history": []
  },
  {
    "call": "3",
    "part": "94179042",
    "desc": "PAINT,AEROSOL SPRAY,DARK GREY (PAINT CODE L131) (NLS.- NO REPLACEMENT PART)",
    "usage": "",
    "range": "",
    "qty": "AR",
    "positions": [],
    "reach": [],
    "history": []
  },
  {
    "call": "3",
    "part": "93165146",
    "desc": "PAINT,AEROSOL SPRAY,BROOM YELLOW (PAINT CODE L788)",
    "usage": "",
    "range": "",
    "qty": "AR",
    "positions": [],
    "reach": [],
    "history": []
  },
  {
    "call": "3",
    "part": "93170376",
    "desc": "PAINT,AEROSOL SPRAY,INK BLUE (PAINT CODE 20P)",
    "usage": "",
    "range": "",
    "qty": "AR",
    "positions": [],
    "reach": [],
    "history": []
  },
  {
    "call": "3",
    "part": "93165124",
    "desc": "PAINT,AEROSOL SPRAY,YELLOW PUNCH (PAINT CODE 40K) (NLS.- NO REPLACEMENT PART)",
    "usage": "",
    "range": "",
    "qty": "AR",
    "positions": [],
    "reach": [],
    "history": []
  },
  {
    "call": "3",
    "part": "9200144",
    "desc": "PAINT,AEROSOL SPRAY,FIFTIES GREEN (PAINT CODE L386) (NLS.- NO REPLACEMENT PART)",
    "usage": "",
    "range": "",
    "qty": "AR",
    "positions": [],
    "reach": [],
    "history": []
  },
  {
    "call": "3",
    "part": "90487190",
    "desc": "PAINT,AEROSOL SPRAY,STONE GREY (PAINT CODE L145) (NLS.- NO REPLACEMENT PART)",
    "usage": "",
    "range": "",
    "qty": "AR",
    "positions": [],
    "reach": [],
    "history": []
  },
  {
    "call": "3",
    "part": "90001767",
    "desc": "PAINT,AEROSOL SPRAY,BLACK (PAINT CODE L200)",
    "usage": "",
    "range": "",
    "qty": "AR",
    "positions": [],
    "reach": [],
    "history": []
  },
  {
    "call": "3",
    "part": "90001204",
    "desc": "PAINT,AEROSOL SPRAY,BLACK,MATT (PAINT CODE L215)",
    "usage": "",
    "range": "",
    "qty": "AR",
    "positions": [],
    "reach": [],
    "history": []
  },
  {
    "call": "3",
    "part": "90018215",
    "desc": "PAINT,AEROSOL SPRAY,SAPPHIRE BLUE (PAINT CODE L218) (NLS.- NO REPLACEMENT PART)",
    "usage": "",
    "range": "",
    "qty": "AR",
    "positions": [],
    "reach": [],
    "history": []
  },
  {
    "call": "3",
    "part": "90093210",
    "desc": "PAINT,AEROSOL SPRAY,REGATTA BLUE (PAINT CODE L220) (NLS.- NO REPLACEMENT PART)",
    "usage": "",
    "range": "",
    "qty": "AR",
    "positions": [],
    "reach": [],
    "history": []
  },
  {
    "call": "3",
    "part": "90141210",
    "desc": "PAINT,AEROSOL SPRAY,STRATOS BLUE (PAINT CODE L234) (NLS.- NO REPLACEMENT PART)",
    "usage": "",
    "range": "",
    "qty": "AR",
    "positions": [],
    "reach": [],
    "history": []
  },
  {
    "call": "3",
    "part": "90166867",
    "desc": "PAINT,AEROSOL SPRAY,PORCELAIN BLUE (PAINT CODE L243) (NLS.- NO REPLACEMENT PART)",
    "usage": "",
    "range": "",
    "qty": "AR",
    "positions": [],
    "reach": [],
    "history": []
  },
  {
    "call": "3",
    "part": "90007670",
    "desc": "PAINT,AEROSOL SPRAY,ATOLL BLUE (PAINT CODE L246) (NLS.- NO REPLACEMENT PART)",
    "usage": "",
    "range": "",
    "qty": "AR",
    "positions": [],
    "reach": [],
    "history": []
  },
  {
    "call": "3",
    "part": "90007671",
    "desc": "PAINT,AEROSOL SPRAY,FJORD BLUE (PAINT CODE L247) (NLS.- NO REPLACEMENT PART)",
    "usage": "",
    "range": "",
    "qty": "AR",
    "positions": [],
    "reach": [],
    "history": []
  },
  {
    "call": "3",
    "part": "90543775",
    "desc": "PAINT,AEROSOL SPRAY,FORREST GREEN (PAINT CODE L375/51U)",
    "usage": "",
    "range": "",
    "qty": "AR",
    "positions": [],
    "reach": [],
    "history": []
  },
  {
    "call": "3",
    "part": "90001489",
    "desc": "PAINT,AEROSOL SPRAY,BEACH BEIGE (PAINT CODE L422) (NLS.- NO REPLACEMENT PART)",
    "usage": "",
    "range": "",
    "qty": "AR",
    "positions": [],
    "reach": [],
    "history": []
  },
  {
    "call": "3",
    "part": "90010325",
    "desc": "PAINT,AEROSOL SPRAY,NAVY BLUE (PAINT CODE L251) (NLS.- NO REPLACEMENT PART)",
    "usage": "",
    "range": "",
    "qty": "AR",
    "positions": [],
    "reach": [],
    "history": []
  },
  {
    "call": "3",
    "part": "90010198",
    "desc": "PAINT,AEROSOL SPRAY,BALTIC BLUE (PAINT CODE L252) (NLS.- NO REPLACEMENT PART)",
    "usage": "",
    "range": "",
    "qty": "AR",
    "positions": [],
    "reach": [],
    "history": []
  },
  {
    "call": "3",
    "part": "90272293",
    "desc": "PAINT,AEROSOL SPRAY,NORDIC BLUE (PAINT CODE L253) (NLS.- NO REPLACEMENT PART)",
    "usage": "",
    "range": "",
    "qty": "AR",
    "positions": [],
    "reach": [],
    "history": []
  },
  {
    "call": "3",
    "part": "90272288",
    "desc": "PAINT,AEROSOL SPRAY,ENAMEL BLUE (PAINT CODE L255) (NLS.- NO REPLACEMENT PART)",
    "usage": "",
    "range": "",
    "qty": "AR",
    "positions": [],
    "reach": [],
    "history": []
  },
  {
    "call": "3",
    "part": "90295935",
    "desc": "PAINT,AEROSOL SPRAY,HALIT BLUE (PAINT CODE L259) (NLS.- NO REPLACEMENT PART)",
    "usage": "",
    "range": "",
    "qty": "AR",
    "positions": [],
    "reach": [],
    "history": []
  },
  {
    "call": "3",
    "part": "93165169",
    "desc": "PAINT,AEROSOL SPRAY,ATLANTIS BLUE (PAINT CODE 21G) (NLS.- NO REPLACEMENT PART)",
    "usage": "",
    "range": "",
    "qty": "AR",
    "positions": [],
    "reach": [],
    "history": []
  },
  {
    "call": "3",
    "part": "90421949",
    "desc": "PAINT,AEROSOL SPRAY,KINGS BLUE (PAINT CODE L269) (PRODUCTION NO. 90371822)",
    "usage": "",
    "range": "",
    "qty": "AR",
    "positions": [],
    "reach": [],
    "history": []
  },
  {
    "call": "3",
    "part": "90399209",
    "desc": "PAINT,AEROSOL SPRAY,MIAMI BLUE (PAINT CODE L272)",
    "usage": "",
    "range": "",
    "qty": "AR",
    "positions": [],
    "reach": [],
    "history": []
  },
  {
    "call": "3",
    "part": "90421948",
    "desc": "PAINT,AEROSOL SPRAY,COSMOS BLUE (PAINT CODE L273)",
    "usage": "",
    "range": "",
    "qty": "AR",
    "positions": [],
    "reach": [],
    "history": []
  },
  {
    "call": "3",
    "part": "90510503",
    "desc": "PAINT,AEROSOL SPRAY,MINT GREEN (PAINT CODE L361)",
    "usage": "",
    "range": "",
    "qty": "AR",
    "positions": [],
    "reach": [],
    "history": []
  },
  {
    "call": "3",
    "part": "90444275",
    "desc": "PAINT,AEROSOL SPRAY,LIFESTYLE BLUE (PAINT CODE L276)",
    "usage": "",
    "range": "",
    "qty": "AR",
    "positions": [],
    "reach": [],
    "history": []
  },
  {
    "call": "3",
    "part": "90542470",
    "desc": "PAINT,AEROSOL SPRAY,APPLE GREEN (PAINT CODE L371)",
    "usage": "",
    "range": "",
    "qty": "AR",
    "positions": [],
    "reach": [],
    "history": []
  },
  {
    "call": "3",
    "part": "90510498",
    "desc": "PAINT,AEROSOL SPRAY,ATLANTIS BLUE (PAINT CODE L285) (NLS.- NO REPLACEMENT PART)",
    "usage": "",
    "range": "",
    "qty": "AR",
    "positions": [],
    "reach": [],
    "history": []
  },
  {
    "call": "3",
    "part": "90001314",
    "desc": "PAINT,AEROSOL SPRAY,SIGNAL GREEN (PAINT CODE L308) (NLS.- NO REPLACEMENT PART)",
    "usage": "",
    "range": "",
    "qty": "AR",
    "positions": [],
    "reach": [],
    "history": []
  },
  {
    "call": "3",
    "part": "90018166",
    "desc": "PAINT,AEROSOL SPRAY,SPRING GREEN (PAINT CODE L311) (NLS.- NO REPLACEMENT PART)",
    "usage": "",
    "range": "",
    "qty": "AR",
    "positions": [],
    "reach": [],
    "history": []
  },
  {
    "call": "3",
    "part": "90093211",
    "desc": "PAINT,AEROSOL SPRAY,PINE GREEN (PAINT CODE L322) (NLS.- NO REPLACEMENT PART)",
    "usage": "",
    "range": "",
    "qty": "AR",
    "positions": [],
    "reach": [],
    "history": []
  },
  {
    "call": "3",
    "part": "90093500",
    "desc": "PAINT,AEROSOL SPRAY,PISTACHIO GREEN (PAINT CODE L324) (NLS.- NO REPLACEMENT PART)",
    "usage": "",
    "range": "",
    "qty": "AR",
    "positions": [],
    "reach": [],
    "history": []
  },
  {
    "call": "3",
    "part": "90113086",
    "desc": "PAINT,AEROSOL SPRAY,TURQUOISE (PAINT CODE L339) (NLS.- NO REPLACEMENT PART)",
    "usage": "",
    "range": "",
    "qty": "AR",
    "positions": [],
    "reach": [],
    "history": []
  },
  {
    "call": "3",
    "part": "90141773",
    "desc": "PAINT,AEROSOL SPRAY,REED GREEN (PAINT CODE L340) (NLS.- NO REPLACEMENT PART)",
    "usage": "",
    "range": "",
    "qty": "AR",
    "positions": [],
    "reach": [],
    "history": []
  },
  {
    "call": "3",
    "part": "90141774",
    "desc": "PAINT,AEROSOL SPRAY,SILVER GREEN (PAINT CODE L341) (NLS.- NO REPLACEMENT PART)",
    "usage": "",
    "range": "",
    "qty": "AR",
    "positions": [],
    "reach": [],
    "history": []
  },
  {
    "call": "3",
    "part": "90188225",
    "desc": "PAINT,AEROSOL SPRAY,LEAF GREEN (PAINT CODE L344) (NLS.- NO REPLACEMENT PART)",
    "usage": "",
    "range": "",
    "qty": "AR",
    "positions": [],
    "reach": [],
    "history": []
  },
  {
    "call": "3",
    "part": "90010327",
    "desc": "PAINT,AEROSOL SPRAY,OLIVE GREEN (PAINT CODE L346) (NLS.- NO REPLACEMENT PART)",
    "usage": "",
    "range": "",
    "qty": "AR",
    "positions": [],
    "reach": [],
    "history": []
  },
  {
    "call": "3",
    "part": "90295936",
    "desc": "PAINT,AEROSOL SPRAY,JADE GREEN (PAINT CODE L350) (NLS.- NO REPLACEMENT PART)",
    "usage": "",
    "range": "",
    "qty": "AR",
    "positions": [],
    "reach": [],
    "history": []
  },
  {
    "call": "3",
    "part": "90442757",
    "desc": "PAINT,AEROSOL SPRAY,IRISH GREEN (PAINT CODE L356) (NLS.- NO REPLACEMENT PART)",
    "usage": "",
    "range": "",
    "qty": "AR",
    "positions": [],
    "reach": [],
    "history": []
  },
  {
    "call": "3",
    "part": "90001163",
    "desc": "PAINT,AEROSOL SPRAY,SILVER (PAINT CODE L135) (FOR SWITZERLAND) (NLS.- NO REPLACEMENT PART)",
    "usage": "",
    "range": "",
    "qty": "AR",
    "positions": [],
    "reach": [],
    "history": []
  },
  {
    "call": "3",
    "part": "90001701",
    "desc": "PAINT,AEROSOL SPRAY,BRILLIANT RED (PAINT CODE L529) (NLS.- NO REPLACEMENT PART)",
    "usage": "",
    "range": "",
    "qty": "AR",
    "positions": [],
    "reach": [],
    "history": []
  },
  {
    "call": "3",
    "part": "90093502",
    "desc": "PAINT,AEROSOL SPRAY,SIENNA RED (PAINT CODE L531) (NLS.- NO REPLACEMENT PART)",
    "usage": "",
    "range": "",
    "qty": "AR",
    "positions": [],
    "reach": [],
    "history": []
  },
  {
    "call": "3",
    "part": "90093705",
    "desc": "PAINT,AEROSOL SPRAY,ENGLISH RED (PAINT CODE L532) (NLS.- NO REPLACEMENT PART)",
    "usage": "",
    "range": "",
    "qty": "AR",
    "positions": [],
    "reach": [],
    "history": []
  },
  {
    "call": "3",
    "part": "90113089",
    "desc": "PAINT,AEROSOL SPRAY,MANDARIN RED (PAINT CODE L533) (NLS.- NO REPLACEMENT PART)",
    "usage": "",
    "range": "",
    "qty": "AR",
    "positions": [],
    "reach": [],
    "history": []
  },
  {
    "call": "3",
    "part": "90141777",
    "desc": "PAINT,AEROSOL SPRAY,HENNA RED (PAINT CODE L536) (NLS.- NO REPLACEMENT PART)",
    "usage": "",
    "range": "",
    "qty": "AR",
    "positions": [],
    "reach": [],
    "history": []
  },
  {
    "call": "3",
    "part": "90188228",
    "desc": "PAINT,AEROSOL SPRAY,ALMANDIN RED (PAINT CODE L537) (NLS.- NO REPLACEMENT PART)",
    "usage": "",
    "range": "",
    "qty": "AR",
    "positions": [],
    "reach": [],
    "history": []
  },
  {
    "call": "3",
    "part": "90007674",
    "desc": "PAINT,AEROSOL SPRAY,MEXICO RED (PAINT CODE L539)",
    "usage": "",
    "range": "",
    "qty": "AR",
    "positions": [],
    "reach": [],
    "history": []
  },
  {
    "call": "3",
    "part": "90350143",
    "desc": "PAINT,AEROSOL SPRAY,FLAME RED,MAGMA RED (PAINT CODE L547) (NLS.- NO REPLACEMENT PART)",
    "usage": "",
    "range": "",
    "qty": "AR",
    "positions": [],
    "reach": [],
    "history": []
  },
  {
    "call": "3",
    "part": "9194279",
    "desc": "PAINT,AEROSOL SPRAY,ARUBA BLUE (PAINT CODE 20A) (NLS.- USE 9200254 17 65 008)",
    "usage": "",
    "range": "",
    "qty": "AR",
    "positions": [],
    "reach": [],
    "history": []
  },
  {
    "call": "3",
    "part": "90442762",
    "desc": "PAINT,AEROSOL SPRAY,LOBSTER RED (PAINT CODE L548) (NLS.- NO REPLACEMENT PART)",
    "usage": "",
    "range": "",
    "qty": "AR",
    "positions": [],
    "reach": [],
    "history": []
  },
  {
    "call": "3",
    "part": "94179380",
    "desc": "PAINT,AEROSOL SPRAY,CARGO YELLOW (PAINT CODE L555) (NLS.- NO REPLACEMENT PART)",
    "usage": "",
    "range": "",
    "qty": "AR",
    "positions": [],
    "reach": [],
    "history": []
  },
  {
    "call": "3",
    "part": "90421947",
    "desc": "PAINT,AEROSOL SPRAY,TOSCANA RED (PAINT CODE L567)",
    "usage": "",
    "range": "",
    "qty": "AR",
    "positions": [],
    "reach": [],
    "history": []
  },
  {
    "call": "3",
    "part": "90487273",
    "desc": "PAINT,AEROSOL SPRAY,FLORENTINA RED (PAINT CODE L569)",
    "usage": "",
    "range": "",
    "qty": "AR",
    "positions": [],
    "reach": [],
    "history": []
  },
  {
    "call": "3",
    "part": "90542475",
    "desc": "PAINT,AEROSOL SPRAY,TIZIAN RED (PAINT CODE L573)",
    "usage": "",
    "range": "",
    "qty": "AR",
    "positions": [],
    "reach": [],
    "history": []
  },
  {
    "call": "3",
    "part": "90543316",
    "desc": "PAINT,AEROSOL SPRAY,APRICOT (PAINT CODE L580) (NLS.- NO REPLACEMENT PART)",
    "usage": "",
    "range": "",
    "qty": "AR",
    "positions": [],
    "reach": [],
    "history": []
  },
  {
    "call": "3",
    "part": "90001720",
    "desc": "PAINT,AEROSOL SPRAY,LIGHT IVORY (PAINT CODE L611)",
    "usage": "",
    "range": "",
    "qty": "AR",
    "positions": [],
    "reach": [],
    "history": []
  },
  {
    "call": "3",
    "part": "90113087",
    "desc": "PAINT,AEROSOL SPRAY,GAZELLE BEIGE (PAINT CODE L428) (NLS.- NO REPLACEMENT PART)",
    "usage": "",
    "range": "",
    "qty": "AR",
    "positions": [],
    "reach": [],
    "history": []
  },
  {
    "call": "3",
    "part": "94179375",
    "desc": "PAINT,AEROSOL SPRAY,BRIGHT RED (PAINT CODE L720) (NLS.- NO REPLACEMENT PART)",
    "usage": "",
    "range": "",
    "qty": "AR",
    "positions": [],
    "reach": [],
    "history": []
  },
  {
    "call": "3",
    "part": "90543311",
    "desc": "PAINT,AEROSOL SPRAY,MARINA BLUE (PAINT CODE L722) (NLS.- NO REPLACEMENT PART) (PRODUCTION NO. 90543313)",
    "usage": "",
    "range": "",
    "qty": "AR",
    "positions": [],
    "reach": [],
    "history": []
  },
  {
    "call": "3",
    "part": "90443946",
    "desc": "PAINT,AEROSOL SPRAY,CREAM WHITE (PAINT CODE L752) (NLS.- NO REPLACEMENT PART)",
    "usage": "",
    "range": "",
    "qty": "AR",
    "positions": [],
    "reach": [],
    "history": []
  },
  {
    "call": "3",
    "part": "90443948",
    "desc": "PAINT,AEROSOL SPRAY,LIGHT SILVER (PAINT CODE L753) (NLS.- NO REPLACEMENT PART) (PRODUCTION NO. 90443949)",
    "usage": "",
    "range": "",
    "qty": "AR",
    "positions": [],
    "reach": [],
    "history": []
  },
  {
    "call": "3",
    "part": "90443952",
    "desc": "PAINT,AEROSOL SPRAY,RADIANT RED (PAINT CODE L756) (NLS.- NO REPLACEMENT PART) (PRODUCTION NO. 90443953)",
    "usage": "",
    "range": "",
    "qty": "AR",
    "positions": [],
    "reach": [],
    "history": []
  },
  {
    "call": "3",
    "part": "90443960",
    "desc": "PAINT,AEROSOL SPRAY,DESERT YELLOW (PAINT CODE L762) (NLS.- NO REPLACEMENT PART)",
    "usage": "",
    "range": "",
    "qty": "AR",
    "positions": [],
    "reach": [],
    "history": []
  },
  {
    "call": "3",
    "part": "94179224",
    "desc": "PAINT,AEROSOL SPRAY,SPECTRA RED (PAINT CODE L806) (NLS.- NO REPLACEMENT PART)",
    "usage": "",
    "range": "",
    "qty": "AR",
    "positions": [],
    "reach": [],
    "history": []
  },
  {
    "call": "3",
    "part": "94179029",
    "desc": "PAINT,AEROSOL SPRAY,CAMEO WHITE (PAINT CODE L808) (NLS.- NO REPLACEMENT PART)",
    "usage": "",
    "range": "",
    "qty": "AR",
    "positions": [],
    "reach": [],
    "history": []
  },
  {
    "call": "3",
    "part": "94179225",
    "desc": "PAINT,AEROSOL SPRAY,IVORY BEIGE (PAINT CODE L810) (NLS.- NO REPLACEMENT PART)",
    "usage": "",
    "range": "",
    "qty": "AR",
    "positions": [],
    "reach": [],
    "history": []
  },
  {
    "call": "3",
    "part": "94179043",
    "desc": "PAINT,AEROSOL SPRAY,PURE WHITE (PAINT CODE L811) (NLS.- NO REPLACEMENT PART)",
    "usage": "",
    "range": "",
    "qty": "AR",
    "positions": [],
    "reach": [],
    "history": []
  },
  {
    "call": "3",
    "part": "94179027",
    "desc": "PAINT,AEROSOL SPRAY,FOREST GREEN (PAINT CODE L812) (NLS.- NO REPLACEMENT PART)",
    "usage": "",
    "range": "",
    "qty": "AR",
    "positions": [],
    "reach": [],
    "history": []
  },
  {
    "call": "3",
    "part": "94179030",
    "desc": "PAINT,AEROSOL SPRAY,SUNRISE RED (PAINT CODE L816) (NLS.- NO REPLACEMENT PART)",
    "usage": "",
    "range": "",
    "qty": "AR",
    "positions": [],
    "reach": [],
    "history": []
  },
  {
    "call": "3",
    "part": "94179471",
    "desc": "PAINT,AEROSOL SPRAY,STEEL BLUE (PAINT CODE L823) (NLS.- NO REPLACEMENT PART)",
    "usage": "",
    "range": "",
    "qty": "AR",
    "positions": [],
    "reach": [],
    "history": []
  },
  {
    "call": "3",
    "part": "94179049",
    "desc": "PAINT,AEROSOL SPRAY,ANTIQUE SILVER (PAINT CODE L824) (NLS.- NO REPLACEMENT PART)",
    "usage": "",
    "range": "",
    "qty": "AR",
    "positions": [],
    "reach": [],
    "history": []
  },
  {
    "call": "3",
    "part": "94179226",
    "desc": "PAINT,AEROSOL SPRAY,HAZELNUT (PAINT CODE L832) (NLS.- NO REPLACEMENT PART)",
    "usage": "",
    "range": "",
    "qty": "AR",
    "positions": [],
    "reach": [],
    "history": []
  },
  {
    "call": "3",
    "part": "90513547",
    "desc": "PAINT,AEROSOL SPRAY,POLAR WHITE (US-CODE 9753) (NLS.- NO REPLACEMENT PART)",
    "usage": "",
    "range": "",
    "qty": "AR",
    "positions": [],
    "reach": [],
    "history": []
  },
  {
    "call": "3",
    "part": "90444389",
    "desc": "PAINT,AEROSOL SPRAY,AQUAMARINE BLUE (PAINT CODE L275)",
    "usage": "",
    "range": "",
    "qty": "AR",
    "positions": [],
    "reach": [],
    "history": []
  },
  {
    "call": "3",
    "part": "90141775",
    "desc": "PAINT,AEROSOL SPRAY,ANTIQUE GOLD (PAINT CODE L430) (NLS.- NO REPLACEMENT PART)",
    "usage": "",
    "range": "",
    "qty": "AR",
    "positions": [],
    "reach": [],
    "history": []
  },
  {
    "call": "3",
    "part": "90166869",
    "desc": "PAINT,AEROSOL SPRAY,PARCHMENT (PAINT CODE L433) (NLS.- NO REPLACEMENT PART)",
    "usage": "",
    "range": "",
    "qty": "AR",
    "positions": [],
    "reach": [],
    "history": []
  },
  {
    "call": "3",
    "part": "90188227",
    "desc": "PAINT,AEROSOL SPRAY,BRAZIL BROWN (PAINT CODE L434) (NLS.- NO REPLACEMENT PART)",
    "usage": "",
    "range": "",
    "qty": "AR",
    "positions": [],
    "reach": [],
    "history": []
  },
  {
    "call": "3",
    "part": "90001581",
    "desc": "PAINT,AEROSOL SPRAY,POLAR WHITE (PAINT CODE L452) (NLS.- NO REPLACEMENT PART)",
    "usage": "",
    "range": "",
    "qty": "AR",
    "positions": [],
    "reach": [],
    "history": []
  },
  {
    "call": "3",
    "part": "90016452",
    "desc": "PAINT,AEROSOL SPRAY,JAMAICA YELLOW (PAINT CODE L462) (NLS.- NO REPLACEMENT PART)",
    "usage": "",
    "range": "",
    "qty": "AR",
    "positions": [],
    "reach": [],
    "history": []
  },
  {
    "call": "3",
    "part": "90113088",
    "desc": "PAINT,AEROSOL SPRAY,HAZEL BROWN (PAINT CODE L463) (NLS.- NO REPLACEMENT PART)",
    "usage": "",
    "range": "",
    "qty": "AR",
    "positions": [],
    "reach": [],
    "history": []
  },
  {
    "call": "3",
    "part": "90007672",
    "desc": "PAINT,AEROSOL SPRAY,ALMOND BROWN (PAINT CODE L465) (NLS.- NO REPLACEMENT PART)",
    "usage": "",
    "range": "",
    "qty": "AR",
    "positions": [],
    "reach": [],
    "history": []
  },
  {
    "call": "3",
    "part": "90007673",
    "desc": "PAINT,AEROSOL SPRAY,TEAK BROWN (PAINT CODE L466) (NLS.- NO REPLACEMENT PART)",
    "usage": "",
    "range": "",
    "qty": "AR",
    "positions": [],
    "reach": [],
    "history": []
  },
  {
    "call": "3",
    "part": "90008106",
    "desc": "PAINT,AEROSOL SPRAY,BARYT BROWN (PAINT CODE L467) (NLS.- NO REPLACEMENT PART)",
    "usage": "",
    "range": "",
    "qty": "AR",
    "positions": [],
    "reach": [],
    "history": []
  },
  {
    "call": "3",
    "part": "90010199",
    "desc": "PAINT,AEROSOL SPRAY,DACCAR GOLD (PAINT CODE L468) (NLS.- NO REPLACEMENT PART)",
    "usage": "",
    "range": "",
    "qty": "AR",
    "positions": [],
    "reach": [],
    "history": []
  },
  {
    "call": "3",
    "part": "90272295",
    "desc": "PAINT,AEROSOL SPRAY,GRAPHITE BEIGE (PAINT CODE L470) (NLS.- NO REPLACEMENT PART)",
    "usage": "",
    "range": "",
    "qty": "AR",
    "positions": [],
    "reach": [],
    "history": []
  },
  {
    "call": "3",
    "part": "9200155",
    "desc": "PAINT,AEROSOL SPRAY,CORN YELLOW (PAINT CODE 40A) (NLS.- NO REPLACEMENT PART)",
    "usage": "",
    "range": "",
    "qty": "AR",
    "positions": [],
    "reach": [],
    "history": []
  },
  {
    "call": "3",
    "part": "90295934",
    "desc": "PAINT,AEROSOL SPRAY,GLACIER WHITE (PAINT CODE L474)",
    "usage": "",
    "range": "",
    "qty": "AR",
    "positions": [],
    "reach": [],
    "history": []
  },
  {
    "call": "3",
    "part": "90510271",
    "desc": "PAINT,AEROSOL SPRAY,LEMON YELLOW (PAINT CODE L481) (NLS.- NO REPLACEMENT PART)",
    "usage": "",
    "range": "",
    "qty": "AR",
    "positions": [],
    "reach": [],
    "history": []
  },
  {
    "call": "3",
    "part": "90510515",
    "desc": "PAINT,AEROSOL SPRAY,PINEAPPLE YELLOW (PAINT CODE L485)",
    "usage": "",
    "range": "",
    "qty": "AR",
    "positions": [],
    "reach": [],
    "history": []
  },
  {
    "call": "3",
    "part": "90016453",
    "desc": "PAINT,AEROSOL SPRAY,FLAMENCO RED (PAINT CODE L500) (NLS.- NO REPLACEMENT PART)",
    "usage": "",
    "range": "",
    "qty": "AR",
    "positions": [],
    "reach": [],
    "history": []
  },
  {
    "call": "3",
    "part": "90001597",
    "desc": "PAINT,AEROSOL SPRAY,ROYAL RED (PAINT CODE L501) (NLS.- NO REPLACEMENT PART)",
    "usage": "",
    "range": "",
    "qty": "AR",
    "positions": [],
    "reach": [],
    "history": []
  },
  {
    "call": "3",
    "part": "90001625",
    "desc": "PAINT,AEROSOL SPRAY,CARDINAL RED (PAINT CODE L508) (NLS.- NO REPLACEMENT PART)",
    "usage": "",
    "range": "",
    "qty": "AR",
    "positions": [],
    "reach": [],
    "history": []
  },
  {
    "call": "3",
    "part": "90020765",
    "desc": "PAINT,AEROSOL SPRAY,BRILLIANT ORANGE (PAINT CODE L509) (NLS.- NO REPLACEMENT PART)",
    "usage": "",
    "range": "",
    "qty": "AR",
    "positions": [],
    "reach": [],
    "history": []
  },
  {
    "call": "3",
    "part": "90295934",
    "desc": "PAINT,AEROSOL SPRAY,SATURDAY WHITE FEVER (PAINT CODE L474)",
    "usage": "",
    "range": "",
    "qty": "AR",
    "positions": [],
    "reach": [],
    "history": []
  }
]