[
  {
    "call": "1",
    "part": "39163670",
    "desc": "BUMPER,ASSY.,FRONT (FOR PARKING PILOT SYSTEM,RPO UD5)",
    "usage": "",
    "range": "",
    "qty": "1",
    "positions": [
      {
        "x": 1788,
        "y": 1070
      }
    ],
    "reach": [],
    "history": []
  },
  {
    "call": "1",
    "part": "39163671",
    "desc": "BUMPER,ASSY.,FRONT (FOR PARKING PILOT SYSTEM,RPO UFQ)",
    "usage": "",
    "range": "",
    "qty": "1",
    "positions": [],
    "reach": [],
    "history": []
  },
  {
    "call": "2",
    "part": "",
    "desc": "# -BRACKET,SENSOR (FOR FRONT PARKING PILOT SYSTEM) (PLEASE REFER TO GROUP P) (SHORTCUT: B16.P962)",
    "usage": "",
    "range": "",
    "qty": "1",
    "positions": [
      {
        "x": 1880,
        "y": 936
      }
    ],
    "reach": [],
    "history": []
  },
  {
    "call": "3",
    "part": "39130492",
    "desc": "BUMPER,ASSY.,FRONT (EXCEPT RPO UD5/UFQ,PARK PILOT SYSTEM)",
    "usage": "",
    "range": "",
    "qty": "1",
    "positions": [
      {
        "x": 1785,
        "y": 1427
      }
    ],
    "reach": [],
    "history": []
  },
  {
    "call": "4",
    "part": "39163590",
    "desc": "DEFLECTOR,RH",
    "usage": "",
    "range": "",
    "qty": "1",
    "positions": [
      {
        "x": 456,
        "y": 1821
      }
    ],
    "reach": [],
    "history": []
  },
  {
    "call": "5",
    "part": "39163589",
    "desc": "DEFLECTOR,LH",
    "usage": "",
    "range": "",
    "qty": "1",
    "positions": [
      {
        "x": 761,
        "y": 2044
      }
    ],
    "reach": [],
    "history": []
  },
  {
    "call": "6",
    "part": "90087290",
    "desc": "RIVET,EXPANDING (NLS.- USE YQ00125980)",
    "usage": "",
    "range": "",
    "qty": "3",
    "positions": [
      {
        "x": 422,
        "y": 2196
      }
    ],
    "reach": [],
    "history": []
  },
  {
    "call": "7",
    "part": "39163438",
    "desc": "FLAP,TOWING LUG",
    "usage": "",
    "range": "",
    "qty": "1",
    "positions": [
      {
        "x": 63,
        "y": 1034
      }
    ],
    "reach": [],
    "history": []
  },
  {
    "call": "8",
    "part": "39086928",
    "desc": "EXTENSION",
    "usage": "",
    "range": "",
    "qty": "1",
    "positions": [
      {
        "x": 215,
        "y": 1372
      }
    ],
    "reach": [],
    "history": []
  },
  {
    "call": "9",
    "part": "90087290",
    "desc": "RIVET,EXPANDING (NLS.- USE YQ00125980)",
    "usage": "",
    "range": "",
    "qty": "AR",
    "positions": [
      {
        "x": 1206,
        "y": 1766
      }
    ],
    "reach": [],
    "history": []
  },
  {
    "call": "10",
    "part": "20931378",
    "desc": "SCREW,TORX,M5 X 20",
    "usage": "",
    "range": "",
    "qty": "AR",
    "positions": [
      {
        "x": 755,
        "y": 1830
      }
    ],
    "reach": [],
    "history": []
  },
  {
    "call": "11",
    "part": "11570498",
    "desc": "SCREW,HEX.HD.,WITH WASHER,4.2 X 20 (NLS.- USE YQ00155980)",
    "usage": "",
    "range": "",
    "qty": "AR",
    "positions": [
      {
        "x": 1154,
        "y": 1842
      }
    ],
    "reach": [],
    "history": []
  },
  {
    "call": "12",
    "part": "11611806",
    "desc": "NUT",
    "usage": "",
    "range": "",
    "qty": "AR",
    "positions": [
      {
        "x": 1142,
        "y": 1568
      }
    ],
    "reach": [],
    "history": []
  },
  {
    "call": "13",
    "part": "11612035",
    "desc": "RIVET (NLS.- USE YR00126180)",
    "usage": "",
    "range": "",
    "qty": "AR",
    "positions": [
      {
        "x": 864,
        "y": 1891
      }
    ],
    "reach": [],
    "history": []
  },
  {
    "call": "14",
    "part": "11570637",
    "desc": "SCREW,TORX (NLS.- USE YR00280680)",
    "usage": "",
    "range": "",
    "qty": "4",
    "positions": [
      {
        "x": 1724,
        "y": 991
      }
    ],
    "reach": [],
    "history": []
  },
  {
    "call": "15",
    "part": "11516397",
    "desc": "NUT,M4.2 (NLS.- USE 95530322)",
    "usage": "",
    "range": "",
    "qty": "4",
    "positions": [
      {
        "x": 1621,
        "y": 994
      }
    ],
    "reach": [],
    "history": []
  },
  {
    "call": "16",
    "part": "11589011",
    "desc": "SCREW,HEX.HD.,WITH WASHER,M4.2 X 16",
    "usage": "",
    "range": "",
    "qty": "AR",
    "positions": [
      {
        "x": 919,
        "y": 747
      }
    ],
    "reach": [],
    "history": []
  },
  {
    "call": "17",
    "part": "39162330",
    "desc": "ABSORBER,IMPACT",
    "usage": "",
    "range": "",
    "qty": "",
    "positions": [
      {
        "x": 721,
        "y": 622
      }
    ],
    "reach": [],
    "history": []
  },
  {
    "call": "18",
    "part": "39058201",
    "desc": "BRACKET,RH",
    "usage": "",
    "range": "",
    "qty": "1",
    "positions": [
      {
        "x": 1898,
        "y": 793
      }
    ],
    "reach": [],
    "history": []
  },
  {
    "call": "18",
    "part": "39058200",
    "desc": "BRACKET,LH",
    "usage": "",
    "range": "",
    "qty": "1",
    "positions": [],
    "reach": [],
    "history": []
  },
  {
    "call": "19",
    "part": "13356713",
    "desc": "RIVET,BLIND,STEEL (NLS.- USE YQ00155580)",
    "usage": "5 DOOR HATCH 68",
    "range": "",
    "qty": "6",
    "positions": [
      {
        "x": 1678,
        "y": 457
      }
    ],
    "reach": [],
    "history": []
  },
  {
    "call": "20",
    "part": "39086896",
    "desc": "GUIDE,RH",
    "usage": "",
    "range": "",
    "qty": "1",
    "positions": [
      {
        "x": 2194,
        "y": 311
      }
    ],
    "reach": [],
    "history": []
  },
  {
    "call": "20",
    "part": "39086895",
    "desc": "GUIDE,LH",
    "usage": "",
    "range": "",
    "qty": "1",
    "positions": [],
    "reach": [],
    "history": []
  },
  {
    "call": "21",
    "part": "11516397",
    "desc": "-NUT,M4.2 (NLS.- USE 95530322)",
    "usage": "",
    "range": "",
    "qty": "2",
    "positions": [
      {
        "x": 2118,
        "y": 366
      }
    ],
    "reach": [],
    "history": []
  },
  {
    "call": "22",
    "part": "11570637",
    "desc": "SCREW,TORX (NLS.- USE YR00280680)",
    "usage": "",
    "range": "",
    "qty": "2",
    "positions": [
      {
        "x": 2172,
        "y": 570
      }
    ],
    "reach": [],
    "history": []
  },
  {
    "call": "23",
    "part": "39086892",
    "desc": "BRACKET,SIDE,RH",
    "usage": "",
    "range": "",
    "qty": "1",
    "positions": [
      {
        "x": 2185,
        "y": 195
      }
    ],
    "reach": [],
    "history": []
  },
  {
    "call": "23",
    "part": "39086891",
    "desc": "BRACKET,SIDE,LH",
    "usage": "",
    "range": "",
    "qty": "1",
    "positions": [],
    "reach": [],
    "history": []
  },
  {
    "call": "24",
    "part": "11516397",
    "desc": "-NUT,M4.2 (NLS.- USE 95530322)",
    "usage": "",
    "range": "",
    "qty": "6",
    "positions": [
      {
        "x": 2093,
        "y": 253
      }
    ],
    "reach": [],
    "history": []
  },
  {
    "call": "25",
    "part": "11589015",
    "desc": "SCREW,HEX.HD.,WITH WASHER,M4.2 X 20 (NLS.- USE YQ00133880)",
    "usage": "",
    "range": "",
    "qty": "6",
    "positions": [
      {
        "x": 2053,
        "y": 527
      }
    ],
    "reach": [],
    "history": []
  },
  {
    "call": "26",
    "part": "39163605",
    "desc": "COVER,RH (EXCEPT RPO T3U,FRONT FOGLAMPS)",
    "usage": "",
    "range": "",
    "qty": "1",
    "positions": [
      {
        "x": 1523,
        "y": 2111
      }
    ],
    "reach": [],
    "history": []
  },
  {
    "call": "26",
    "part": "39163604",
    "desc": "COVER,LH (EXCEPT RPO T3U,FRONT FOGLAMPS)",
    "usage": "",
    "range": "",
    "qty": "1",
    "positions": [],
    "reach": [],
    "history": []
  },
  {
    "call": "27",
    "part": "39163602",
    "desc": "BEZEL,FRONT FOGLAMP,RH (FOR FRONT FOGLAMPS,RPO T3U)",
    "usage": "",
    "range": "",
    "qty": "1",
    "positions": [
      {
        "x": 1965,
        "y": 1931
      }
    ],
    "reach": [],
    "history": []
  },
  {
    "call": "27",
    "part": "39163601",
    "desc": "BEZEL,FRONT FOGLAMP,LH (FOR FRONT FOGLAMPS,RPO T3U)",
    "usage": "",
    "range": "",
    "qty": "1",
    "positions": [],
    "reach": [],
    "history": []
  },
  {
    "call": "28",
    "part": "39206358",
    "desc": "INSERT,RH,CHROME (FOR FRONT FOGLAMPS,RPO T3U)",
    "usage": "",
    "range": "",
    "qty": "1",
    "positions": [
      {
        "x": 1715,
        "y": 2010
      }
    ],
    "reach": [],
    "history": []
  },
  {
    "call": "28",
    "part": "39206360",
    "desc": "INSERT,RH,BLACK (FOR FRONT FOGLAMPS,RPO T3U)",
    "usage": "",
    "range": "",
    "qty": "1",
    "positions": [],
    "reach": [],
    "history": []
  },
  {
    "call": "28",
    "part": "39206357",
    "desc": "INSERT,LH,CHROME (FOR FRONT FOGLAMPS,RPO T3U)",
    "usage": "",
    "range": "",
    "qty": "1",
    "positions": [],
    "reach": [],
    "history": []
  },
  {
    "call": "28",
    "part": "39206359",
    "desc": "INSERT,LH,BLACK (FOR FRONT FOGLAMPS,RPO T3U)",
    "usage": "",
    "range": "",
    "qty": "1",
    "positions": [],
    "reach": [],
    "history": []
  }
]