[
  {
    "call": "1",
    "part": "39017250",
    "desc": "BUMPER,ASSY.,FRONT (EXCEPT PARKING PILOT SYSTEM - EXCEPT RPO WDH,OPC/VXR LINE PACK - EXCEPT HOLDEN - NLS.- USE 39052730)",
    "usage": "",
    "range": "",
    "qty": "1",
    "positions": [
      {
        "x": 0.6414965986394557,
        "y": 0.5806831044387202
      }
    ],
    "reach": [],
    "history": []
  },
  {
    "call": "1",
    "part": "39052730",
    "desc": "BUMPER,ASSY.,FRONT (EXCEPT PARKING PILOT SYSTEM - EXCEPT RPO WDH,OPC/VXR LINE PACK - EXCEPT HOLDEN)",
    "usage": "",
    "range": "",
    "qty": "1",
    "positions": [],
    "reach": [],
    "history": []
  },
  {
    "call": "1",
    "part": "39017248",
    "desc": "BUMPER,ASSY.,FRONT (FOR PARKING PILOT SYSTEM,RPO UD5 - EXCEPT RPO WDH,OPC/VXR LINE PACK - EXCEPT HOLDEN - NLS.- USE 39052728)",
    "usage": "",
    "range": "",
    "qty": "1",
    "positions": [],
    "reach": [],
    "history": []
  },
  {
    "call": "1",
    "part": "39052728",
    "desc": "BUMPER,ASSY.,FRONT (FOR PARKING PILOT SYSTEM,RPO UD5 - EXCEPT RPO WDH,OPC/VXR LINE PACK - EXCEPT HOLDEN)",
    "usage": "",
    "range": "",
    "qty": "1",
    "positions": [],
    "reach": [],
    "history": []
  },
  {
    "call": "1",
    "part": "1696722980",
    "desc": "BUMPER,ASSY.,FRONT (FOR PARKING PILOT SYSTEM,RPO UD5 - EXCEPT RPO WDH,OPC/VXR LINE PACK - EXCEPT HOLDEN - EUROREPAR)",
    "usage": "",
    "range": "",
    "qty": "1",
    "positions": [],
    "reach": [],
    "history": []
  },
  {
    "call": "1",
    "part": "39017249",
    "desc": "BUMPER,ASSY.,FRONT (FOR PARK PILOT WITH STEERING ASSIST,RPO UFQ - EXCEPT RPO WDH,OPC/VXR LINE PACK - EXCEPT HOLDEN - NLS.- USE 39052729)",
    "usage": "",
    "range": "",
    "qty": "1",
    "positions": [],
    "reach": [],
    "history": []
  },
  {
    "call": "1",
    "part": "39052729",
    "desc": "BUMPER,ASSY.,FRONT (FOR PARK PILOT WITH STEERING ASSIST,RPO UFQ - EXCEPT RPO WDH,OPC/VXR LINE PACK - EXCEPT HOLDEN - NLS.- USE 39069824)",
    "usage": "",
    "range": "",
    "qty": "1",
    "positions": [],
    "reach": [],
    "history": []
  },
  {
    "call": "1",
    "part": "39069824",
    "desc": "BUMPER,ASSY.,FRONT (FOR PARK PILOT WITH STEERING ASSIST,RPO UFQ - EXCEPT RPO WDH,OPC/VXR LINE PACK - EXCEPT HOLDEN)",
    "usage": "",
    "range": "",
    "qty": "1",
    "positions": [],
    "reach": [],
    "history": []
  },
  {
    "call": "2",
    "part": "39010350",
    "desc": "BUMPER,ASSY.,FRONT (FOR SIDE BLIND SPOT ALERT,RPO UDQ - FOR PARK PILOT WITH STEERING ASSIST,RPO UFQ - OPC,VXR,LINE PACK RPO WDH - EXCEPT HOLDEN - NLS.- USE 39086947)",
    "usage": "",
    "range": "",
    "qty": "1",
    "positions": [
      {
        "x": 0.6387755102040816,
        "y": 0.7614420455614844
      }
    ],
    "reach": [],
    "history": []
  },
  {
    "call": "2",
    "part": "39086947",
    "desc": "BUMPER,ASSY.,FRONT (FOR SIDE BLIND SPOT ALERT,RPO UDQ - FOR PARK PILOT WITH STEERING ASSIST,RPO UFQ - OPC,VXR,LINE PACK RPO WDH - EXCEPT HOLDEN - NLS.- USE 39122816)",
    "usage": "",
    "range": "",
    "qty": "1",
    "positions": [],
    "reach": [],
    "history": []
  },
  {
    "call": "2",
    "part": "39122816",
    "desc": "BUMPER,ASSY.,FRONT (FOR SIDE BLIND SPOT ALERT,RPO UDQ - FOR PARK PILOT WITH STEERING ASSIST,RPO UFQ - OPC,VXR,LINE PACK RPO WDH - EXCEPT HOLDEN - NLS.- USE 39132289)",
    "usage": "",
    "range": "",
    "qty": "1",
    "positions": [],
    "reach": [],
    "history": []
  },
  {
    "call": "2",
    "part": "39132289",
    "desc": "BUMPER,ASSY.,FRONT (FOR SIDE BLIND SPOT ALERT,RPO UDQ - FOR PARK PILOT WITH STEERING ASSIST,RPO UFQ - OPC,VXR,LINE PACK RPO WDH - EXCEPT HOLDEN)",
    "usage": "",
    "range": "",
    "qty": "1",
    "positions": [],
    "reach": [],
    "history": []
  },
  {
    "call": "2",
    "part": "39086946",
    "desc": "BUMPER,ASSY.,FRONT (OPC,VXR,LINE PACK RPO WDH - FOR FRONT AND REAR PARKING PILOT,RPO UD5 - EXCEPT HOLDEN - NLS.- USE 39132288)",
    "usage": "",
    "range": "",
    "qty": "1",
    "positions": [],
    "reach": [],
    "history": []
  },
  {
    "call": "2",
    "part": "39132288",
    "desc": "BUMPER,ASSY.,FRONT (OPC,VXR,LINE PACK RPO WDH - FOR FRONT AND REAR PARKING PILOT,RPO UD5 - EXCEPT HOLDEN)",
    "usage": "",
    "range": "",
    "qty": "1",
    "positions": [],
    "reach": [],
    "history": []
  },
  {
    "call": "2",
    "part": "39086948",
    "desc": "BUMPER,ASSY.,FRONT (OPC,VXR,LINE PACK RPO WDH - EXCEPT RPO UD5,PARK PILOT SYSTEM - EXCEPT RPO UDQ,SIDE BLIND SPOT ALERT - EXCEPT RPO UFQ,PARK PILOT WITH STEERING ASSIST - EXCEPT HOLDEN - NLS.- USE 39132287)",
    "usage": "",
    "range": "",
    "qty": "1",
    "positions": [],
    "reach": [],
    "history": []
  },
  {
    "call": "2",
    "part": "39132287",
    "desc": "BUMPER,ASSY.,FRONT (OPC,VXR,LINE PACK RPO WDH - EXCEPT RPO UD5,PARK PILOT SYSTEM - EXCEPT RPO UDQ,SIDE BLIND SPOT ALERT - EXCEPT RPO UFQ,PARK PILOT WITH STEERING ASSIST - EXCEPT HOLDEN)",
    "usage": "",
    "range": "",
    "qty": "1",
    "positions": [],
    "reach": [],
    "history": []
  },
  {
    "call": "2",
    "part": "39010350",
    "desc": "BUMPER,ASSY.,FRONT (FOR SIDE BLIND SPOT ALERT,RPO UDQ - FOR PARK PILOT WITH STEERING ASSIST,RPO UFQ - HOLDEN - NLS.- USE 39086947)",
    "usage": "",
    "range": "",
    "qty": "1",
    "positions": [],
    "reach": [],
    "history": []
  },
  {
    "call": "2",
    "part": "39086947",
    "desc": "BUMPER,ASSY.,FRONT (FOR SIDE BLIND SPOT ALERT,RPO UDQ - FOR PARK PILOT WITH STEERING ASSIST,RPO UFQ - HOLDEN - NLS.- USE 39122816)",
    "usage": "",
    "range": "",
    "qty": "1",
    "positions": [],
    "reach": [],
    "history": []
  },
  {
    "call": "2",
    "part": "39122816",
    "desc": "BUMPER,ASSY.,FRONT (FOR SIDE BLIND SPOT ALERT,RPO UDQ - FOR PARK PILOT WITH STEERING ASSIST,RPO UFQ - HOLDEN - NLS.- USE 39132289)",
    "usage": "",
    "range": "",
    "qty": "1",
    "positions": [],
    "reach": [],
    "history": []
  },
  {
    "call": "2",
    "part": "39132289",
    "desc": "BUMPER,ASSY.,FRONT (FOR SIDE BLIND SPOT ALERT,RPO UDQ - FOR PARK PILOT WITH STEERING ASSIST,RPO UFQ - HOLDEN)",
    "usage": "",
    "range": "",
    "qty": "1",
    "positions": [],
    "reach": [],
    "history": []
  },
  {
    "call": "2",
    "part": "39086948",
    "desc": "BUMPER,ASSY.,FRONT (HOLDEN - EXCEPT RPO UD5/UFQ,PARK PILOT SYSTEM - NLS.- USE 39132287)",
    "usage": "",
    "range": "",
    "qty": "1",
    "positions": [],
    "reach": [],
    "history": []
  },
  {
    "call": "2",
    "part": "39132287",
    "desc": "BUMPER,ASSY.,FRONT (HOLDEN - EXCEPT RPO UD5/UFQ,PARK PILOT SYSTEM)",
    "usage": "",
    "range": "",
    "qty": "1",
    "positions": [],
    "reach": [],
    "history": []
  },
  {
    "call": "3",
    "part": "13453823",
    "desc": "DEFLECTOR,LH (MANUAL TRANSMISSION - EXCEPT RPO WDH,OPC/VXR LINE PACK - EXCEPT HOLDEN - NLS.- USE 39089202)",
    "usage": "B10XFL[LE1],D10XFL[LE1]",
    "range": "",
    "qty": "1",
    "positions": [
      {
        "x": 0.5027210884353741,
        "y": 0.9242448004800007
      }
    ],
    "reach": [],
    "history": []
  },
  {
    "call": "3",
    "part": "39089202",
    "desc": "DEFLECTOR,LH (MANUAL TRANSMISSION - EXCEPT RPO WDH,OPC/VXR LINE PACK - EXCEPT HOLDEN)",
    "usage": "B10XFL[LE1],D10XFL[LE1]",
    "range": "",
    "qty": "1",
    "positions": [],
    "reach": [],
    "history": []
  },
  {
    "call": "3",
    "part": "13453823",
    "desc": "DEFLECTOR,LH (EXCEPT RPO WDH,OPC/VXR LINE PACK - EXCEPT HOLDEN - NLS.- USE 39089202)",
    "usage": "B14XE[LV7],B14XFL[LE2],D14XFL[LE2],B14XFT[LE2],D14XFT[LE2],B14XNT[LFE],D14XNT[LFE],B16SHT[LWC],D16SHT[LWC],B16DTE[LWQ],B16DTH[LVL],D16DTH[LVL],D16DTN[LVL],B16DTR[LVK],D16DTR[LVK]",
    "range": "",
    "qty": "1",
    "positions": [],
    "reach": [],
    "history": []
  },
  {
    "call": "3",
    "part": "39089202",
    "desc": "DEFLECTOR,LH (EXCEPT RPO WDH,OPC/VXR LINE PACK - EXCEPT HOLDEN)",
    "usage": "B14XE[LV7],B14XFL[LE2],D14XFL[LE2],B14XFT[LE2],D14XFT[LE2],B14XNT[LFE],D14XNT[LFE],B16SHT[LWC],D16SHT[LWC],B16DTE[LWQ],B16DTH[LVL],D16DTH[LVL],D16DTN[LVL],B16DTR[LVK],D16DTR[LVK]",
    "range": "",
    "qty": "1",
    "positions": [],
    "reach": [],
    "history": []
  },
  {
    "call": "3",
    "part": "13485918",
    "desc": "DEFLECTOR,LH (EASYTRONIC TRANSMISSION - EXCEPT RPO WDH,OPC/VXR LINE PACK - EXCEPT HOLDEN - NLS.- USE 39089205)",
    "usage": "B10XFL[LE1]",
    "range": "",
    "qty": "1",
    "positions": [],
    "reach": [],
    "history": []
  },
  {
    "call": "3",
    "part": "39089205",
    "desc": "DEFLECTOR,LH (EASYTRONIC TRANSMISSION - EXCEPT RPO WDH,OPC/VXR LINE PACK - EXCEPT HOLDEN)",
    "usage": "B10XFL[LE1]",
    "range": "",
    "qty": "1",
    "positions": [],
    "reach": [],
    "history": []
  },
  {
    "call": "3",
    "part": "13485918",
    "desc": "DEFLECTOR,LH (EXCEPT RPO WDH,OPC/VXR LINE PACK - EXCEPT HOLDEN - NLS.- USE 39089205)",
    "usage": "B16DTU[LWV],D16DTN[LXO]",
    "range": "",
    "qty": "1",
    "positions": [],
    "reach": [],
    "history": []
  },
  {
    "call": "3",
    "part": "39089205",
    "desc": "DEFLECTOR,LH (EXCEPT RPO WDH,OPC/VXR LINE PACK - EXCEPT HOLDEN)",
    "usage": "B16DTU[LWV],D16DTN[LXO]",
    "range": "",
    "qty": "1",
    "positions": [],
    "reach": [],
    "history": []
  },
  {
    "call": "3",
    "part": "13466394",
    "desc": "DEFLECTOR,LH (OPC,VXR,LINE PACK RPO WDH - EXCEPT HOLDEN)",
    "usage": "",
    "range": "",
    "qty": "1",
    "positions": [],
    "reach": [],
    "history": []
  },
  {
    "call": "3",
    "part": "13466394",
    "desc": "DEFLECTOR,LH (HOLDEN)",
    "usage": "",
    "range": "",
    "qty": "1",
    "positions": [],
    "reach": [],
    "history": []
  },
  {
    "call": "3",
    "part": "39089202",
    "desc": "DEFLECTOR,LH (HOLDEN - FOR MODEL CONVERSION R,RPO N9F)",
    "usage": "B14XFL[LE2],D14XFL[LE2],B14XFT[LE2],D14XFT[LE2],B16SHT[LWC],D16SHT[LWC]",
    "range": "",
    "qty": "1",
    "positions": [],
    "reach": [],
    "history": []
  },
  {
    "call": "4",
    "part": "13453824",
    "desc": "DEFLECTOR,RH (MANUAL TRANSMISSION - EXCEPT RPO WDH,OPC/VXR LINE PACK - EXCEPT HOLDEN - NLS.- USE 39089203)",
    "usage": "B10XFL[LE1],D10XFL[LE1]",
    "range": "",
    "qty": "1",
    "positions": [
      {
        "x": 0.1653061224489796,
        "y": 0.9098798515166021
      }
    ],
    "reach": [],
    "history": []
  },
  {
    "call": "4",
    "part": "39089203",
    "desc": "DEFLECTOR,RH (MANUAL TRANSMISSION - EXCEPT RPO WDH,OPC/VXR LINE PACK - EXCEPT HOLDEN)",
    "usage": "B10XFL[LE1],D10XFL[LE1]",
    "range": "",
    "qty": "1",
    "positions": [],
    "reach": [],
    "history": []
  },
  {
    "call": "4",
    "part": "13453824",
    "desc": "DEFLECTOR,RH (EXCEPT RPO WDH,OPC/VXR LINE PACK - EXCEPT HOLDEN - NLS.- USE 39089203)",
    "usage": "B14XE[LV7],B14XFL[LE2],D14XFL[LE2],B14XFT[LE2],D14XFT[LE2],B14XNT[LFE],D14XNT[LFE],B16SHT[LWC],D16SHT[LWC],B16DTE[LWQ],B16DTH[LVL],D16DTH[LVL],D16DTN[LVL],B16DTR[LVK],D16DTR[LVK],B16SHT[LWC],D16SHT[LWC],B16DTE[LWQ],B16DTH[LVL],D16DTH[LVL],D16DTN[LVL],B16DTU[LWV],B16DTR[LVK],D16DTR[LVK],D16DTI[LXO],",
    "range": "",
    "qty": "1",
    "positions": [],
    "reach": [],
    "history": []
  },
  {
    "call": "4",
    "part": "39089203",
    "desc": "DEFLECTOR,RH (EXCEPT RPO WDH,OPC/VXR LINE PACK - EXCEPT HOLDEN)",
    "usage": "B14XE[LV7],B14XFL[LE2],D14XFL[LE2],B14XFT[LE2],D14XFT[LE2],B14XNT[LFE],D14XNT[LFE],B16SHT[LWC],D16SHT[LWC],B16DTE[LWQ],B16DTH[LVL],D16DTH[LVL],D16DTN[LVL],B16DTR[LVK],D16DTR[LVK]",
    "range": "",
    "qty": "1",
    "positions": [],
    "reach": [],
    "history": []
  },
  {
    "call": "4",
    "part": "13485919",
    "desc": "DEFLECTOR,RH (EASYTRONIC TRANSMISSION - EXCEPT RPO WDH,OPC/VXR LINE PACK - EXCEPT HOLDEN - NLS.- USE 39089206)",
    "usage": "B10XFL[LE1]",
    "range": "",
    "qty": "1",
    "positions": [],
    "reach": [],
    "history": []
  },
  {
    "call": "4",
    "part": "39089206",
    "desc": "DEFLECTOR,RH (EASYTRONIC TRANSMISSION - EXCEPT RPO WDH,OPC/VXR LINE PACK - EXCEPT HOLDEN)",
    "usage": "B10XFL[LE1]",
    "range": "",
    "qty": "1",
    "positions": [],
    "reach": [],
    "history": []
  },
  {
    "call": "4",
    "part": "13485919",
    "desc": "DEFLECTOR,RH (EXCEPT RPO WDH,OPC/VXR LINE PACK - EXCEPT HOLDEN - NLS.- USE 39089206)",
    "usage": "B16DTU[LWV],D16DTN[LXO]",
    "range": "",
    "qty": "1",
    "positions": [],
    "reach": [],
    "history": []
  },
  {
    "call": "4",
    "part": "39089206",
    "desc": "DEFLECTOR,RH (EXCEPT RPO WDH,OPC/VXR LINE PACK - EXCEPT HOLDEN)",
    "usage": "B16DTU[LWV],D16DTN[LXO]",
    "range": "",
    "qty": "1",
    "positions": [],
    "reach": [],
    "history": []
  },
  {
    "call": "4",
    "part": "13466395",
    "desc": "DEFLECTOR,RH (OPC,VXR,LINE PACK RPO WDH - EXCEPT HOLDEN)",
    "usage": "",
    "range": "",
    "qty": "1",
    "positions": [],
    "reach": [],
    "history": []
  },
  {
    "call": "4",
    "part": "13466395",
    "desc": "DEFLECTOR,RH (HOLDEN)",
    "usage": "",
    "range": "",
    "qty": "1",
    "positions": [],
    "reach": [],
    "history": []
  },
  {
    "call": "4",
    "part": "39089203",
    "desc": "DEFLECTOR,RH (HOLDEN - FOR MODEL CONVERSION R,RPO N9F)",
    "usage": "B14XFL[LE2],D14XFL[LE2],B14XFT[LE2],D14XFT[LE2],B16SHT[LWC],D16SHT[LWC]",
    "range": "",
    "qty": "1",
    "positions": [],
    "reach": [],
    "history": []
  },
  {
    "call": "5",
    "part": "90087290",
    "desc": "RIVET,EXPANDING (NLS.- USE YQ00125980)",
    "usage": "",
    "range": "",
    "qty": "AR",
    "positions": [
      {
        "x": 0.16666666666666666,
        "y": 0.9445951448448152
      }
    ],
    "reach": [],
    "history": []
  },
  {
    "call": "6",
    "part": "13423599",
    "desc": "FLAP,TOWING LUG (EXCEPT RPO WDH,OPC/VXR LINE PACK - EXCEPT HOLDEN)",
    "usage": "",
    "range": "",
    "qty": "1",
    "positions": [
      {
        "x": 0.027891156462585033,
        "y": 0.3939387679145398
      }
    ],
    "reach": [],
    "history": []
  },
  {
    "call": "6",
    "part": "39086935",
    "desc": "FLAP,TOWING LUG (OPC,VXR,LINE PACK RPO WDH - EXCEPT HOLDEN)",
    "usage": "",
    "range": "",
    "qty": "1",
    "positions": [],
    "reach": [],
    "history": []
  },
  {
    "call": "6",
    "part": "39086935",
    "desc": "FLAP,TOWING LUG (HOLDEN)",
    "usage": "",
    "range": "",
    "qty": "1",
    "positions": [],
    "reach": [],
    "history": []
  },
  {
    "call": "7",
    "part": "13423601",
    "desc": "EXTENSION (EXCEPT RPO WDH,OPC/VXR LINE PACK - EXCEPT HOLDEN - NLS.- USE 39086928)",
    "usage": "",
    "range": "",
    "qty": "1",
    "positions": [
      {
        "x": 0.501360544217687,
        "y": 0.8081281296925296
      }
    ],
    "reach": [],
    "history": []
  },
  {
    "call": "7",
    "part": "39086928",
    "desc": "EXTENSION (EXCEPT RPO WDH,OPC/VXR LINE PACK - EXCEPT HOLDEN)",
    "usage": "",
    "range": "",
    "qty": "1",
    "positions": [],
    "reach": [],
    "history": []
  },
  {
    "call": "7",
    "part": "13464740",
    "desc": "EXTENSION (OPC,VXR,LINE PACK RPO WDH - EXCEPT HOLDEN - NLS.- USE 39094806)",
    "usage": "",
    "range": "",
    "qty": "1",
    "positions": [],
    "reach": [],
    "history": []
  },
  {
    "call": "7",
    "part": "39094806",
    "desc": "EXTENSION (OPC,VXR,LINE PACK RPO WDH - EXCEPT HOLDEN - NLS.- USE 39131751)",
    "usage": "",
    "range": "",
    "qty": "1",
    "positions": [],
    "reach": [],
    "history": []
  },
  {
    "call": "7",
    "part": "39131751",
    "desc": "EXTENSION (OPC,VXR,LINE PACK RPO WDH - EXCEPT HOLDEN)",
    "usage": "",
    "range": "",
    "qty": "1",
    "positions": [],
    "reach": [],
    "history": []
  },
  {
    "call": "7",
    "part": "13464740",
    "desc": "EXTENSION (HOLDEN - NLS.- USE 39094806)",
    "usage": "",
    "range": "",
    "qty": "1",
    "positions": [],
    "reach": [],
    "history": []
  },
  {
    "call": "7",
    "part": "39094806",
    "desc": "EXTENSION (HOLDEN - NLS.- USE 39131751)",
    "usage": "",
    "range": "",
    "qty": "1",
    "positions": [],
    "reach": [],
    "history": []
  },
  {
    "call": "7",
    "part": "39131751",
    "desc": "EXTENSION (HOLDEN)",
    "usage": "",
    "range": "",
    "qty": "1",
    "positions": [],
    "reach": [],
    "history": []
  },
  {
    "call": "8",
    "part": "90087290",
    "desc": "RIVET,EXPANDING (NLS.- USE YQ00125980)",
    "usage": "",
    "range": "",
    "qty": "AR",
    "positions": [
      {
        "x": 0.16666666666666666,
        "y": 0.8368580276193265
      }
    ],
    "reach": [],
    "history": []
  },
  {
    "call": "9",
    "part": "20931378",
    "desc": "SCREW,TORX,M5 X 20",
    "usage": "",
    "range": "",
    "qty": "AR",
    "positions": [
      {
        "x": 0.33129251700680273,
        "y": 0.8368580276193265
      }
    ],
    "reach": [],
    "history": []
  },
  {
    "call": "10",
    "part": "11570498",
    "desc": "SCREW,HEX.HD.,WITH WASHER,4.2 X 20 (NLS.- USE YQ00155980)",
    "usage": "",
    "range": "",
    "qty": "AR",
    "positions": [
      {
        "x": 0.5054421768707483,
        "y": 0.8775587163489555
      }
    ],
    "reach": [],
    "history": []
  },
  {
    "call": "11",
    "part": "11611806",
    "desc": "NUT",
    "usage": "",
    "range": "",
    "qty": "AR",
    "positions": [
      {
        "x": 0.5027210884353741,
        "y": 0.7578508083206348
      }
    ],
    "reach": [],
    "history": []
  },
  {
    "call": "12",
    "part": "11612035",
    "desc": "RIVET (NLS.- USE YR00126180)",
    "usage": "",
    "range": "",
    "qty": "AR",
    "positions": [
      {
        "x": 0.501360544217687,
        "y": 0.8356609485390433
      }
    ],
    "reach": [],
    "history": []
  },
  {
    "call": "13",
    "part": "11570637",
    "desc": "SCREW,TORX (NLS.- USE YR00280680)",
    "usage": "",
    "range": "",
    "qty": "AR",
    "positions": [
      {
        "x": 0.680952380952381,
        "y": 0.47414306629351466
      }
    ],
    "reach": [],
    "history": []
  },
  {
    "call": "14",
    "part": "11516397",
    "desc": "NUT,M4.2 (NLS.- USE 95530322)",
    "usage": "",
    "range": "",
    "qty": "AR",
    "positions": [
      {
        "x": 0.6374149659863946,
        "y": 0.47414306629351466
      }
    ],
    "reach": [],
    "history": []
  },
  {
    "call": "15",
    "part": "11589011",
    "desc": "SCREW,HEX.HD.,WITH WASHER,M4.2 X 16",
    "usage": "",
    "range": "",
    "qty": "AR",
    "positions": [
      {
        "x": 0.24829931972789115,
        "y": 0.2215593803537579
      }
    ],
    "reach": [],
    "history": []
  },
  {
    "call": "16",
    "part": "13423600",
    "desc": "ABSORBER,IMPACT (NLS.- USE 39015887)",
    "usage": "",
    "range": "",
    "qty": "",
    "positions": [
      {
        "x": 0.44013605442176873,
        "y": 0.2215593803537579
      }
    ],
    "reach": [],
    "history": []
  },
  {
    "call": "16",
    "part": "39015887",
    "desc": "ABSORBER,IMPACT",
    "usage": "",
    "range": "",
    "qty": "",
    "positions": [],
    "reach": [],
    "history": []
  },
  {
    "call": "17",
    "part": "13423700",
    "desc": "BRACKET,RH (NLS.- USE 39058201)",
    "usage": "",
    "range": "",
    "qty": "1",
    "positions": [
      {
        "x": 0.8510204081632653,
        "y": 0.3185227858566977
      }
    ],
    "reach": [],
    "history": []
  },
  {
    "call": "17",
    "part": "39058201",
    "desc": "BRACKET,RH",
    "usage": "",
    "range": "",
    "qty": "1",
    "positions": [],
    "reach": [],
    "history": []
  },
  {
    "call": "17",
    "part": "13423698",
    "desc": "BRACKET,LH (NLS.- USE 39058200)",
    "usage": "",
    "range": "",
    "qty": "1",
    "positions": [],
    "reach": [],
    "history": []
  },
  {
    "call": "17",
    "part": "39058200",
    "desc": "BRACKET,LH",
    "usage": "",
    "range": "",
    "qty": "1",
    "positions": [],
    "reach": [],
    "history": []
  },
  {
    "call": "18",
    "part": "13356713",
    "desc": "RIVET,BLIND,STEEL (NLS.- USE YQ00155580)",
    "usage": "5 DOOR HATCH 68",
    "range": "",
    "qty": "6",
    "positions": [
      {
        "x": 0.7517006802721088,
        "y": 0.3185227858566977
      }
    ],
    "reach": [],
    "history": []
  },
  {
    "call": "19",
    "part": "13464007",
    "desc": "GUIDE,RH (NLS.- USE 39020431, 39020435)",
    "usage": "",
    "range": "(C)      -G8044886\n(C)      -GG040456",
    "qty": "1",
    "positions": [
      {
        "x": 0.07414965986394557,
        "y": 0.08030404888033944
      }
    ],
    "reach": [],
    "history": []
  },
  {
    "call": "19",
    "part": "13464006",
    "desc": "GUIDE,LH (NLS.- USE 39020430, 39020434)",
    "usage": "",
    "range": "(C)      -G8044886\n(C)      -GG040456",
    "qty": "1",
    "positions": [],
    "reach": [],
    "history": []
  },
  {
    "call": "19",
    "part": "39020431",
    "desc": "GUIDE,RH (NLS.- USE 39086896)",
    "usage": "",
    "range": "(C)  G8044887-\n(C)  GG040457-",
    "qty": "1",
    "positions": [],
    "reach": [],
    "history": []
  },
  {
    "call": "19",
    "part": "39086896",
    "desc": "GUIDE,RH",
    "usage": "",
    "range": "(C)  G8044887-\n(C)  GG040457-",
    "qty": "1",
    "positions": [],
    "reach": [],
    "history": []
  },
  {
    "call": "19",
    "part": "39020430",
    "desc": "GUIDE,LH (NLS.- USE 39086895)",
    "usage": "",
    "range": "(C)  G8044887-\n(C)  GG040457-",
    "qty": "1",
    "positions": [],
    "reach": [],
    "history": []
  },
  {
    "call": "19",
    "part": "39086895",
    "desc": "GUIDE,LH",
    "usage": "",
    "range": "(C)  G8044887-\n(C)  GG040457-",
    "qty": "1",
    "positions": [],
    "reach": [],
    "history": []
  },
  {
    "call": "20",
    "part": "39020435",
    "desc": "BRACKET,SIDE,RH (NLS.- USE 39086892)",
    "usage": "",
    "range": "(C)  G8044887-\n(C)  GG040457-",
    "qty": "1",
    "positions": [
      {
        "x": 0.0782312925170068,
        "y": 0.01925301578589586
      }
    ],
    "reach": [],
    "history": []
  },
  {
    "call": "20",
    "part": "39086892",
    "desc": "BRACKET,SIDE,RH",
    "usage": "",
    "range": "(C)  G8044887-\n(C)  GG040457-",
    "qty": "1",
    "positions": [],
    "reach": [],
    "history": []
  },
  {
    "call": "20",
    "part": "39020434",
    "desc": "BRACKET,SIDE,LH (NLS.- USE 39086891)",
    "usage": "",
    "range": "(C)  G8044887-\n(C)  GG040457-",
    "qty": "1",
    "positions": [],
    "reach": [],
    "history": []
  },
  {
    "call": "20",
    "part": "39086891",
    "desc": "BRACKET,SIDE,LH",
    "usage": "",
    "range": "(C)  G8044887-\n(C)  GG040457-",
    "qty": "1",
    "positions": [],
    "reach": [],
    "history": []
  },
  {
    "call": "21",
    "part": "11516397",
    "desc": "NUT,M4.2 (NLS.- USE 95530322)",
    "usage": "",
    "range": "",
    "qty": "2",
    "positions": [
      {
        "x": 0.21020408163265306,
        "y": 0.11621642128883566
      }
    ],
    "reach": [],
    "history": []
  },
  {
    "call": "22",
    "part": "11609952",
    "desc": "NUT,M4.2 (NLS.- USE YQ00109480)",
    "usage": "",
    "range": "",
    "qty": "6",
    "positions": [
      {
        "x": 0.06870748299319727,
        "y": 0.11501934220855245
      }
    ],
    "reach": [],
    "history": []
  },
  {
    "call": "23",
    "part": "11589015",
    "desc": "SCREW,HEX.HD.,WITH WASHER,M4.2 X 20 (NLS.- USE YQ00133880)",
    "usage": "",
    "range": "",
    "qty": "6",
    "positions": [
      {
        "x": 0.19659863945578232,
        "y": 0.20001195690866017
      }
    ],
    "reach": [],
    "history": []
  },
  {
    "call": "24",
    "part": "13469588",
    "desc": "INSERT,RH (EXCEPT FRONT FOGLAMPS - EXCEPT RPO WDH,OPC/VXR LINE PACK - EXCEPT HOLDEN)",
    "usage": "",
    "range": "",
    "qty": "1",
    "positions": [
      {
        "x": 0.5040816326530613,
        "y": 0.5770918671978705
      }
    ],
    "reach": [],
    "history": []
  },
  {
    "call": "24",
    "part": "13469587",
    "desc": "INSERT,LH (EXCEPT FRONT FOGLAMPS - EXCEPT RPO WDH,OPC/VXR LINE PACK - EXCEPT HOLDEN)",
    "usage": "",
    "range": "",
    "qty": "1",
    "positions": [],
    "reach": [],
    "history": []
  },
  {
    "call": "25",
    "part": "39022454",
    "desc": "INSERT,RH (OPC,VXR,LINE PACK RPO WDH - EXCEPT HOLDEN - NLS.- USE 39096737)",
    "usage": "",
    "range": "",
    "qty": "1",
    "positions": [
      {
        "x": 0.5068027210884354,
        "y": 0.6944056170656249
      }
    ],
    "reach": [],
    "history": []
  },
  {
    "call": "25",
    "part": "39096737",
    "desc": "INSERT,RH (OPC,VXR,LINE PACK RPO WDH - EXCEPT HOLDEN)",
    "usage": "",
    "range": "",
    "qty": "1",
    "positions": [],
    "reach": [],
    "history": []
  },
  {
    "call": "25",
    "part": "39022454",
    "desc": "INSERT,RH (HOLDEN - NLS.- USE 39096737)",
    "usage": "",
    "range": "",
    "qty": "1",
    "positions": [],
    "reach": [],
    "history": []
  },
  {
    "call": "25",
    "part": "39096737",
    "desc": "INSERT,RH (HOLDEN)",
    "usage": "",
    "range": "",
    "qty": "1",
    "positions": [],
    "reach": [],
    "history": []
  },
  {
    "call": "25",
    "part": "39022455",
    "desc": "INSERT,LH (OPC,VXR,LINE PACK RPO WDH - EXCEPT HOLDEN - NLS.- USE 39096738)",
    "usage": "",
    "range": "",
    "qty": "1",
    "positions": [],
    "reach": [],
    "history": []
  },
  {
    "call": "25",
    "part": "39096738",
    "desc": "INSERT,LH (OPC,VXR,LINE PACK RPO WDH - EXCEPT HOLDEN)",
    "usage": "",
    "range": "",
    "qty": "1",
    "positions": [],
    "reach": [],
    "history": []
  },
  {
    "call": "25",
    "part": "39022455",
    "desc": "INSERT,LH (HOLDEN - NLS.- USE 39096738)",
    "usage": "",
    "range": "",
    "qty": "1",
    "positions": [],
    "reach": [],
    "history": []
  },
  {
    "call": "25",
    "part": "39096738",
    "desc": "INSERT,LH (HOLDEN)",
    "usage": "",
    "range": "",
    "qty": "1",
    "positions": [],
    "reach": [],
    "history": []
  },
  {
    "call": "26",
    "part": "13481998",
    "desc": "INSERT,RH (FOR FRONT FOGLAMPS)",
    "usage": "",
    "range": "",
    "qty": "1",
    "positions": [
      {
        "x": 0.5040816326530613,
        "y": 0.6393399793725973
      }
    ],
    "reach": [],
    "history": []
  },
  {
    "call": "26",
    "part": "13481997",
    "desc": "INSERT,LH (FOR FRONT FOGLAMPS)",
    "usage": "",
    "range": "",
    "qty": "1",
    "positions": [],
    "reach": [],
    "history": []
  }
]