[
  {
    "call": "5",
    "part": "95599005",
    "desc": "PAINT,AEROSOL SPRAY,LITHIUM WHITE (3 COAT) (PAINT CODE US 800J) (NLS.- NO REPLACEMENT PART)",
    "usage": "",
    "range": "",
    "qty": "AR",
    "positions": [
      {
        "x": 1292,
        "y": 1306
      }
    ],
    "reach": [],
    "history": []
  },
  {
    "call": "5",
    "part": "95599217",
    "desc": "PAINT,AEROSOL SPRAY,SNOWFLAKE WHITE (3 COAT)",
    "usage": "",
    "range": "",
    "qty": "AR",
    "positions": [],
    "reach": [],
    "history": []
  },
  {
    "call": "5",
    "part": "95599716",
    "desc": "PAINT,AEROSOL SPRAY,ABALONE WHITE (3 COAT)",
    "usage": "",
    "range": "",
    "qty": "AR",
    "positions": [],
    "reach": [],
    "history": []
  },
  {
    "call": "5",
    "part": "95599837",
    "desc": "PAINT,AEROSOL SPRAY,GLORY RED (3 COAT) (PAINT CODE WA-434B)",
    "usage": "",
    "range": "",
    "qty": "AR",
    "positions": [],
    "reach": [],
    "history": []
  }
]