[
  {
    "call": "6",
    "part": "95599039",
    "desc": "FOIL (STAR SILVER III) (OP157) (NLS.- NO REPLACEMENT PART)",
    "usage": "",
    "range": "",
    "qty": "1",
    "positions": [
      {
        "x": 1732,
        "y": 2220
      }
    ],
    "reach": [],
    "history": []
  },
  {
    "call": "6",
    "part": "95599040",
    "desc": "FOIL (BLACK SAPPHIRE) (OP-20R) (NLS.- NO REPLACEMENT PART)",
    "usage": "",
    "range": "",
    "qty": "1",
    "positions": [],
    "reach": [],
    "history": []
  },
  {
    "call": "6",
    "part": "95599041",
    "desc": "FOIL (SILVER LIGHTNING) (OP-163) (NLS.- NO REPLACEMENT PART)",
    "usage": "",
    "range": "",
    "qty": "1",
    "positions": [],
    "reach": [],
    "history": []
  },
  {
    "call": "6",
    "part": "95599042",
    "desc": "FOIL (TECHNICAL GREY) (OP-177) (NLS.- NO REPLACEMENT PART)",
    "usage": "",
    "range": "",
    "qty": "1",
    "positions": [],
    "reach": [],
    "history": []
  },
  {
    "call": "6",
    "part": "95599043",
    "desc": "FOIL (OP-168) (METRO BLUE) (NLS.- NO REPLACEMENT PART)",
    "usage": "",
    "range": "",
    "qty": "1",
    "positions": [],
    "reach": [],
    "history": []
  },
  {
    "call": "6",
    "part": "95599045",
    "desc": "FOIL,SWITCHBLADE SILVER,SOVEREIGN SILVER (OP-176) (NLS.- NO REPLACEMENT PART)",
    "usage": "",
    "range": "",
    "qty": "1",
    "positions": [],
    "reach": [],
    "history": []
  },
  {
    "call": "6",
    "part": "95599046",
    "desc": "FOIL (ULTRA BLUE) (OP-21B) (NLS.- NO REPLACEMENT PART)",
    "usage": "",
    "range": "",
    "qty": "1",
    "positions": [],
    "reach": [],
    "history": []
  },
  {
    "call": "6",
    "part": "95599047",
    "desc": "FOIL (PANNACOTTA) (OP-167) (NLS.- NO REPLACEMENT PART)",
    "usage": "",
    "range": "",
    "qty": "1",
    "positions": [],
    "reach": [],
    "history": []
  },
  {
    "call": "6",
    "part": "95599048",
    "desc": "FOIL (CARBON FLASH) (OP-22C) (NLS.- NO REPLACEMENT PART)",
    "usage": "",
    "range": "",
    "qty": "1",
    "positions": [],
    "reach": [],
    "history": []
  }
]