[
  {
    "call": "1",
    "part": "9194281",
    "desc": "PAINT,TOUCH-UP,ARUBA BLUE (PAINT CODE 20A) (NLS.- USE 9200256 17 66 008)",
    "usage": "",
    "range": "",
    "qty": "AR",
    "positions": [
      {
        "x": 531,
        "y": 49
      }
    ],
    "reach": [],
    "history": []
  },
  {
    "call": "1",
    "part": "93170377",
    "desc": "PAINT,TOUCH-UP,INK BLUE (PAINT CODE 20P)",
    "usage": "",
    "range": "",
    "qty": "AR",
    "positions": [],
    "reach": [],
    "history": []
  },
  {
    "call": "1",
    "part": "93165170",
    "desc": "PAINT,TOUCH-UP,ATLANTIS BLUE (PAINT CODE 21G) (NLS.- NO REPLACEMENT PART)",
    "usage": "",
    "range": "",
    "qty": "AR",
    "positions": [],
    "reach": [],
    "history": []
  },
  {
    "call": "1",
    "part": "9200156",
    "desc": "PAINT,TOUCH-UP,CORN YELLOW (PAINT CODE 40A) (NLS.- USE 9200153 17 66 006)",
    "usage": "",
    "range": "",
    "qty": "AR",
    "positions": [],
    "reach": [],
    "history": []
  },
  {
    "call": "1",
    "part": "93160540",
    "desc": "PAINT,TOUCH-UP,MOSS GREEN (PAINT CODE D90) (NLS.- NO REPLACEMENT PART)",
    "usage": "",
    "range": "",
    "qty": "AR",
    "positions": [],
    "reach": [],
    "history": []
  },
  {
    "call": "1",
    "part": "93160409",
    "desc": "PAINT,TOUCH-UP,ORANGE,MANDARIN ORANGE (PAINT CODE L031) (PAINT CODE 99U/031) (NLS.- NO REPLACEMENT PART)",
    "usage": "",
    "range": "",
    "qty": "AR",
    "positions": [],
    "reach": [],
    "history": []
  },
  {
    "call": "1",
    "part": "90166872",
    "desc": "PAINT,TOUCH-UP,MOCCA BROWN (PAINT CODE L431) (NLS.- NO REPLACEMENT PART)",
    "usage": "",
    "range": "",
    "qty": "AR",
    "positions": [],
    "reach": [],
    "history": []
  },
  {
    "call": "1",
    "part": "90020751",
    "desc": "PAINT,TOUCH-UP,PASTEL BEIGE (PAINT CODE L449) (NLS.- NO REPLACEMENT PART)",
    "usage": "",
    "range": "",
    "qty": "AR",
    "positions": [],
    "reach": [],
    "history": []
  },
  {
    "call": "1",
    "part": "9117124",
    "desc": "PAINT,TOUCH-UP,POLAR WHITE (PAINT CODE L452) (NLS.- NO REPLACEMENT PART)",
    "usage": "",
    "range": "",
    "qty": "AR",
    "positions": [],
    "reach": [],
    "history": []
  },
  {
    "call": "1",
    "part": "93160423",
    "desc": "PAINT,TOUCH-UP,COBALT BLUE (PAINT CODE L460) (NLS.- NO REPLACEMENT PART)",
    "usage": "",
    "range": "",
    "qty": "AR",
    "positions": [],
    "reach": [],
    "history": []
  },
  {
    "call": "1",
    "part": "90016457",
    "desc": "PAINT,TOUCH-UP,JAMAICA YELLOW (PAINT CODE L462) (NLS.- NO REPLACEMENT PART)",
    "usage": "",
    "range": "",
    "qty": "AR",
    "positions": [],
    "reach": [],
    "history": []
  },
  {
    "call": "1",
    "part": "90007678",
    "desc": "PAINT,TOUCH-UP,ALMOND BROWN (PAINT CODE L465) (NLS.- NO REPLACEMENT PART)",
    "usage": "",
    "range": "",
    "qty": "AR",
    "positions": [],
    "reach": [],
    "history": []
  },
  {
    "call": "1",
    "part": "90007679",
    "desc": "PAINT,TOUCH-UP,TEAK BROWN (PAINT CODE L466) (NLS.- NO REPLACEMENT PART)",
    "usage": "",
    "range": "",
    "qty": "AR",
    "positions": [],
    "reach": [],
    "history": []
  },
  {
    "call": "1",
    "part": "90272309",
    "desc": "PAINT,TOUCH-UP,BRONZE BROWN (PAINT CODE L471) (NLS.- NO REPLACEMENT PART)",
    "usage": "",
    "range": "",
    "qty": "AR",
    "positions": [],
    "reach": [],
    "history": []
  },
  {
    "call": "1",
    "part": "9117007",
    "desc": "PAINT,TOUCH-UP,GLACIER WHITE (PAINT CODE L474)",
    "usage": "",
    "range": "",
    "qty": "AR",
    "positions": [],
    "reach": [],
    "history": []
  },
  {
    "call": "1",
    "part": "9117007",
    "desc": "PAINT,TOUCH-UP,SATURDAY WHITE FEVER (PAINT CODE L474)",
    "usage": "",
    "range": "",
    "qty": "AR",
    "positions": [],
    "reach": [],
    "history": []
  },
  {
    "call": "1",
    "part": "90350306",
    "desc": "PAINT,TOUCH-UP,MARBLE BEIGE (PAINT CODE L477) (NLS.- NO REPLACEMENT PART)",
    "usage": "",
    "range": "",
    "qty": "AR",
    "positions": [],
    "reach": [],
    "history": []
  },
  {
    "call": "1",
    "part": "9118097",
    "desc": "PAINT,TOUCH-UP,TUNISIA YELLOW (PAINT CODE L478) (NLS.- NO REPLACEMENT PART)",
    "usage": "",
    "range": "",
    "qty": "AR",
    "positions": [],
    "reach": [],
    "history": []
  },
  {
    "call": "1",
    "part": "90510272",
    "desc": "PAINT,TOUCH-UP,LEMON YELLOW (PAINT CODE L481) (NLS.- USE 9117062 67 72 481)",
    "usage": "",
    "range": "",
    "qty": "AR",
    "positions": [],
    "reach": [],
    "history": []
  },
  {
    "call": "1",
    "part": "9117025",
    "desc": "PAINT,TOUCH-UP,PINEAPPLE YELLOW (PAINT CODE L485)",
    "usage": "",
    "range": "",
    "qty": "AR",
    "positions": [],
    "reach": [],
    "history": []
  },
  {
    "call": "1",
    "part": "90001596",
    "desc": "PAINT,TOUCH-UP,ROYAL RED (PAINT CODE L501) (NLS.- NO REPLACEMENT PART)",
    "usage": "",
    "range": "",
    "qty": "AR",
    "positions": [],
    "reach": [],
    "history": []
  },
  {
    "call": "1",
    "part": "90001637",
    "desc": "PAINT,TOUCH-UP,ORANGE (PAINT CODE L512) (NLS.- NO REPLACEMENT PART)",
    "usage": "",
    "range": "",
    "qty": "AR",
    "positions": [],
    "reach": [],
    "history": []
  },
  {
    "call": "1",
    "part": "9117221",
    "desc": "PAINT,TOUCH-UP,POLAR WHITE (US-CODE 9753) (NLS.- NO REPLACEMENT PART)",
    "usage": "",
    "range": "",
    "qty": "AR",
    "positions": [],
    "reach": [],
    "history": []
  },
  {
    "call": "1",
    "part": "90093706",
    "desc": "PAINT,TOUCH-UP,ENGLISH RED (PAINT CODE L532) (NLS.- NO REPLACEMENT PART)",
    "usage": "",
    "range": "",
    "qty": "AR",
    "positions": [],
    "reach": [],
    "history": []
  },
  {
    "call": "1",
    "part": "90141782",
    "desc": "PAINT,TOUCH-UP,CRIMSON RED (PAINT CODE L535) (NLS.- USE 9117126 67 72 535 )",
    "usage": "",
    "range": "",
    "qty": "AR",
    "positions": [],
    "reach": [],
    "history": []
  },
  {
    "call": "1",
    "part": "90141783",
    "desc": "PAINT,TOUCH-UP,HENNA RED (PAINT CODE L536) (NLS.- NO REPLACEMENT PART)",
    "usage": "",
    "range": "",
    "qty": "AR",
    "positions": [],
    "reach": [],
    "history": []
  },
  {
    "call": "1",
    "part": "90188232",
    "desc": "PAINT,TOUCH-UP,ALMANDIN RED (PAINT CODE L537) (NLS.- USE 9118098 67 72 537)",
    "usage": "",
    "range": "",
    "qty": "AR",
    "positions": [],
    "reach": [],
    "history": []
  },
  {
    "call": "1",
    "part": "9117127",
    "desc": "PAINT,TOUCH-UP,MEXICO RED (PAINT CODE L539) (NLS.- NO REPLACEMENT PART)",
    "usage": "",
    "range": "",
    "qty": "AR",
    "positions": [],
    "reach": [],
    "history": []
  },
  {
    "call": "1",
    "part": "9117040",
    "desc": "PAINT,TOUCH-UP,FLAME RED,MAGMA RED (PAINT CODE L547) (NLS.- NO REPLACEMENT PART)",
    "usage": "",
    "range": "",
    "qty": "AR",
    "positions": [],
    "reach": [],
    "history": []
  },
  {
    "call": "1",
    "part": "9117039",
    "desc": "PAINT,TOUCH-UP,TOSCANA RED (PAINT CODE L567)",
    "usage": "",
    "range": "",
    "qty": "AR",
    "positions": [],
    "reach": [],
    "history": []
  },
  {
    "call": "1",
    "part": "90487275",
    "desc": "PAINT,TOUCH-UP,FLORENTINA RED (PAINT CODE L569) (NLS.- USE 9117238 67 72 569)",
    "usage": "",
    "range": "",
    "qty": "AR",
    "positions": [],
    "reach": [],
    "history": []
  },
  {
    "call": "1",
    "part": "9117038",
    "desc": "PAINT,TOUCH-UP,TIZIAN RED (PAINT CODE L573) (NLS.- NO REPLACEMENT PART)",
    "usage": "",
    "range": "",
    "qty": "AR",
    "positions": [],
    "reach": [],
    "history": []
  },
  {
    "call": "1",
    "part": "9117056",
    "desc": "PAINT,TOUCH-UP,APRICOT (PAINT CODE L580) (NLS.- NO REPLACEMENT PART)",
    "usage": "",
    "range": "",
    "qty": "AR",
    "positions": [],
    "reach": [],
    "history": []
  },
  {
    "call": "1",
    "part": "93165125",
    "desc": "PAINT,TOUCH-UP,YELLOW PUNCH (PAINT CODE 40K) (NLS.- NO REPLACEMENT PART)",
    "usage": "",
    "range": "",
    "qty": "AR",
    "positions": [],
    "reach": [],
    "history": []
  },
  {
    "call": "1",
    "part": "9118101",
    "desc": "PAINT,TOUCH-UP,LIGHT IVORY (PAINT CODE L611)",
    "usage": "",
    "range": "",
    "qty": "AR",
    "positions": [],
    "reach": [],
    "history": []
  },
  {
    "call": "1",
    "part": "9117239",
    "desc": "PAINT,TOUCH-UP,SOLAR YELLOW II (PAINT CODE L631)",
    "usage": "",
    "range": "",
    "qty": "AR",
    "positions": [],
    "reach": [],
    "history": []
  },
  {
    "call": "1",
    "part": "93160417",
    "desc": "PAINT,TOUCH-UP,POPPY RED (PAINT CODE L719) (NLS.- NO REPLACEMENT PART)",
    "usage": "",
    "range": "",
    "qty": "AR",
    "positions": [],
    "reach": [],
    "history": []
  },
  {
    "call": "1",
    "part": "9118193",
    "desc": "PAINT,TOUCH-UP,MARINA BLUE (PAINT CODE L722) (NLS.- NO REPLACEMENT PART)",
    "usage": "",
    "range": "",
    "qty": "AR",
    "positions": [],
    "reach": [],
    "history": []
  },
  {
    "call": "1",
    "part": "90511208",
    "desc": "PAINT,TOUCH-UP,PERSIAN ROSE (PAINT CODE L822) (NLS.- NO REPLACEMENT PART)",
    "usage": "",
    "range": "",
    "qty": "AR",
    "positions": [],
    "reach": [],
    "history": []
  },
  {
    "call": "1",
    "part": "90511212",
    "desc": "PAINT,TOUCH-UP,EBONY BLACK (PAINT CODE L826) (NLS.- NO REPLACEMENT PART)",
    "usage": "",
    "range": "",
    "qty": "AR",
    "positions": [],
    "reach": [],
    "history": []
  },
  {
    "call": "1",
    "part": "90113093",
    "desc": "PAINT,TOUCH-UP,GAZELLE BEIGE (PAINT CODE L428) (NLS.- NO REPLACEMENT PART)",
    "usage": "",
    "range": "",
    "qty": "AR",
    "positions": [],
    "reach": [],
    "history": []
  },
  {
    "call": "1",
    "part": "9118085",
    "desc": "PAINT,TOUCH-UP,ENAMEL BLUE (PAINT CODE L255) (NLS.- NO REPLACEMENT PART)",
    "usage": "",
    "range": "",
    "qty": "AR",
    "positions": [],
    "reach": [],
    "history": []
  },
  {
    "call": "1",
    "part": "9193096",
    "desc": "PAINT,TOUCH-UP,ALPINE WHITE (PAINT CODE L877) (NLS.- NO REPLACEMENT PART)",
    "usage": "",
    "range": "",
    "qty": "AR",
    "positions": [],
    "reach": [],
    "history": []
  },
  {
    "call": "1",
    "part": "9117078",
    "desc": "PAINT,TOUCH-UP,SILVER (PAINT CODE L125) (NLS.- NO REPLACEMENT PART)",
    "usage": "",
    "range": "",
    "qty": "AR",
    "positions": [],
    "reach": [],
    "history": []
  },
  {
    "call": "1",
    "part": "93160425",
    "desc": "PAINT,TOUCH-UP,DUNE BEIGE (PAINT CODE L139) (NLS.- NO REPLACEMENT PART)",
    "usage": "",
    "range": "",
    "qty": "AR",
    "positions": [],
    "reach": [],
    "history": []
  },
  {
    "call": "1",
    "part": "9117041",
    "desc": "PAINT,TOUCH-UP,BLACK (PAINT CODE L200)",
    "usage": "",
    "range": "",
    "qty": "AR",
    "positions": [],
    "reach": [],
    "history": []
  },
  {
    "call": "1",
    "part": "9118081",
    "desc": "PAINT,TOUCH-UP,BLACK,MATT (PAINT CODE L229)",
    "usage": "",
    "range": "",
    "qty": "AR",
    "positions": [],
    "reach": [],
    "history": []
  },
  {
    "call": "1",
    "part": "90141207",
    "desc": "PAINT,TOUCH-UP,SMOKE BLUE (PAINT CODE L233) (NLS.- NO REPLACEMENT PART)",
    "usage": "",
    "range": "",
    "qty": "AR",
    "positions": [],
    "reach": [],
    "history": []
  },
  {
    "call": "1",
    "part": "90141211",
    "desc": "PAINT,TOUCH-UP,STRATOS BLUE (PAINT CODE L234) (NLS.- NO REPLACEMENT PART)",
    "usage": "",
    "range": "",
    "qty": "AR",
    "positions": [],
    "reach": [],
    "history": []
  },
  {
    "call": "1",
    "part": "90007677",
    "desc": "PAINT,TOUCH-UP,FJORD BLUE (PAINT CODE L247) (NLS.- USE 9118083 67 72 247 )",
    "usage": "",
    "range": "",
    "qty": "AR",
    "positions": [],
    "reach": [],
    "history": []
  },
  {
    "call": "1",
    "part": "93165198",
    "desc": "PAINT,TOUCH-UP,TERRA COTTA RED (PAINT CODE 50A) (NLS.- NO REPLACEMENT PART)",
    "usage": "",
    "range": "",
    "qty": "AR",
    "positions": [],
    "reach": [],
    "history": []
  },
  {
    "call": "1",
    "part": "90010339",
    "desc": "PAINT,TOUCH-UP,NAVY BLUE (PAINT CODE L251) (NLS.- USE 9117234 67 72 251)",
    "usage": "",
    "range": "",
    "qty": "AR",
    "positions": [],
    "reach": [],
    "history": []
  },
  {
    "call": "1",
    "part": "90271523",
    "desc": "PAINT,TOUCH-UP,BALTIC BLUE (PAINT CODE L252) (NLS.- NO REPLACEMENT PART)",
    "usage": "",
    "range": "",
    "qty": "AR",
    "positions": [],
    "reach": [],
    "history": []
  },
  {
    "call": "1",
    "part": "9117084",
    "desc": "PAINT,TOUCH-UP,NORDIC BLUE (PAINT CODE L253) (NLS.- NO REPLACEMENT PART)",
    "usage": "",
    "range": "",
    "qty": "AR",
    "positions": [],
    "reach": [],
    "history": []
  },
  {
    "call": "1",
    "part": "90272289",
    "desc": "PAINT,TOUCH-UP,ENAMEL BLUE (PAINT CODE L255) (NLS.- USE 9118085 67 72 255)",
    "usage": "",
    "range": "",
    "qty": "AR",
    "positions": [],
    "reach": [],
    "history": []
  },
  {
    "call": "1",
    "part": "9117086",
    "desc": "PAINT,TOUCH-UP,HALIT BLUE (PAINT CODE L259) (NLS.- NO REPLACEMENT PART)",
    "usage": "",
    "range": "",
    "qty": "AR",
    "positions": [],
    "reach": [],
    "history": []
  },
  {
    "call": "1",
    "part": "9118089",
    "desc": "PAINT,TOUCH-UP,PORTO BLUE (PAINT CODE L264) (NLS.- NO REPLACEMENT PART)",
    "usage": "",
    "range": "",
    "qty": "AR",
    "positions": [],
    "reach": [],
    "history": []
  },
  {
    "call": "1",
    "part": "9117015",
    "desc": "PAINT,TOUCH-UP,KINGS BLUE (PAINT CODE L269)",
    "usage": "",
    "range": "",
    "qty": "AR",
    "positions": [],
    "reach": [],
    "history": []
  },
  {
    "call": "1",
    "part": "90399210",
    "desc": "PAINT,TOUCH-UP,MIAMI BLUE (PAINT CODE L272) (NLS.- USE 9117058 67 72 272)",
    "usage": "",
    "range": "",
    "qty": "AR",
    "positions": [],
    "reach": [],
    "history": []
  },
  {
    "call": "1",
    "part": "9117091",
    "desc": "PAINT,TOUCH-UP,AQUAMARINE BLUE (PAINT CODE L275)",
    "usage": "",
    "range": "",
    "qty": "AR",
    "positions": [],
    "reach": [],
    "history": []
  },
  {
    "call": "1",
    "part": "9117072",
    "desc": "PAINT,TOUCH-UP,LIFESTYLE BLUE (PAINT CODE L276)",
    "usage": "",
    "range": "",
    "qty": "AR",
    "positions": [],
    "reach": [],
    "history": []
  },
  {
    "call": "1",
    "part": "9117093",
    "desc": "PAINT,TOUCH-UP,CARBON BLACK (PAINT CODE L280) (BERTONE)",
    "usage": "",
    "range": "",
    "qty": "AR",
    "positions": [],
    "reach": [],
    "history": []
  },
  {
    "call": "1",
    "part": "9117016",
    "desc": "PAINT,TOUCH-UP,ATLANTIS BLUE (PAINT CODE L285) (NLS.- NO REPLACEMENT PART)",
    "usage": "",
    "range": "",
    "qty": "AR",
    "positions": [],
    "reach": [],
    "history": []
  },
  {
    "call": "1",
    "part": "9117219",
    "desc": "PAINT,TOUCH-UP,CANYON RED (PAINT CODE L321) (NLS.- NO REPLACEMENT PART)",
    "usage": "",
    "range": "",
    "qty": "AR",
    "positions": [],
    "reach": [],
    "history": []
  },
  {
    "call": "1",
    "part": "90141779",
    "desc": "PAINT,TOUCH-UP,REED GREEN (PAINT CODE L340) (NLS.- USE 9118092 67 72 340)",
    "usage": "",
    "range": "",
    "qty": "AR",
    "positions": [],
    "reach": [],
    "history": []
  },
  {
    "call": "1",
    "part": "90010340",
    "desc": "PAINT,TOUCH-UP,OLIVE GREEN (PAINT CODE L346) (NLS.- USE 9117236 67 72 346)",
    "usage": "",
    "range": "",
    "qty": "AR",
    "positions": [],
    "reach": [],
    "history": []
  },
  {
    "call": "1",
    "part": "9117022",
    "desc": "PAINT,TOUCH-UP,MINT GREEN (PAINT CODE L361) (NLS.- NO REPLACEMENT PART)",
    "usage": "",
    "range": "",
    "qty": "AR",
    "positions": [],
    "reach": [],
    "history": []
  },
  {
    "call": "1",
    "part": "9118188",
    "desc": "PAINT,TOUCH-UP,APPLE GREEN (PAINT CODE L371)",
    "usage": "",
    "range": "",
    "qty": "AR",
    "positions": [],
    "reach": [],
    "history": []
  },
  {
    "call": "1",
    "part": "90543776",
    "desc": "PAINT,TOUCH-UP,FORREST GREEN (PAINT CODE L375/51U) (NLS.- NO REPLACEMENT PART)",
    "usage": "",
    "range": "",
    "qty": "AR",
    "positions": [],
    "reach": [],
    "history": []
  },
  {
    "call": "1",
    "part": "9194268",
    "desc": "PAINT,TOUCH-UP,MAMBA GREEN (PAINT CODE L379) (NLS.- NO REPLACEMENT PART)",
    "usage": "",
    "range": "",
    "qty": "AR",
    "positions": [],
    "reach": [],
    "history": []
  },
  {
    "call": "1",
    "part": "93160411",
    "desc": "PAINT,TOUCH-UP,ARCTIC WHITE (PAINT CODE L389) (NLS.- NO REPLACEMENT PART)",
    "usage": "",
    "range": "",
    "qty": "AR",
    "positions": [],
    "reach": [],
    "history": []
  },
  {
    "call": "1",
    "part": "93160413",
    "desc": "PAINT,TOUCH-UP,SAFFRON YELLOW (PAINT CODE L396) (NLS.- NO REPLACEMENT PART)",
    "usage": "",
    "range": "",
    "qty": "AR",
    "positions": [],
    "reach": [],
    "history": []
  },
  {
    "call": "1",
    "part": "93160415",
    "desc": "PAINT,TOUCH-UP,NORTH SEA BLUE (PAINT CODE L423) (NLS.- NO REPLACEMENT PART)",
    "usage": "",
    "range": "",
    "qty": "AR",
    "positions": [],
    "reach": [],
    "history": []
  },
  {
    "call": "1",
    "part": "9200145",
    "desc": "PAINT,TOUCH-UP,FIFTIES GREEN (PAINT CODE L386)",
    "usage": "",
    "range": "",
    "qty": "AR",
    "positions": [],
    "reach": [],
    "history": []
  }
]