[
  {
    "call": "1",
    "part": "(39024727)",
    "desc": "WINDSCREEN (EXCEPT RPO BS1,SOUND ACOUSTIC PACKAGE) (EXCEPT RPO CE1,RAIN SENSOR) (EXCEPT RPO UHX,FRONT CAMERA) (NLS.- USE 39080512)",
    "usage": "",
    "range": "(C)      -J8062854\n(C)      -JG102056",
    "qty": "1",
    "positions": [
      {
        "x": 1090,
        "y": 958
      }
    ],
    "reach": [],
    "history": []
  },
  {
    "call": "1",
    "part": "(39080512)",
    "desc": "WINDSCREEN (EXCEPT RPO BS1,SOUND ACOUSTIC PACKAGE) (EXCEPT RPO CE1,RAIN SENSOR) (EXCEPT RPO UHX,FRONT CAMERA) (NLS.- USE 39126239)",
    "usage": "",
    "range": "(C)      -J8062854\n(C)      -JG102056",
    "qty": "1",
    "positions": [],
    "reach": [],
    "history": []
  },
  {
    "call": "1",
    "part": "(39126239)",
    "desc": "WINDSCREEN (EXCEPT RPO BS1,SOUND ACOUSTIC PACKAGE) (EXCEPT RPO CE1,RAIN SENSOR) (EXCEPT RPO UHX,FRONT CAMERA) (NLS.- USE 39200046)",
    "usage": "",
    "range": "(C)      -J8062854\n(C)      -JG102056",
    "qty": "1",
    "positions": [],
    "reach": [],
    "history": []
  },
  {
    "call": "1",
    "part": "39200046",
    "desc": "WINDSCREEN (EXCEPT RPO BS1,SOUND ACOUSTIC PACKAGE) (EXCEPT RPO CE1,RAIN SENSOR) (EXCEPT RPO UHX,FRONT CAMERA)",
    "usage": "",
    "range": "(C)  J8062855-K8999999\n(C)  JG102057-KG999999",
    "qty": "1",
    "positions": [],
    "reach": [],
    "history": []
  },
  {
    "call": "1",
    "part": "39220167",
    "desc": "WINDSCREEN (EXCEPT RPO BS1,SOUND ACOUSTIC PACKAGE) (EXCEPT RPO CE1,RAIN SENSOR) (EXCEPT RPO UHX,FRONT CAMERA)",
    "usage": "",
    "range": "(C)  L8000001-\n(C)  LG000001-",
    "qty": "1",
    "positions": [],
    "reach": [],
    "history": []
  },
  {
    "call": "1",
    "part": "(39024734)",
    "desc": "WINDSCREEN (EXCEPT RPO CE1,RAIN SENSOR) (EXCEPT RPO UHX,FRONT CAMERA) (FOR SOUND ACOUSTIC PACKAGE,RPO BS1) (NLS.- USE 39080519)",
    "usage": "",
    "range": "(C)      -J8062854\n(C)      -JG102056",
    "qty": "1",
    "positions": [],
    "reach": [],
    "history": []
  },
  {
    "call": "1",
    "part": "39200060",
    "desc": "WINDSCREEN (EXCEPT RPO CE1,RAIN SENSOR) (EXCEPT RPO UHX,FRONT CAMERA) (FOR ACOUSTIC WINDSCREEN,RPO AHP)",
    "usage": "",
    "range": "(C)  J8062855-\n(C)  JG102057-",
    "qty": "1",
    "positions": [],
    "reach": [],
    "history": []
  },
  {
    "call": "1",
    "part": "(39024728)",
    "desc": "WINDSCREEN,LHD (EXCEPT RPO BS1,SOUND ACOUSTIC PACKAGE) (EXCEPT RPO UHX,FRONT CAMERA) (FOR RAIN SENSOR,RPO CE1) (NLS.- USE 39080513)",
    "usage": "",
    "range": "(C)      -J8062854\n(C)      -JG102056",
    "qty": "1",
    "positions": [],
    "reach": [],
    "history": []
  },
  {
    "call": "1",
    "part": "(39080513)",
    "desc": "WINDSCREEN,LHD (FOR RAIN SENSOR,RPO CE1) (EXCEPT RPO UHX,FRONT CAMERA) (EXCEPT RPO BS1,SOUND ACOUSTIC PACKAGE) (NLS.- USE 39126241)",
    "usage": "",
    "range": "(C)      -J8062854\n(C)      -JG102056",
    "qty": "1",
    "positions": [],
    "reach": [],
    "history": []
  },
  {
    "call": "1",
    "part": "39200048",
    "desc": "WINDSCREEN,LHD (EXCEPT RPO BS1,SOUND ACOUSTIC PACKAGE) (EXCEPT RPO UHX,FRONT CAMERA) (FOR RAIN SENSOR,RPO CE1)",
    "usage": "",
    "range": "(C)  J8062855-K8999999\n(C)  JG102057-KG999999",
    "qty": "1",
    "positions": [],
    "reach": [],
    "history": []
  },
  {
    "call": "1",
    "part": "39220155",
    "desc": "WINDSCREEN,LHD (EXCEPT RPO UHX,FRONT CAMERA) (FOR RAIN SENSOR,RPO CE1) (EXCEPT RPO AHP,ACOUSTIC WINDSCREEN)",
    "usage": "",
    "range": "(C)  L8000001-\n(C)  LG000001-",
    "qty": "1",
    "positions": [],
    "reach": [],
    "history": []
  },
  {
    "call": "1",
    "part": "(39024729)",
    "desc": "WINDSCREEN,RHD (EXCEPT RPO BS1,SOUND ACOUSTIC PACKAGE) (EXCEPT RPO UHX,FRONT CAMERA) (FOR RAIN SENSOR,RPO CE1) (NLS.- USE 39080514)",
    "usage": "",
    "range": "(C)      -J8062854\n(C)      -JG102056",
    "qty": "1",
    "positions": [],
    "reach": [],
    "history": []
  },
  {
    "call": "1",
    "part": "(39080514)",
    "desc": "WINDSCREEN,RHD (EXCEPT RPO BS1,SOUND ACOUSTIC PACKAGE) (EXCEPT RPO UHX,FRONT CAMERA) (FOR RAIN SENSOR,RPO CE1) (NLS.- USE 39126243)",
    "usage": "",
    "range": "(C)      -J8062854\n(C)      -JG102056",
    "qty": "1",
    "positions": [],
    "reach": [],
    "history": []
  },
  {
    "call": "1",
    "part": "39200050",
    "desc": "WINDSCREEN,RHD (EXCEPT RPO BS1,SOUND ACOUSTIC PACKAGE) (EXCEPT RPO UHX,FRONT CAMERA) (FOR RAIN SENSOR,RPO CE1)",
    "usage": "",
    "range": "(C)  J8062855-K8999999\n(C)  JG102057-KG999999",
    "qty": "1",
    "positions": [],
    "reach": [],
    "history": []
  },
  {
    "call": "1",
    "part": "39220156",
    "desc": "WINDSCREEN,RHD (EXCEPT RPO UHX,FRONT CAMERA) (FOR RAIN SENSOR,RPO CE1) (EXCEPT RPO AHP,ACOUSTIC WINDSCREEN)",
    "usage": "",
    "range": "(C)  L8000001-\n(C)  LG000001-",
    "qty": "1",
    "positions": [],
    "reach": [],
    "history": []
  },
  {
    "call": "1",
    "part": "(39024730)",
    "desc": "WINDSCREEN,LHD (EXCEPT RPO BS1,SOUND ACOUSTIC PACKAGE) (FOR RAIN SENSOR,RPO CE1) (FOR FRONT CAMERA,RPO UHX) (NLS.- USE 39080515)",
    "usage": "",
    "range": "(C)      -J8062854\n(C)      -JG102056",
    "qty": "1",
    "positions": [],
    "reach": [],
    "history": []
  },
  {
    "call": "1",
    "part": "(39080515)",
    "desc": "WINDSCREEN,LHD (EXCEPT RPO BS1,SOUND ACOUSTIC PACKAGE) (FOR RAIN SENSOR,RPO CE1) (FOR FRONT CAMERA,RPO UHX) (NLS.- USE 39126245)",
    "usage": "",
    "range": "(C)      -J8062854\n(C)      -JG102056",
    "qty": "1",
    "positions": [],
    "reach": [],
    "history": []
  },
  {
    "call": "1",
    "part": "39200052",
    "desc": "WINDSCREEN,LHD (EXCEPT RPO BS1,SOUND ACOUSTIC PACKAGE) (FOR RAIN SENSOR,RPO CE1) (FOR FRONT CAMERA,RPO UHX)",
    "usage": "",
    "range": "(C)  J8062855-K8999999\n(C)  JG102057-KG999999",
    "qty": "1",
    "positions": [],
    "reach": [],
    "history": []
  },
  {
    "call": "1",
    "part": "39220158",
    "desc": "WINDSCREEN,LHD (FOR RAIN SENSOR,RPO CE1) (FOR FRONT CAMERA,RPO UHX) (EXCEPT RPO C50,HEATED WINDSCREEN) (EXCEPT RPO AHP,ACOUSTIC WINDSCREEN)",
    "usage": "",
    "range": "(C)  L8000001-\n(C)  LG000001-",
    "qty": "1",
    "positions": [],
    "reach": [],
    "history": []
  },
  {
    "call": "1",
    "part": "(39024731)",
    "desc": "WINDSCREEN,RHD (EXCEPT RPO BS1,SOUND ACOUSTIC PACKAGE) (FOR RAIN SENSOR,RPO CE1) (FOR FRONT CAMERA,RPO UHX) (NLS.- USE 39080516)",
    "usage": "",
    "range": "(C)      -J8062854\n(C)      -JG102056",
    "qty": "1",
    "positions": [],
    "reach": [],
    "history": []
  },
  {
    "call": "1",
    "part": "(39080516)",
    "desc": "WINDSCREEN,RHD (EXCEPT RPO BS1,SOUND ACOUSTIC PACKAGE) (FOR RAIN SENSOR,RPO CE1) (FOR FRONT CAMERA,RPO UHX) (EXCEPT RPO AHP,ACOUSTIC WINDSCREEN) (NLS.- USE 39126247)",
    "usage": "",
    "range": "(C)      -J8062854\n(C)      -JG102056",
    "qty": "1",
    "positions": [],
    "reach": [],
    "history": []
  },
  {
    "call": "1",
    "part": "39200054",
    "desc": "WINDSCREEN,RHD (EXCEPT RPO BS1,SOUND ACOUSTIC PACKAGE) (FOR RAIN SENSOR,RPO CE1) (FOR FRONT CAMERA,RPO UHX)",
    "usage": "",
    "range": "(C)  J8062855-K8999999\n(C)  JG102057-KG999999",
    "qty": "1",
    "positions": [],
    "reach": [],
    "history": []
  },
  {
    "call": "1",
    "part": "39220160",
    "desc": "WINDSCREEN,RHD (FOR RAIN SENSOR,RPO CE1) (FOR FRONT CAMERA,RPO UHX) (EXCEPT RPO AHP,ACOUSTIC WINDSCREEN)",
    "usage": "",
    "range": "(C)  L8000001-\n(C)  LG000001-",
    "qty": "1",
    "positions": [],
    "reach": [],
    "history": []
  },
  {
    "call": "1",
    "part": "(39024732)",
    "desc": "WINDSCREEN,LHD (EXCEPT RPO BS1,SOUND ACOUSTIC PACKAGE) (EXCEPT RPO CE1,RAIN SENSOR) (FOR FRONT CAMERA,RPO UHX) (NLS.- USE 39080517)",
    "usage": "",
    "range": "(C)      -J8062854\n(C)      -JG102056",
    "qty": "1",
    "positions": [],
    "reach": [],
    "history": []
  },
  {
    "call": "1",
    "part": "39200056",
    "desc": "WINDSCREEN,LHD (EXCEPT RPO CE1,RAIN SENSOR) (FOR FRONT CAMERA,RPO UHX) (EXCEPT RPO AHP,ACOUSTIC WINDSCREEN)",
    "usage": "",
    "range": "(C)  J8062855-\n(C)  JG102057-",
    "qty": "1",
    "positions": [],
    "reach": [],
    "history": []
  },
  {
    "call": "1",
    "part": "(39024733)",
    "desc": "WINDSCREEN,RHD (EXCEPT RPO BS1,SOUND ACOUSTIC PACKAGE) (EXCEPT RPO CE1,RAIN SENSOR) (FOR FRONT CAMERA,RPO UHX) (NLS.- USE 39080518)",
    "usage": "",
    "range": "(C)      -J8062854\n(C)      -JG102056",
    "qty": "1",
    "positions": [],
    "reach": [],
    "history": []
  },
  {
    "call": "1",
    "part": "39200058",
    "desc": "WINDSCREEN,RHD (EXCEPT RPO CE1,RAIN SENSOR) (FOR FRONT CAMERA,RPO UHX) (EXCEPT RPO AHP,ACOUSTIC WINDSCREEN)",
    "usage": "",
    "range": "(C)  J8062855-\n(C)  JG102057-",
    "qty": "1",
    "positions": [],
    "reach": [],
    "history": []
  },
  {
    "call": "1",
    "part": "(39024735)",
    "desc": "WINDSCREEN,LHD (EXCEPT RPO UHX,FRONT CAMERA) (FOR SOUND ACOUSTIC PACKAGE,RPO BS1) (FOR RAIN SENSOR,RPO CE1) (NLS.- USE 39080520)",
    "usage": "",
    "range": "(C)      -J8062854\n(C)      -JG102056",
    "qty": "1",
    "positions": [],
    "reach": [],
    "history": []
  },
  {
    "call": "1",
    "part": "(39080520)",
    "desc": "WINDSCREEN,LHD (EXCEPT RPO UHX,FRONT CAMERA) (FOR SOUND ACOUSTIC PACKAGE,RPO BS1) (FOR RAIN SENSOR,RPO CE1) (NLS.- USE 39126255)",
    "usage": "",
    "range": "(C)      -J8062854\n(C)      -JG102056",
    "qty": "1",
    "positions": [],
    "reach": [],
    "history": []
  },
  {
    "call": "1",
    "part": "(39126255)",
    "desc": "WINDSCREEN,LHD (EXCEPT RPO UHX,FRONT CAMERA) (FOR SOUND ACOUSTIC PACKAGE,RPO BS1) (FOR RAIN SENSOR,RPO CE1) (NLS.- USE 39200062)",
    "usage": "",
    "range": "(C)      -J8062854\n(C)      -JG102056",
    "qty": "1",
    "positions": [],
    "reach": [],
    "history": []
  },
  {
    "call": "1",
    "part": "39200062",
    "desc": "WINDSCREEN,LHD (EXCEPT RPO UHX,FRONT CAMERA) (FOR RAIN SENSOR,RPO CE1) (FOR ACOUSTIC WINDSCREEN,RPO AHP)",
    "usage": "",
    "range": "(C)  J8062855-\n(C)  JG102057-",
    "qty": "1",
    "positions": [],
    "reach": [],
    "history": []
  },
  {
    "call": "1",
    "part": "(39024736)",
    "desc": "WINDSCREEN,RHD (EXCEPT RPO UHX,FRONT CAMERA) (FOR SOUND ACOUSTIC PACKAGE,RPO BS1) (FOR RAIN SENSOR,RPO CE1) (NLS.- USE 39080521)",
    "usage": "",
    "range": "(C)      -J8062854\n(C)      -JG102056",
    "qty": "1",
    "positions": [],
    "reach": [],
    "history": []
  },
  {
    "call": "1",
    "part": "(39080521)",
    "desc": "WINDSCREEN,RHD (EXCEPT RPO UHX,FRONT CAMERA) (FOR SOUND ACOUSTIC PACKAGE,RPO BS1) (FOR RAIN SENSOR,RPO CE1) (NLS.- USE 39126257)",
    "usage": "",
    "range": "(C)      -J8062854\n(C)      -JG102056",
    "qty": "1",
    "positions": [],
    "reach": [],
    "history": []
  },
  {
    "call": "1",
    "part": "(39126257)",
    "desc": "WINDSCREEN,RHD (EXCEPT RPO UHX,FRONT CAMERA) (FOR SOUND ACOUSTIC PACKAGE,RPO BS1) (FOR RAIN SENSOR,RPO CE1) (NLS.- USE 39200064)",
    "usage": "",
    "range": "(C)      -J8062854\n(C)      -JG102056",
    "qty": "1",
    "positions": [],
    "reach": [],
    "history": []
  },
  {
    "call": "1",
    "part": "39200064",
    "desc": "WINDSCREEN,RHD (EXCEPT RPO UHX,FRONT CAMERA) (FOR RAIN SENSOR,RPO CE1) (FOR ACOUSTIC WINDSCREEN,RPO AHP)",
    "usage": "",
    "range": "(C)  J8062855-\n(C)  JG102057-",
    "qty": "1",
    "positions": [],
    "reach": [],
    "history": []
  },
  {
    "call": "1",
    "part": "(39024737)",
    "desc": "WINDSCREEN,LHD (FOR SOUND ACOUSTIC PACKAGE,RPO BS1) (FOR RAIN SENSOR,RPO CE1) (FOR FRONT CAMERA,RPO UHX) (NLS.- USE 39080522)",
    "usage": "",
    "range": "(C)      -J8062854\n(C)      -JG102056",
    "qty": "1",
    "positions": [],
    "reach": [],
    "history": []
  },
  {
    "call": "1",
    "part": "(39080522)",
    "desc": "WINDSCREEN,LHD (FOR SOUND ACOUSTIC PACKAGE,RPO BS1) (FOR RAIN SENSOR,RPO CE1) (FOR FRONT CAMERA,RPO UHX) (NLS.- USE 39126259)",
    "usage": "",
    "range": "(C)      -J8062854\n(C)      -JG102056",
    "qty": "1",
    "positions": [],
    "reach": [],
    "history": []
  },
  {
    "call": "1",
    "part": "39200066",
    "desc": "WINDSCREEN,LHD (FOR SOUND ACOUSTIC PACKAGE,RPO BS1) (FOR RAIN SENSOR,RPO CE1) (FOR FRONT CAMERA,RPO UHX)",
    "usage": "",
    "range": "(C)  J8062855-K8999999\n(C)  JG102057-KG999999",
    "qty": "1",
    "positions": [],
    "reach": [],
    "history": []
  },
  {
    "call": "1",
    "part": "39220157",
    "desc": "WINDSCREEN,LHD (FOR RAIN SENSOR,RPO CE1) (FOR FRONT CAMERA,RPO UHX) (EXCEPT RPO C50,HEATED WINDSCREEN) (FOR ACOUSTIC WINDSCREEN,RPO AHP)",
    "usage": "",
    "range": "(C)  L8000001-\n(C)  LG000001-",
    "qty": "1",
    "positions": [],
    "reach": [],
    "history": []
  },
  {
    "call": "1",
    "part": "(39024738)",
    "desc": "WINDSCREEN,RHD (FOR SOUND ACOUSTIC PACKAGE,RPO BS1) (FOR RAIN SENSOR,RPO CE1) (FOR FRONT CAMERA,RPO UHX) (NLS.- USE 39080523)",
    "usage": "",
    "range": "(C)      -J8062854\n(C)      -JG102056",
    "qty": "1",
    "positions": [],
    "reach": [],
    "history": []
  },
  {
    "call": "1",
    "part": "(39080523)",
    "desc": "WINDSCREEN,RHD (FOR SOUND ACOUSTIC PACKAGE,RPO BS1) (FOR RAIN SENSOR,RPO CE1) (FOR FRONT CAMERA,RPO UHX) (NLS.- USE 39126261)",
    "usage": "",
    "range": "(C)      -J8062854\n(C)      -JG102056",
    "qty": "1",
    "positions": [],
    "reach": [],
    "history": []
  },
  {
    "call": "1",
    "part": "(39126261)",
    "desc": "WINDSCREEN,RHD (FOR SOUND ACOUSTIC PACKAGE,RPO BS1) (FOR RAIN SENSOR,RPO CE1) (FOR FRONT CAMERA,RPO UHX) (NLS.- USE 39200068)",
    "usage": "",
    "range": "(C)      -J8062854\n(C)      -JG102056",
    "qty": "1",
    "positions": [],
    "reach": [],
    "history": []
  },
  {
    "call": "1",
    "part": "39200068",
    "desc": "WINDSCREEN,RHD (FOR SOUND ACOUSTIC PACKAGE,RPO BS1) (FOR RAIN SENSOR,RPO CE1) (FOR FRONT CAMERA,RPO UHX)",
    "usage": "",
    "range": "(C)  J8062855-K8999999\n(C)  JG102057-KG999999",
    "qty": "1",
    "positions": [],
    "reach": [],
    "history": []
  },
  {
    "call": "1",
    "part": "39220159",
    "desc": "WINDSCREEN,RHD (FOR RAIN SENSOR,RPO CE1) (FOR FRONT CAMERA,RPO UHX) (FOR ACOUSTIC WINDSCREEN,RPO AHP)",
    "usage": "",
    "range": "(C)  L8000001-\n(C)  LG000001-",
    "qty": "1",
    "positions": [],
    "reach": [],
    "history": []
  },
  {
    "call": "1",
    "part": "39112426",
    "desc": "WINDSCREEN,LHD (FOR RAIN SENSOR,RPO CE1) (FOR HEATED WINDSCREEN,RPO C50) (FOR FRONT CAMERA,RPO UHX) (FOR ACOUSTIC WINDSCREEN,RPO AHP)",
    "usage": "",
    "range": "(C)  L8000001-\n(C)  LG000001-",
    "qty": "1",
    "positions": [],
    "reach": [],
    "history": []
  },
  {
    "call": "1",
    "part": "39112427",
    "desc": "WINDSCREEN,RHD (FOR RAIN SENSOR,RPO CE1) (FOR HEATED WINDSCREEN,RPO C50) (FOR FRONT CAMERA,RPO UHX) (FOR ACOUSTIC WINDSCREEN,RPO AHP)",
    "usage": "",
    "range": "(C)  L8000001-\n(C)  LG000001-",
    "qty": "1",
    "positions": [],
    "reach": [],
    "history": []
  },
  {
    "call": "2",
    "part": "20626174",
    "desc": "-BRACKET,REAR VIEW MIRROR (EXCEPT RPO CE1,RAIN SENSOR) (EXCEPT RPO UHX,FRONT CAMERA) (FOR SOUND ACOUSTIC PACKAGE,RPO BS1)",
    "usage": "",
    "range": "",
    "qty": "1",
    "positions": [
      {
        "x": 993,
        "y": 964
      }
    ],
    "reach": [],
    "history": []
  },
  {
    "call": "2",
    "part": "20626174",
    "desc": "-BRACKET,REAR VIEW MIRROR (EXCEPT RPO BS1,SOUND ACOUSTIC PACKAGE) (EXCEPT RPO CE1,RAIN SENSOR) (EXCEPT RPO UHX,FRONT CAMERA)",
    "usage": "",
    "range": "",
    "qty": "1",
    "positions": [],
    "reach": [],
    "history": []
  },
  {
    "call": "3",
    "part": "",
    "desc": "-RETAINER (NOT SERVICED SEPARATELY)",
    "usage": "",
    "range": "",
    "qty": "1",
    "positions": [
      {
        "x": 813,
        "y": 1776
      }
    ],
    "reach": [],
    "history": []
  },
  {
    "call": "4",
    "part": "13227211",
    "desc": "STRIP,SEALING,BETWEEN WINDSCREEN AND DASH PANEL,10 X 10 X 100MM",
    "usage": "",
    "range": "",
    "qty": "1",
    "positions": [
      {
        "x": 776,
        "y": 961
      }
    ],
    "reach": [],
    "history": []
  },
  {
    "call": "5X",
    "part": "93165294",
    "desc": "KIT,ADHESIVE,400ML (IDENT GL01)",
    "usage": "",
    "range": "",
    "qty": "AR",
    "positions": [
      {
        "x": 426,
        "y": 67
      }
    ],
    "reach": [],
    "history": []
  }
]