[
  {
    "call": "1",
    "part": "(39028991)",
    "desc": "SHELL,REAR DOOR,LH (NLS.- USE 39066401)",
    "usage": "5 DOOR HATCH 68",
    "range": "",
    "qty": "1",
    "positions": [],
    "reach": [],
    "history": []
  },
  {
    "call": "1",
    "part": "(39066401)",
    "desc": "SHELL,REAR DOOR,LH (NLS.- USE 39086281)",
    "usage": "5 DOOR HATCH 68",
    "range": "",
    "qty": "1",
    "positions": [],
    "reach": [],
    "history": []
  },
  {
    "call": "1",
    "part": "(39086281)",
    "desc": "SHELL,REAR DOOR,LH (NLS.- USE 39094742)",
    "usage": "5 DOOR HATCH 68",
    "range": "",
    "qty": "1",
    "positions": [],
    "reach": [],
    "history": []
  },
  {
    "call": "1",
    "part": "39094742",
    "desc": "SHELL,REAR DOOR,LH",
    "usage": "5 DOOR HATCH 68",
    "range": "",
    "qty": "1",
    "positions": [],
    "reach": [],
    "history": []
  },
  {
    "call": "2",
    "part": "(13434615)",
    "desc": "-PANEL,ASSY.,OUTER,REAR DOOR,LH (NLS.- USE 39094738)",
    "usage": "5 DOOR HATCH 68",
    "range": "",
    "qty": "1",
    "positions": [],
    "reach": [],
    "history": []
  },
  {
    "call": "2",
    "part": "(39094738)",
    "desc": "-PANEL,ASSY.,OUTER,REAR DOOR,LH (NLS.- USE 39094742)",
    "usage": "5 DOOR HATCH 68",
    "range": "",
    "qty": "1",
    "positions": [],
    "reach": [],
    "history": []
  },
  {
    "call": "1",
    "part": "(39028992)",
    "desc": "SHELL,REAR DOOR,RH (NLS.- USE 39066402)",
    "usage": "5 DOOR HATCH 68",
    "range": "",
    "qty": "1",
    "positions": [],
    "reach": [],
    "history": []
  },
  {
    "call": "1",
    "part": "(39066402)",
    "desc": "SHELL,REAR DOOR,RH (NLS.- USE 39086282)",
    "usage": "5 DOOR HATCH 68",
    "range": "",
    "qty": "1",
    "positions": [],
    "reach": [],
    "history": []
  },
  {
    "call": "1",
    "part": "(39086282)",
    "desc": "SHELL,REAR DOOR,RH (NLS.- USE 39094743)",
    "usage": "5 DOOR HATCH 68",
    "range": "",
    "qty": "1",
    "positions": [],
    "reach": [],
    "history": []
  },
  {
    "call": "1",
    "part": "39094743",
    "desc": "SHELL,REAR DOOR,RH",
    "usage": "5 DOOR HATCH 68",
    "range": "",
    "qty": "1",
    "positions": [],
    "reach": [],
    "history": []
  },
  {
    "call": "2",
    "part": "(13434616)",
    "desc": "-PANEL,ASSY.,OUTER,REAR DOOR,RH (NLS.- USE 39094739)",
    "usage": "5 DOOR HATCH 68",
    "range": "",
    "qty": "1",
    "positions": [],
    "reach": [],
    "history": []
  },
  {
    "call": "2",
    "part": "(39094739)",
    "desc": "-PANEL,ASSY.,OUTER,REAR DOOR,RH (NLS.- USE 39094743)",
    "usage": "5 DOOR HATCH 68",
    "range": "",
    "qty": "1",
    "positions": [],
    "reach": [],
    "history": []
  },
  {
    "call": "1",
    "part": "(39028993)",
    "desc": "SHELL,REAR DOOR,LH (NLS.- USE 39083440)",
    "usage": "ESTATE 35",
    "range": "",
    "qty": "1",
    "positions": [],
    "reach": [],
    "history": []
  },
  {
    "call": "1",
    "part": "39083440",
    "desc": "SHELL,REAR DOOR (LH)",
    "usage": "ESTATE 35",
    "range": "",
    "qty": "1",
    "positions": [],
    "reach": [],
    "history": []
  },
  {
    "call": "1",
    "part": "(39086283)",
    "desc": "SHELL,REAR DOOR (LH) (NLS.- USE 39094744)",
    "usage": "ESTATE 35",
    "range": "",
    "qty": "1",
    "positions": [],
    "reach": [],
    "history": []
  },
  {
    "call": "1",
    "part": "39094744",
    "desc": "SHELL,REAR DOOR (LH)",
    "usage": "ESTATE 35",
    "range": "",
    "qty": "1",
    "positions": [],
    "reach": [],
    "history": []
  },
  {
    "call": "2",
    "part": "(13488412)",
    "desc": "-PANEL,ASSY.,OUTER,REAR DOOR,LH (NLS.- USE 39052074)",
    "usage": "ESTATE 35",
    "range": "",
    "qty": "1",
    "positions": [],
    "reach": [],
    "history": []
  },
  {
    "call": "2",
    "part": "(39052074)",
    "desc": "-PANEL,ASSY.,OUTER,REAR DOOR,LH (NLS.- USE 39094740)",
    "usage": "ESTATE 35",
    "range": "",
    "qty": "1",
    "positions": [],
    "reach": [],
    "history": []
  },
  {
    "call": "2",
    "part": "(39094740)",
    "desc": "-PANEL,ASSY.,OUTER,REAR DOOR,LH (NLS.- USE 39094744)",
    "usage": "ESTATE 35",
    "range": "",
    "qty": "1",
    "positions": [],
    "reach": [],
    "history": []
  },
  {
    "call": "1",
    "part": "(39028994)",
    "desc": "SHELL,REAR DOOR,RH (NLS.- USE 39083441)",
    "usage": "ESTATE 35",
    "range": "",
    "qty": "1",
    "positions": [],
    "reach": [],
    "history": []
  },
  {
    "call": "1",
    "part": "(39083441)",
    "desc": "SHELL,REAR DOOR,RH (NLS.- USE 39086284)",
    "usage": "ESTATE 35",
    "range": "",
    "qty": "1",
    "positions": [],
    "reach": [],
    "history": []
  },
  {
    "call": "1",
    "part": "(39086284)",
    "desc": "SHELL,REAR DOOR,RH (NLS.- USE 39094745)",
    "usage": "ESTATE 35",
    "range": "",
    "qty": "1",
    "positions": [],
    "reach": [],
    "history": []
  },
  {
    "call": "1",
    "part": "39094745",
    "desc": "SHELL,REAR DOOR,RH",
    "usage": "ESTATE 35",
    "range": "",
    "qty": "1",
    "positions": [],
    "reach": [],
    "history": []
  },
  {
    "call": "2",
    "part": "(13488413)",
    "desc": "-PANEL,ASSY.,OUTER,REAR DOOR,RH (NLS.- USE 39052075)",
    "usage": "ESTATE 35",
    "range": "",
    "qty": "1",
    "positions": [],
    "reach": [],
    "history": []
  },
  {
    "call": "2",
    "part": "(39052075)",
    "desc": "-PANEL,ASSY.,OUTER,REAR DOOR,RH (NLS.- USE 39094741)",
    "usage": "ESTATE 35",
    "range": "",
    "qty": "1",
    "positions": [],
    "reach": [],
    "history": []
  },
  {
    "call": "2",
    "part": "(39094741)",
    "desc": "-PANEL,ASSY.,OUTER,REAR DOOR,RH (NLS.- USE 39094745)",
    "usage": "ESTATE 35",
    "range": "",
    "qty": "1",
    "positions": [],
    "reach": [],
    "history": []
  }
]