[
  {
    "call": "4",
    "part": "90511707",
    "desc": "PAINT,AEROSOL SPRAY,CALYPSO (PAINT CODE L570) (2 COAT)",
    "usage": "",
    "range": "",
    "qty": "AR",
    "positions": [
      {
        "x": 623,
        "y": 2130
      }
    ],
    "reach": [],
    "history": []
  },
  {
    "call": "4",
    "part": "93165365",
    "desc": "PAINT,AEROSOL SPRAY,ICEBERG BLUE (PAINT CODE 21Y)",
    "usage": "",
    "range": "",
    "qty": "AR",
    "positions": [],
    "reach": [],
    "history": []
  },
  {
    "call": "4",
    "part": "93165367",
    "desc": "PAINT,AEROSOL SPRAY,MING GREEN (GREEN SPIRIT) (PAINT CODE 30C) (NLS.- NO REPLACEMENT PART)",
    "usage": "",
    "range": "",
    "qty": "AR",
    "positions": [],
    "reach": [],
    "history": []
  },
  {
    "call": "4",
    "part": "93165369",
    "desc": "PAINT,AEROSOL SPRAY,BROWN MICA (PAINT CODE 40P) (NLS.- NO REPLACEMENT PART)",
    "usage": "",
    "range": "",
    "qty": "AR",
    "positions": [],
    "reach": [],
    "history": []
  },
  {
    "call": "4",
    "part": "93165371",
    "desc": "PAINT,AEROSOL SPRAY,TECHNO GREY (PAINT CODE US 541P) (NLS.- NO REPLACEMENT PART)",
    "usage": "",
    "range": "",
    "qty": "AR",
    "positions": [],
    "reach": [],
    "history": []
  },
  {
    "call": "4",
    "part": "93165391",
    "desc": "PAINT,AEROSOL SPRAY,TECHNICAL GREY (PAINT CODE L177)",
    "usage": "",
    "range": "",
    "qty": "AR",
    "positions": [],
    "reach": [],
    "history": []
  },
  {
    "call": "4",
    "part": "93165397",
    "desc": "PAINT,AEROSOL SPRAY,MORROCAN BLUE (PAINT CODE ZJE)",
    "usage": "",
    "range": "",
    "qty": "AR",
    "positions": [],
    "reach": [],
    "history": []
  },
  {
    "call": "4",
    "part": "93165399",
    "desc": "PAINT,AEROSOL SPRAY,LEMONGRASS (PAINT CODE ZJD) (NLS.- NO REPLACEMENT PART)",
    "usage": "",
    "range": "",
    "qty": "AR",
    "positions": [],
    "reach": [],
    "history": []
  },
  {
    "call": "4",
    "part": "93165401",
    "desc": "PAINT,AEROSOL SPRAY,COSMOS BLACK,COSMIC BLACK (PAINT CODE ZCE)",
    "usage": "",
    "range": "",
    "qty": "AR",
    "positions": [],
    "reach": [],
    "history": []
  },
  {
    "call": "4",
    "part": "93165403",
    "desc": "PAINT,AEROSOL SPRAY,STEEL SILVER (PAINT CODE ZCC)",
    "usage": "",
    "range": "",
    "qty": "AR",
    "positions": [],
    "reach": [],
    "history": []
  },
  {
    "call": "4",
    "part": "93165405",
    "desc": "PAINT,AEROSOL SPRAY,ATLANTA BLUE (PAINT CODE ZCH) (NLS.- NO REPLACEMENT PART)",
    "usage": "",
    "range": "",
    "qty": "AR",
    "positions": [],
    "reach": [],
    "history": []
  },
  {
    "call": "4",
    "part": "93165607",
    "desc": "PAINT,AEROSOL SPRAY,CORNFLOWER BLUE (PAINT CODE ZCG) (NLS.- NO REPLACEMENT PART)",
    "usage": "",
    "range": "",
    "qty": "AR",
    "positions": [],
    "reach": [],
    "history": []
  },
  {
    "call": "4",
    "part": "93165283",
    "desc": "PAINT,AEROSOL SPRAY,POWER RED (PAINT CODE 50B) (2 COAT)",
    "usage": "",
    "range": "",
    "qty": "AR",
    "positions": [],
    "reach": [],
    "history": []
  },
  {
    "call": "4",
    "part": "9120283",
    "desc": "PAINT,AEROSOL SPRAY,YUKON SILVER (PAINT CODE L149) (2 COAT) (NLS.- NO REPLACEMENT PART)",
    "usage": "",
    "range": "",
    "qty": "AR",
    "positions": [],
    "reach": [],
    "history": []
  },
  {
    "call": "4",
    "part": "90511702",
    "desc": "PAINT,AEROSOL SPRAY,SHERWOOD GREEN (PAINT CODE L367) (2 COAT)",
    "usage": "",
    "range": "",
    "qty": "AR",
    "positions": [],
    "reach": [],
    "history": []
  },
  {
    "call": "4",
    "part": "93165481",
    "desc": "PAINT,AEROSOL SPRAY,SUGAR WHITE (PAINT CODE ZNL) (NLS.- NO REPLACEMENT PART)",
    "usage": "",
    "range": "",
    "qty": "1",
    "positions": [],
    "reach": [],
    "history": []
  },
  {
    "call": "4",
    "part": "93165420",
    "desc": "PAINT,AEROSOL SPRAY,MYTH GREEN (PAINT CODE 30K) (NLS.- NO REPLACEMENT PART)",
    "usage": "",
    "range": "",
    "qty": "1",
    "positions": [],
    "reach": [],
    "history": []
  },
  {
    "call": "4",
    "part": "93165422",
    "desc": "PAINT,AEROSOL SPRAY,ORIENTAL BLUE (PAINT CODE 21Z)",
    "usage": "",
    "range": "",
    "qty": "1",
    "positions": [],
    "reach": [],
    "history": []
  },
  {
    "call": "4",
    "part": "93165424",
    "desc": "PAINT,AEROSOL SPRAY,BEECH GREEN (PAINT CODE 30M) (NLS.- NO REPLACEMENT PART)",
    "usage": "",
    "range": "",
    "qty": "1",
    "positions": [],
    "reach": [],
    "history": []
  },
  {
    "call": "4",
    "part": "93165426",
    "desc": "PAINT,AEROSOL SPRAY,SUMMIT WHITE (PAINT CODE (OP 40R))",
    "usage": "",
    "range": "",
    "qty": "1",
    "positions": [],
    "reach": [],
    "history": []
  },
  {
    "call": "4",
    "part": "93165428",
    "desc": "PAINT,AEROSOL SPRAY,SWITCHBLADE SILVER,SOVEREIGN SILVER (PAINT CODE (OP 176))",
    "usage": "",
    "range": "",
    "qty": "1",
    "positions": [],
    "reach": [],
    "history": []
  },
  {
    "call": "4",
    "part": "90513535",
    "desc": "PAINT,AEROSOL SPRAY,NAVY BLUE (US-CODE 8743) (2 COAT) (NLS.- NO REPLACEMENT PART)",
    "usage": "",
    "range": "",
    "qty": "AR",
    "positions": [],
    "reach": [],
    "history": []
  },
  {
    "call": "4",
    "part": "90543329",
    "desc": "PAINT,AEROSOL SPRAY,LEAF GREEN (PAINT CODE L372) (2 COAT) (NLS.- NO REPLACEMENT PART)",
    "usage": "",
    "range": "",
    "qty": "AR",
    "positions": [],
    "reach": [],
    "history": []
  },
  {
    "call": "4",
    "part": "93165543",
    "desc": "PAINT,AEROSOL SPRAY,WATERWORLD (PAINT CODE 22A)",
    "usage": "",
    "range": "",
    "qty": "1",
    "positions": [],
    "reach": [],
    "history": []
  },
  {
    "call": "4",
    "part": "93165545",
    "desc": "PAINT,AEROSOL SPRAY,SILVER LAKE (PAINT CODE 179)",
    "usage": "",
    "range": "",
    "qty": "1",
    "positions": [],
    "reach": [],
    "history": []
  },
  {
    "call": "4",
    "part": "93165547",
    "desc": "PAINT,AEROSOL SPRAY,LINEN BEIGE (PAINT CODE 55U) (NLS.- NO REPLACEMENT PART)",
    "usage": "",
    "range": "",
    "qty": "1",
    "positions": [],
    "reach": [],
    "history": []
  },
  {
    "call": "4",
    "part": "93165573",
    "desc": "PAINT,AEROSOL SPRAY,THUNDER GREY (NLS.- NO REPLACEMENT PART)",
    "usage": "",
    "range": "",
    "qty": "1",
    "positions": [],
    "reach": [],
    "history": []
  },
  {
    "call": "4",
    "part": "93165575",
    "desc": "PAINT,AEROSOL SPRAY,PLACID GREY (NLS.- NO REPLACEMENT PART)",
    "usage": "",
    "range": "",
    "qty": "1",
    "positions": [],
    "reach": [],
    "history": []
  },
  {
    "call": "4",
    "part": "90273674",
    "desc": "PAINT,AEROSOL SPRAY,BLACK (PAINT CODE L256) (2 COAT) (NLS.- NO REPLACEMENT PART)",
    "usage": "",
    "range": "",
    "qty": "AR",
    "positions": [],
    "reach": [],
    "history": []
  },
  {
    "call": "4",
    "part": "90295942",
    "desc": "PAINT,AEROSOL SPRAY,MINERAL RED (PAINT CODE L540) (2 COAT) (NLS.- NO REPLACEMENT PART)",
    "usage": "",
    "range": "",
    "qty": "AR",
    "positions": [],
    "reach": [],
    "history": []
  },
  {
    "call": "4",
    "part": "90487707",
    "desc": "PAINT,AEROSOL SPRAY,SOLAR YELLOW II (PAINT CODE L631) (2 COAT)",
    "usage": "",
    "range": "",
    "qty": "AR",
    "positions": [],
    "reach": [],
    "history": []
  },
  {
    "call": "4",
    "part": "93165599",
    "desc": "PAINT,AEROSOL SPRAY,AMBIENT BLUE (PAINT CODE GKW) (2 COAT)",
    "usage": "",
    "range": "",
    "qty": "AR",
    "positions": [],
    "reach": [],
    "history": []
  },
  {
    "call": "4",
    "part": "93165603",
    "desc": "PAINT,AEROSOL SPRAY,HALO SILVER (PAINT CODE GKY) (2 COAT)",
    "usage": "",
    "range": "",
    "qty": "AR",
    "positions": [],
    "reach": [],
    "history": []
  },
  {
    "call": "4",
    "part": "93165638",
    "desc": "PAINT,AEROSOL SPRAY,MACADAMIA,MR DARKSIDE (PAINT CODE 41C) (2 COAT)",
    "usage": "",
    "range": "",
    "qty": "AR",
    "positions": [],
    "reach": [],
    "history": []
  },
  {
    "call": "4",
    "part": "93165636",
    "desc": "PAINT,AEROSOL SPRAY,FRESCO (2 COAT) (PAINT CODE 22M) (NLS.- NO REPLACEMENT PART)",
    "usage": "",
    "range": "",
    "qty": "AR",
    "positions": [],
    "reach": [],
    "history": []
  },
  {
    "call": "4",
    "part": "93165634",
    "desc": "PAINT,AEROSOL SPRAY,SILKY SHADOW (2 COAT) (PAINT CODE 30Q)",
    "usage": "",
    "range": "",
    "qty": "AR",
    "positions": [],
    "reach": [],
    "history": []
  },
  {
    "call": "4",
    "part": "93165640",
    "desc": "PAINT,AEROSOL SPRAY,OREGANO GREEN (2 COAT) (PAINT CODE ZRM) (NLS.- NO REPLACEMENT PART)",
    "usage": "",
    "range": "",
    "qty": "AR",
    "positions": [],
    "reach": [],
    "history": []
  },
  {
    "call": "4",
    "part": "93165649",
    "desc": "PAINT,AEROSOL SPRAY,GUACAMOLE (2 COAT) (PAINT CODE 30R) (NLS.- NO REPLACEMENT PART)",
    "usage": "",
    "range": "",
    "qty": "AR",
    "positions": [],
    "reach": [],
    "history": []
  },
  {
    "call": "4",
    "part": "93165649",
    "desc": "PAINT,AEROSOL SPRAY,SWEET GREENS (2 COAT) (PAINT CODE 30R) (NLS.- NO REPLACEMENT PART)",
    "usage": "",
    "range": "",
    "qty": "AR",
    "positions": [],
    "reach": [],
    "history": []
  },
  {
    "call": "4",
    "part": "93165651",
    "desc": "PAINT,AEROSOL SPRAY,HENNA/BLOOD ORANGE (2 COAT) (PAINT CODE 50K)",
    "usage": "",
    "range": "",
    "qty": "AR",
    "positions": [],
    "reach": [],
    "history": []
  },
  {
    "call": "4",
    "part": "93165651",
    "desc": "PAINT,AEROSOL SPRAY,PAPA DON'T PEACH (2 COAT) (PAINT CODE 50K)",
    "usage": "",
    "range": "",
    "qty": "AR",
    "positions": [],
    "reach": [],
    "history": []
  },
  {
    "call": "4",
    "part": "93165686",
    "desc": "PAINT,AEROSOL SPRAY,DAYDREAM BIEGE (2 COAT)",
    "usage": "",
    "range": "",
    "qty": "AR",
    "positions": [],
    "reach": [],
    "history": []
  },
  {
    "call": "4",
    "part": "95599003",
    "desc": "PAINT,AEROSOL SPRAY,CRYSTAL RED (2 COAT) (PAINT CODE US 505Q)",
    "usage": "",
    "range": "",
    "qty": "AR",
    "positions": [],
    "reach": [],
    "history": []
  },
  {
    "call": "4",
    "part": "95599007",
    "desc": "PAINT,AEROSOL SPRAY,CYBER GREY (2 COAT) (PAINT CODE US 637R)",
    "usage": "",
    "range": "",
    "qty": "AR",
    "positions": [],
    "reach": [],
    "history": []
  },
  {
    "call": "4",
    "part": "95599009",
    "desc": "PAINT,AEROSOL SPRAY,POWER BLUE (2 COAT) (PAINT CODE US 933L) (NLS.- USE 95529740)",
    "usage": "",
    "range": "",
    "qty": "AR",
    "positions": [],
    "reach": [],
    "history": []
  },
  {
    "call": "4",
    "part": "95599035",
    "desc": "PAINT,AEROSOL SPRAY,LUXOR (2 COAT) (PAINT CODE OP-22K)",
    "usage": "",
    "range": "",
    "qty": "AR",
    "positions": [],
    "reach": [],
    "history": []
  },
  {
    "call": "4",
    "part": "93165605",
    "desc": "PAINT,AEROSOL SPRAY,STEEL GREY (2 COAT) (PAINT CODE OP-184)",
    "usage": "",
    "range": "",
    "qty": "AR",
    "positions": [],
    "reach": [],
    "history": []
  },
  {
    "call": "4",
    "part": "95599056",
    "desc": "PAINT,AEROSOL SPRAY,MINERAL WHITE,SILVERWALKER (2 COAT) (PAINT CODE OP-187)",
    "usage": "",
    "range": "",
    "qty": "AR",
    "positions": [],
    "reach": [],
    "history": []
  },
  {
    "call": "4",
    "part": "93165597",
    "desc": "PAINT,AEROSOL SPRAY,PEPPER DUST (2 COAT) (PAINT CODE 40W)",
    "usage": "",
    "range": "",
    "qty": "AR",
    "positions": [],
    "reach": [],
    "history": []
  },
  {
    "call": "4",
    "part": "95599062",
    "desc": "PAINT,AEROSOL SPRAY,POLAR WHITE (2 COAT) (PAINT CODE FIAT 249)",
    "usage": "",
    "range": "",
    "qty": "AR",
    "positions": [],
    "reach": [],
    "history": []
  },
  {
    "call": "4",
    "part": "95599064",
    "desc": "PAINT,AEROSOL SPRAY,TOMATO RED (2 COAT) (PAINT CODE FIAT 168)",
    "usage": "",
    "range": "",
    "qty": "AR",
    "positions": [],
    "reach": [],
    "history": []
  },
  {
    "call": "4",
    "part": "95599068",
    "desc": "PAINT,AEROSOL SPRAY,RUBY RED (2 COAT) (PAINT CODE FIAT 293) (NLS.- NO REPLACEMENT PART)",
    "usage": "",
    "range": "",
    "qty": "AR",
    "positions": [],
    "reach": [],
    "history": []
  },
  {
    "call": "4",
    "part": "95599070",
    "desc": "PAINT,AEROSOL SPRAY,TWILIGHT BLUE (2 COAT) (PAINT CODE FIAT 448)",
    "usage": "",
    "range": "",
    "qty": "AR",
    "positions": [],
    "reach": [],
    "history": []
  },
  {
    "call": "4",
    "part": "95599072",
    "desc": "PAINT,AEROSOL SPRAY,MARINE BLUE (2 COAT) (PAINT CODE FIAT 487)",
    "usage": "",
    "range": "",
    "qty": "AR",
    "positions": [],
    "reach": [],
    "history": []
  },
  {
    "call": "4",
    "part": "95599076",
    "desc": "PAINT,AEROSOL SPRAY,MIDNIGHT BLACK (2 COAT) (PAINT CODE FIAT 632)",
    "usage": "",
    "range": "",
    "qty": "AR",
    "positions": [],
    "reach": [],
    "history": []
  },
  {
    "call": "4",
    "part": "95599066",
    "desc": "PAINT,AEROSOL SPRAY,DEEP BLUE (2 COAT) (PAINT CODE FIAT 479)",
    "usage": "",
    "range": "",
    "qty": "AR",
    "positions": [],
    "reach": [],
    "history": []
  },
  {
    "call": "4",
    "part": "95599074",
    "desc": "PAINT,AEROSOL SPRAY,MAGNETIC SILVER (2 COAT) (PAINT CODE FIAT 612)",
    "usage": "",
    "range": "",
    "qty": "AR",
    "positions": [],
    "reach": [],
    "history": []
  },
  {
    "call": "4",
    "part": "95599157",
    "desc": "PAINT,AEROSOL SPRAY,MOCHA COFFEE (2 COAT) (PAINT CODE ZUC) (NLS.- NO REPLACEMENT PART)",
    "usage": "",
    "range": "",
    "qty": "AR",
    "positions": [],
    "reach": [],
    "history": []
  },
  {
    "call": "4",
    "part": "95599033",
    "desc": "PAINT,AEROSOL SPRAY,BLUE (2 COAT) (PAINT CODE OP-22N) (NLS.- NO REPLACEMENT PART)",
    "usage": "",
    "range": "",
    "qty": "AR",
    "positions": [],
    "reach": [],
    "history": []
  },
  {
    "call": "4",
    "part": "95599052",
    "desc": "PAINT,AEROSOL SPRAY,SCULPTURE BRONZE (2 COAT) (PAINT CODE OP-41E)",
    "usage": "",
    "range": "",
    "qty": "AR",
    "positions": [],
    "reach": [],
    "history": []
  },
  {
    "call": "4",
    "part": "95599159",
    "desc": "PAINT,AEROSOL SPRAY,SMOKE GREY (2 COAT)",
    "usage": "",
    "range": "",
    "qty": "AR",
    "positions": [],
    "reach": [],
    "history": []
  },
  {
    "call": "4",
    "part": "93165395",
    "desc": "PAINT,AEROSOL SPRAY,TOMATO RED (2 COAT)",
    "usage": "",
    "range": "",
    "qty": "AR",
    "positions": [],
    "reach": [],
    "history": []
  },
  {
    "call": "4",
    "part": "95599211",
    "desc": "PAINT,AEROSOL SPRAY,FLIP CHIP SILVER (2 COAT) (PAINT CODE OP-189)",
    "usage": "",
    "range": "",
    "qty": "AR",
    "positions": [],
    "reach": [],
    "history": []
  },
  {
    "call": "4",
    "part": "95599213",
    "desc": "PAINT,AEROSOL SPRAY (2 COAT) (PAINT CODE OP-50N)",
    "usage": "",
    "range": "",
    "qty": "AR",
    "positions": [],
    "reach": [],
    "history": []
  },
  {
    "call": "4",
    "part": "95599213",
    "desc": "PAINT,AEROSOL SPRAY,PURPLE FICTION (2 COAT) (PAINT CODE OP-50N)",
    "usage": "",
    "range": "",
    "qty": "AR",
    "positions": [],
    "reach": [],
    "history": []
  },
  {
    "call": "4",
    "part": "95599177",
    "desc": "PAINT,AEROSOL SPRAY,DEEP SKY BLUE (2 COAT) (PAINT CODE OP- 22S) (NLS.- USE 95528430)",
    "usage": "",
    "range": "",
    "qty": "AR",
    "positions": [],
    "reach": [],
    "history": []
  },
  {
    "call": "4",
    "part": "95599179",
    "desc": "PAINT,AEROSOL SPRAY,GLORY RED (2 COAT) (PAINT CODE OP 50Q) (NLS.- NO REPLACEMENT PART)",
    "usage": "",
    "range": "",
    "qty": "AR",
    "positions": [],
    "reach": [],
    "history": []
  },
  {
    "call": "4",
    "part": "95599193",
    "desc": "PAINT,AEROSOL SPRAY,PEARL BLACK (2 COAT)",
    "usage": "",
    "range": "",
    "qty": "AR",
    "positions": [],
    "reach": [],
    "history": []
  },
  {
    "call": "4",
    "part": "95599187",
    "desc": "PAINT,AEROSOL SPRAY,VELVET RED (2 COAT) (PAINT CODE OP-50H)",
    "usage": "",
    "range": "",
    "qty": "AR",
    "positions": [],
    "reach": [],
    "history": []
  },
  {
    "call": "4",
    "part": "95599191",
    "desc": "PAINT,AEROSOL SPRAY,BORACAY BLUE (2 COAT)",
    "usage": "",
    "range": "",
    "qty": "AR",
    "positions": [],
    "reach": [],
    "history": []
  },
  {
    "call": "4",
    "part": "95599201",
    "desc": "PAINT,AEROSOL SPRAY,SATIN STEEL GREY (2 COAT)",
    "usage": "",
    "range": "",
    "qty": "AR",
    "positions": [],
    "reach": [],
    "history": []
  },
  {
    "call": "4",
    "part": "95599203",
    "desc": "PAINT,AEROSOL SPRAY,DEEP ESPRESSO (2 COAT) (PAINT CODE 204V)",
    "usage": "",
    "range": "",
    "qty": "AR",
    "positions": [],
    "reach": [],
    "history": []
  },
  {
    "call": "4",
    "part": "95599189",
    "desc": "PAINT,AEROSOL SPRAY,MISTY LAKE (2 COAT) (NLS.- NO REPLACEMENT PART)",
    "usage": "",
    "range": "",
    "qty": "AR",
    "positions": [],
    "reach": [],
    "history": []
  },
  {
    "call": "4",
    "part": "95599175",
    "desc": "PAINT,AEROSOL SPRAY,ASTEROID GREY,PHANTOM GREY (THE GREYFATHER) (2 COAT) (PAINT CODE OP 190)",
    "usage": "",
    "range": "",
    "qty": "AR",
    "positions": [],
    "reach": [],
    "history": []
  },
  {
    "call": "4",
    "part": "95599197",
    "desc": "PAINT,AEROSOL SPRAY,SILVER TOPAZ (2 COAT) (PAINT CODE US-101V)",
    "usage": "",
    "range": "",
    "qty": "AR",
    "positions": [],
    "reach": [],
    "history": []
  },
  {
    "call": "4",
    "part": "95599195",
    "desc": "PAINT,AEROSOL SPRAY,GREENSPOTTING (2 COAT) (PAINT CODE 40V)",
    "usage": "",
    "range": "",
    "qty": "AR",
    "positions": [],
    "reach": [],
    "history": []
  },
  {
    "call": "4",
    "part": "95599195",
    "desc": "PAINT,AEROSOL SPRAY,MOJITO (2 COAT) (PAINT CODE 40V)",
    "usage": "",
    "range": "",
    "qty": "AR",
    "positions": [],
    "reach": [],
    "history": []
  },
  {
    "call": "4",
    "part": "95599205",
    "desc": "PAINT,AEROSOL SPRAY,A STAR IS BROWN (2 COAT) (PAINT CODE 41D)",
    "usage": "",
    "range": "",
    "qty": "AR",
    "positions": [],
    "reach": [],
    "history": []
  },
  {
    "call": "4",
    "part": "95599207",
    "desc": "PAINT,AEROSOL SPRAY,RED 'N' ROLL (2 COAT) (PAINT CODE 50M)",
    "usage": "",
    "range": "",
    "qty": "AR",
    "positions": [],
    "reach": [],
    "history": []
  },
  {
    "call": "4",
    "part": "95599209",
    "desc": "PAINT,AEROSOL SPRAY,BUZZ LIGHTGREEN (2 COAT) (PAINT CODE 30S)",
    "usage": "",
    "range": "",
    "qty": "AR",
    "positions": [],
    "reach": [],
    "history": []
  },
  {
    "call": "4",
    "part": "95599215",
    "desc": "PAINT,AEROSOL SPRAY,DARK INK (2 COAT) (PAINT CODE 22T)",
    "usage": "",
    "range": "",
    "qty": "AR",
    "positions": [],
    "reach": [],
    "history": []
  },
  {
    "call": "4",
    "part": "95599215",
    "desc": "PAINT,AEROSOL SPRAY,PUMP UP THE BLUE (2 COAT) (PAINT CODE 22T)",
    "usage": "",
    "range": "",
    "qty": "AR",
    "positions": [],
    "reach": [],
    "history": []
  },
  {
    "call": "4",
    "part": "95599199",
    "desc": "PAINT,AEROSOL SPRAY,CRINIAN BLUE (2 COAT) (PAINT CODE OP 22R)",
    "usage": "",
    "range": "",
    "qty": "AR",
    "positions": [],
    "reach": [],
    "history": []
  },
  {
    "call": "4",
    "part": "95599254",
    "desc": "PAINT,AEROSOL SPRAY,NOUGAT (2 COAT) (PAINT CODE OP 191) (NLS.- NO REPLACEMENT PART)",
    "usage": "",
    "range": "",
    "qty": "AR",
    "positions": [],
    "reach": [],
    "history": []
  },
  {
    "call": "4",
    "part": "95599289",
    "desc": "PAINT,AEROSOL SPRAY,WHITE MY FIRE (2 COAT) (PAINT CODE OP 41G)",
    "usage": "",
    "range": "",
    "qty": "AR",
    "positions": [],
    "reach": [],
    "history": []
  },
  {
    "call": "4",
    "part": "95599331",
    "desc": "PAINT,AEROSOL SPRAY,ORANGE ROCK (2 COAT) (PAINT CODE WA-357X)",
    "usage": "",
    "range": "",
    "qty": "AR",
    "positions": [],
    "reach": [],
    "history": []
  },
  {
    "call": "4",
    "part": "95599325",
    "desc": "PAINT,AEROSOL SPRAY,COBALT BLUE (PAINT CODE ZUM) (NLS.- NO REPLACEMENT PART)",
    "usage": "",
    "range": "",
    "qty": "AR",
    "positions": [],
    "reach": [],
    "history": []
  },
  {
    "call": "4",
    "part": "95599327",
    "desc": "PAINT,AEROSOL SPRAY,EMERALD GREEN (PAINT CODE 30V)",
    "usage": "",
    "range": "",
    "qty": "AR",
    "positions": [],
    "reach": [],
    "history": []
  },
  {
    "call": "4",
    "part": "95599329",
    "desc": "PAINT,AEROSOL SPRAY,AURUM GREEN (PAINT CODE 30W)",
    "usage": "",
    "range": "",
    "qty": "AR",
    "positions": [],
    "reach": [],
    "history": []
  },
  {
    "call": "4",
    "part": "95599308",
    "desc": "PAINT,AEROSOL SPRAY,MEN IN BROWN (PAINT CODE 41H)",
    "usage": "",
    "range": "",
    "qty": "AR",
    "positions": [],
    "reach": [],
    "history": []
  },
  {
    "call": "4",
    "part": "95599317",
    "desc": "PAINT,AEROSOL SPRAY,SANDY BEACH BROWN (PAINT CODE WA-206V) (NLS.- USE 95529082)",
    "usage": "",
    "range": "",
    "qty": "AR",
    "positions": [],
    "reach": [],
    "history": []
  },
  {
    "call": "4",
    "part": "93165578",
    "desc": "PAINT,AEROSOL SPRAY,METEORITE GREY (PAINT CODE ZCD) (2 COAT)",
    "usage": "",
    "range": "",
    "qty": "AR",
    "positions": [],
    "reach": [],
    "history": []
  },
  {
    "call": "4",
    "part": "95599333",
    "desc": "PAINT,AEROSOL SPRAY,SUBTERRANEAN (2 COAT) (PAINT CODE (WA-105V))",
    "usage": "",
    "range": "",
    "qty": "AR",
    "positions": [],
    "reach": [],
    "history": []
  },
  {
    "call": "4",
    "part": "95599347",
    "desc": "PAINT,AEROSOL SPRAY,DARK BURGUNDY (2 COAT) (PAINT CODE (WA-339X)) (NLS.- NO REPLACEMENT PART)",
    "usage": "",
    "range": "",
    "qty": "AR",
    "positions": [],
    "reach": [],
    "history": []
  },
  {
    "call": "4",
    "part": "95599402",
    "desc": "PAINT,AEROSOL SPRAY,BRIMSTONE,PAINT CODE (OP-41K) (2 COAT)",
    "usage": "",
    "range": "",
    "qty": "AR",
    "positions": [],
    "reach": [],
    "history": []
  },
  {
    "call": "4",
    "part": "95599349",
    "desc": "PAINT,AEROSOL SPRAY,PAINT CODE (OP-171),PINK KONG,JEANNE DARK (2 COAT)",
    "usage": "",
    "range": "",
    "qty": "AR",
    "positions": [],
    "reach": [],
    "history": []
  },
  {
    "call": "4",
    "part": "95599519",
    "desc": "PAINT,AEROSOL SPRAY,IRON GREY,PAINT CODE (OP-41Q) (2 COAT)",
    "usage": "",
    "range": "",
    "qty": "AR",
    "positions": [],
    "reach": [],
    "history": []
  },
  {
    "call": "4",
    "part": "95599521",
    "desc": "PAINT,AEROSOL SPRAY,JASPER BROWN,PAINT CODE (OP-194) (2 COAT)",
    "usage": "",
    "range": "",
    "qty": "AR",
    "positions": [],
    "reach": [],
    "history": []
  },
  {
    "call": "4",
    "part": "95599523",
    "desc": "PAINT,AEROSOL SPRAY,SPRING GREEN,PAINT CODE (OP-30Y) (2 COAT)",
    "usage": "",
    "range": "",
    "qty": "AR",
    "positions": [],
    "reach": [],
    "history": []
  },
  {
    "call": "4",
    "part": "95599525",
    "desc": "PAINT,AEROSOL SPRAY,PLATINUM SILVER,PAINT CODE (OP- 193) (2 COAT)",
    "usage": "",
    "range": "",
    "qty": "AR",
    "positions": [],
    "reach": [],
    "history": []
  },
  {
    "call": "4",
    "part": "95599527",
    "desc": "PAINT,AEROSOL SPRAY,CASSIOPEA SILVER,PAINT CODE (OP-192) (2 COAT)",
    "usage": "",
    "range": "",
    "qty": "AR",
    "positions": [],
    "reach": [],
    "history": []
  },
  {
    "call": "4",
    "part": "95599529",
    "desc": "PAINT,AEROSOL SPRAY,COPPER BROWN,PAINT CODE (OP-41R) (2 COAT)",
    "usage": "",
    "range": "",
    "qty": "AR",
    "positions": [],
    "reach": [],
    "history": []
  },
  {
    "call": "4",
    "part": "95599533",
    "desc": "PAINT,AEROSOL SPRAY,FLARE RED,PAINT CODE (WA-466Y) (2 COAT) (NLS.- NO REPLACEMENT PART)",
    "usage": "",
    "range": "",
    "qty": "AR",
    "positions": [],
    "reach": [],
    "history": []
  },
  {
    "call": "4",
    "part": "95599535",
    "desc": "PAINT,AEROSOL SPRAY,PAINT CODE (OP 22U),FLASH BLUE (2 COAT)",
    "usage": "",
    "range": "",
    "qty": "AR",
    "positions": [],
    "reach": [],
    "history": []
  },
  {
    "call": "4",
    "part": "95599537",
    "desc": "PAINT,AEROSOL SPRAY,PEPPERMINT GREEN,PAINT CODE (OP 30X) (2 COAT)",
    "usage": "",
    "range": "",
    "qty": "AR",
    "positions": [],
    "reach": [],
    "history": []
  },
  {
    "call": "4",
    "part": "95599539",
    "desc": "PAINT,AEROSOL SPRAY,SHINY ROCK,FORGET ABOUT GREY,PAINT CODE (OP 195) (2 COAT)",
    "usage": "",
    "range": "",
    "qty": "AR",
    "positions": [],
    "reach": [],
    "history": []
  },
  {
    "call": "4",
    "part": "95599541",
    "desc": "PAINT,AEROSOL SPRAY,SOFT BRONZE,PAINT CODE (OP 41V) (2 COAT)",
    "usage": "",
    "range": "",
    "qty": "AR",
    "positions": [],
    "reach": [],
    "history": []
  },
  {
    "call": "4",
    "part": "95599543",
    "desc": "PAINT,AEROSOL SPRAY,DARKSEA BLUE,PAINT CODE (OP 22W) (2 COAT)",
    "usage": "",
    "range": "",
    "qty": "AR",
    "positions": [],
    "reach": [],
    "history": []
  },
  {
    "call": "4",
    "part": "95599531",
    "desc": "PAINT,AEROSOL SPRAY,GOLDBUSTERS,PAINT CODE (OP 41M) (2 COAT)",
    "usage": "",
    "range": "",
    "qty": "AR",
    "positions": [],
    "reach": [],
    "history": []
  },
  {
    "call": "4",
    "part": "95599670",
    "desc": "PAINT,AEROSOL SPRAY,BLUE RAY,PAINT CODE (WA-189X) (2 COAT) (NLS.- USE 95529743)",
    "usage": "",
    "range": "",
    "qty": "AR",
    "positions": [],
    "reach": [],
    "history": []
  },
  {
    "call": "4",
    "part": "95599672",
    "desc": "PAINT,AEROSOL SPRAY,SOLAR RED,PAINT CODE (WA-338X) (2 COAT)",
    "usage": "",
    "range": "",
    "qty": "AR",
    "positions": [],
    "reach": [],
    "history": []
  },
  {
    "call": "4",
    "part": "95599674",
    "desc": "PAINT,AEROSOL SPRAY,FRESH GREEN LIME,PAINT CODE (WA-340X) (2 COAT)",
    "usage": "",
    "range": "",
    "qty": "AR",
    "positions": [],
    "reach": [],
    "history": []
  },
  {
    "call": "4",
    "part": "95599676",
    "desc": "PAINT,AEROSOL SPRAY,MYSTIC VIOLET,PAINT CODE (WA-393A) (2 COAT)",
    "usage": "",
    "range": "",
    "qty": "AR",
    "positions": [],
    "reach": [],
    "history": []
  },
  {
    "call": "4",
    "part": "95599678",
    "desc": "PAINT,AEROSOL SPRAY,CREAMY BEIGE,MUSHROOM,PAINT CODE (WA-394A) (2 COAT)",
    "usage": "",
    "range": "",
    "qty": "AR",
    "positions": [],
    "reach": [],
    "history": []
  },
  {
    "call": "4",
    "part": "95599680",
    "desc": "PAINT,AEROSOL SPRAY,SPLASH,SPARKLING BLUE,PAINT CODE (WA-392A) (2 COAT)",
    "usage": "",
    "range": "",
    "qty": "AR",
    "positions": [],
    "reach": [],
    "history": []
  },
  {
    "call": "4",
    "part": "95599682",
    "desc": "PAINT,AEROSOL SPRAY,URBAN TITANIUM GREY,PAINT CODE (WA-202V) (2 COAT)",
    "usage": "",
    "range": "",
    "qty": "AR",
    "positions": [],
    "reach": [],
    "history": []
  },
  {
    "call": "4",
    "part": "93165647",
    "desc": "PAINT,AEROSOL SPRAY,GRASSHOPPER/LIME GREEN,PAINT CODE (OP - 30P) (2 COAT)",
    "usage": "",
    "range": "",
    "qty": "AR",
    "positions": [],
    "reach": [],
    "history": []
  },
  {
    "call": "4",
    "part": "95599690",
    "desc": "PAINT,AEROSOL SPRAY,COCONUT,DARK CARAMEL,PAINT CODE (OP - 41S) (2 COAT)",
    "usage": "",
    "range": "",
    "qty": "AR",
    "positions": [],
    "reach": [],
    "history": []
  },
  {
    "call": "4",
    "part": "95599692",
    "desc": "PAINT,AEROSOL SPRAY,COOL BEIGE,GRANITE GREY,PAINT CODE (OP - 41W) (2 COAT)",
    "usage": "",
    "range": "",
    "qty": "AR",
    "positions": [],
    "reach": [],
    "history": []
  },
  {
    "call": "4",
    "part": "95599694",
    "desc": "PAINT,AEROSOL SPRAY,MANDARINA,ORANGE ALERT,PAINT CODE (OP-41P) (2 COAT)",
    "usage": "",
    "range": "",
    "qty": "AR",
    "positions": [],
    "reach": [],
    "history": []
  },
  {
    "call": "4",
    "part": "95599696",
    "desc": "PAINT,AEROSOL SPRAY,ROCKY COAST,PAINT CODE (OP-198) (2 COAT)",
    "usage": "",
    "range": "",
    "qty": "AR",
    "positions": [],
    "reach": [],
    "history": []
  },
  {
    "call": "4",
    "part": "95599698",
    "desc": "PAINT,AEROSOL SPRAY,TRUE BLUE,PERSIAN BLUE,PAINT CODE (OP-22V) (2 COAT)",
    "usage": "",
    "range": "",
    "qty": "AR",
    "positions": [],
    "reach": [],
    "history": []
  },
  {
    "call": "4",
    "part": "95599722",
    "desc": "PAINT,AEROSOL SPRAY,QUANTUM GREY (2 COAT) (PAINT CODE (WA-475A)) (NLS - NO REPLACEMENT PART)",
    "usage": "MOKKA",
    "range": "",
    "qty": "AR",
    "positions": [],
    "reach": [],
    "history": []
  },
  {
    "call": "4",
    "part": "95599724",
    "desc": "PAINT,AEROSOL SPRAY,QUANTUM GREY (2 COAT) (PAINT CODE (WA-482B)) (PAINT CODE (WA-483B))",
    "usage": "",
    "range": "",
    "qty": "AR",
    "positions": [],
    "reach": [],
    "history": []
  },
  {
    "call": "4",
    "part": "95599724",
    "desc": "PAINT,AEROSOL SPRAY,HEAVY METAL (2 COAT) (PAINT CODE (WA-482B)) (PAINT CODE (WA-483B))",
    "usage": "ADAM",
    "range": "",
    "qty": "AR",
    "positions": [],
    "reach": [],
    "history": []
  },
  {
    "call": "4",
    "part": "95599734",
    "desc": "PAINT,AEROSOL SPRAY,GREYZILLA (2 COAT) (PAINT CODE (OP-199))",
    "usage": "",
    "range": "",
    "qty": "AR",
    "positions": [],
    "reach": [],
    "history": []
  },
  {
    "call": "4",
    "part": "95599736",
    "desc": "PAINT,AEROSOL SPRAY,BROWNIAN RHAPSODY (2 COAT) (PAINT CODE (OP-41T))",
    "usage": "",
    "range": "",
    "qty": "AR",
    "positions": [],
    "reach": [],
    "history": []
  },
  {
    "call": "4",
    "part": "95599794",
    "desc": "PAINT,AEROSOL SPRAY,AMBER ORANGE/BURNING HOT 3 (2 COAT) (PAINT CODE (WA-427B))",
    "usage": "MOKKA",
    "range": "",
    "qty": "AR",
    "positions": [],
    "reach": [],
    "history": []
  },
  {
    "call": "4",
    "part": "95599796",
    "desc": "PAINT,AEROSOL SPRAY,AMBER ORANGE/BURNING HOT 4 (2 COAT) (PAINT CODE (OP 42D))",
    "usage": "",
    "range": "",
    "qty": "AR",
    "positions": [],
    "reach": [],
    "history": []
  },
  {
    "call": "4",
    "part": "95599796",
    "desc": "PAINT,AEROSOL SPRAY,AMBER ORANGE/BURNING HOT 4,ORANGE (2 COAT) (PAINT CODE (OP 42D))",
    "usage": "MOKKA",
    "range": "",
    "qty": "AR",
    "positions": [],
    "reach": [],
    "history": []
  },
  {
    "call": "4",
    "part": "95599802",
    "desc": "PAINT,AEROSOL SPRAY,MINT MY MIND (2 COAT) (PAINT CODE (WA-515B))",
    "usage": "",
    "range": "",
    "qty": "AR",
    "positions": [],
    "reach": [],
    "history": []
  },
  {
    "call": "4",
    "part": "95599788",
    "desc": "PAINT,AEROSOL SPRAY,MINERAL BLACK /BLACK JACK (2 COAT) (PAINT CODE (OP-22Y))",
    "usage": "",
    "range": "",
    "qty": "AR",
    "positions": [],
    "reach": [],
    "history": []
  },
  {
    "call": "4",
    "part": "95599792",
    "desc": "PAINT,AEROSOL SPRAY,SATIN STEEL GREY,SHADES OF GREY (2 COAT) (PAINT CODE (OP-10B))",
    "usage": "",
    "range": "",
    "qty": "AR",
    "positions": [],
    "reach": [],
    "history": []
  },
  {
    "call": "4",
    "part": "95599808",
    "desc": "PAINT,AEROSOL SPRAY,YOU DRIVE ME GRAZY (2 COAT) (PAINT CODE (OP-10E))",
    "usage": "",
    "range": "",
    "qty": "AR",
    "positions": [],
    "reach": [],
    "history": []
  },
  {
    "call": "4",
    "part": "95599738",
    "desc": "PAINT,AEROSOL SPRAY,ABSOLUTE RED,LAVA RED (2 COAT) (PAINT CODE (OP-50S))",
    "usage": "",
    "range": "",
    "qty": "AR",
    "positions": [],
    "reach": [],
    "history": []
  },
  {
    "call": "4",
    "part": "95599798",
    "desc": "PAINT,AEROSOL SPRAY,ELECTRIC BLUE (2 COAT) (PAINT CODE WA-388A)",
    "usage": "",
    "range": "",
    "qty": "AR",
    "positions": [],
    "reach": [],
    "history": []
  },
  {
    "call": "4",
    "part": "95599804",
    "desc": "PAINT,AEROSOL SPRAY,TECHNICAL GREY / MINT MY MIND (2 COAT) (PAINT CODE OP-30Z)",
    "usage": "",
    "range": "",
    "qty": "AR",
    "positions": [],
    "reach": [],
    "history": []
  },
  {
    "call": "4",
    "part": "95599806",
    "desc": "PAINT,AEROSOL SPRAY,SKY SILVER (2 COAT) (PAINT CODE WA-413B)",
    "usage": "",
    "range": "",
    "qty": "AR",
    "positions": [],
    "reach": [],
    "history": []
  },
  {
    "call": "4",
    "part": "95599904",
    "desc": "PAINT,AEROSOL SPRAY,SHADOW GREY (2 COAT) (PAINT CODE WA-399A)",
    "usage": "",
    "range": "",
    "qty": "AR",
    "positions": [],
    "reach": [],
    "history": []
  },
  {
    "call": "4",
    "part": "95599902",
    "desc": "PAINT,AEROSOL SPRAY,BURGUNDY RED (2 COAT) (PAINT CODE WA-431B)",
    "usage": "",
    "range": "",
    "qty": "AR",
    "positions": [],
    "reach": [],
    "history": []
  },
  {
    "call": "4",
    "part": "95599790",
    "desc": "PAINT,AEROSOL SPRAY,CHESTNUT BROWN (2 COAT) (PAINT CODE WA-476A) (NLS.- NO REPLACEMENT PART)",
    "usage": "",
    "range": "",
    "qty": "AR",
    "positions": [],
    "reach": [],
    "history": []
  },
  {
    "call": "4",
    "part": "95599800",
    "desc": "PAINT,AEROSOL SPRAY,DARKMOON BLUE (2 COAT) (PAINT CODE 467B)",
    "usage": "",
    "range": "",
    "qty": "AR",
    "positions": [],
    "reach": [],
    "history": []
  },
  {
    "call": "4",
    "part": "95599949",
    "desc": "PAINT,AEROSOL SPRAY,SILKY BEIGE (2 COAT) (PAINT CODE WA-446C) (NLS.- NO REPLACEMENT PART)",
    "usage": "",
    "range": "",
    "qty": "AR",
    "positions": [],
    "reach": [],
    "history": []
  },
  {
    "call": "4",
    "part": "95599933",
    "desc": "PAINT,AEROSOL SPRAY,PEARL WHITE (2 COAT) (NLS.- USE 95599990, 95599992)",
    "usage": "",
    "range": "",
    "qty": "AR",
    "positions": [],
    "reach": [],
    "history": []
  },
  {
    "call": "4",
    "part": "95599935",
    "desc": "PAINT,AEROSOL SPRAY,WHITE JADE (2 COAT)",
    "usage": "",
    "range": "",
    "qty": "AR",
    "positions": [],
    "reach": [],
    "history": []
  },
  {
    "call": "4",
    "part": "95599937",
    "desc": "PAINT,AEROSOL SPRAY,JASPER GREY (2 COAT)",
    "usage": "",
    "range": "",
    "qty": "AR",
    "positions": [],
    "reach": [],
    "history": []
  },
  {
    "call": "4",
    "part": "95599941",
    "desc": "PAINT,AEROSOL SPRAY,MOONSTONE GREY (2 COAT)",
    "usage": "",
    "range": "",
    "qty": "AR",
    "positions": [],
    "reach": [],
    "history": []
  },
  {
    "call": "4",
    "part": "95599943",
    "desc": "PAINT,AEROSOL SPRAY,QUARTZ GREY (2 COAT)",
    "usage": "",
    "range": "",
    "qty": "AR",
    "positions": [],
    "reach": [],
    "history": []
  },
  {
    "call": "4",
    "part": "95599945",
    "desc": "PAINT,AEROSOL SPRAY,DIAMOND BLACK (2 COAT) (NLS - NO REPLACEMENT PART)",
    "usage": "",
    "range": "",
    "qty": "AR",
    "positions": [],
    "reach": [],
    "history": []
  },
  {
    "call": "4",
    "part": "95599947",
    "desc": "PAINT,AEROSOL SPRAY,GOLDEN SUNSTONE (2 COAT) (NLS.- NO REPLACEMENT PART)",
    "usage": "",
    "range": "",
    "qty": "AR",
    "positions": [],
    "reach": [],
    "history": []
  },
  {
    "call": "4",
    "part": "95599951",
    "desc": "PAINT,AEROSOL SPRAY,TOPAZ BLUE (2 COAT)",
    "usage": "",
    "range": "",
    "qty": "AR",
    "positions": [],
    "reach": [],
    "history": []
  },
  {
    "call": "4",
    "part": "95599953",
    "desc": "PAINT,AEROSOL SPRAY,DARK RUBY RED (2 COAT)",
    "usage": "",
    "range": "",
    "qty": "AR",
    "positions": [],
    "reach": [],
    "history": []
  },
  {
    "call": "4",
    "part": "95599955",
    "desc": "PAINT,AEROSOL SPRAY,AMTHYST PURPLE (2 COAT) (NLS.- NO REPLACEMENT PART)",
    "usage": "",
    "range": "",
    "qty": "AR",
    "positions": [],
    "reach": [],
    "history": []
  },
  {
    "call": "4",
    "part": "95599931",
    "desc": "PAINT,AEROSOL SPRAY,RIOJA RED (2 COAT) (PAINT CODE (OP-50W))",
    "usage": "",
    "range": "",
    "qty": "AR",
    "positions": [],
    "reach": [],
    "history": []
  },
  {
    "call": "4",
    "part": "95599939",
    "desc": "PAINT,AEROSOL SPRAY,APRICOT PINK,PAINT CODE WA-421C (2 COAT)",
    "usage": "",
    "range": "",
    "qty": "AR",
    "positions": [],
    "reach": [],
    "history": []
  },
  {
    "call": "4",
    "part": "95599990",
    "desc": "PAINT,AEROSOL SPRAY,PEARL WHITE (2 COAT) (FOR USE WITH 95599992)",
    "usage": "",
    "range": "",
    "qty": "AR",
    "positions": [],
    "reach": [],
    "history": []
  },
  {
    "call": "4",
    "part": "95599992",
    "desc": "PAINT,AEROSOL SPRAY,PEARL WHITE,BASE (2 COAT) (FOR USE WITH 95599990)",
    "usage": "",
    "range": "",
    "qty": "AR",
    "positions": [],
    "reach": [],
    "history": []
  },
  {
    "call": "4",
    "part": "95600000",
    "desc": "PAINT,AEROSOL SPRAY,POLAR WHITE (2 COAT)",
    "usage": "",
    "range": "",
    "qty": "AR",
    "positions": [],
    "reach": [],
    "history": []
  },
  {
    "call": "4",
    "part": "95527601",
    "desc": "PAINT,AEROSOL SPRAY,THE GREEN GATSBY (2 COAT) (NLS.- NO REPLACEMENT PART)",
    "usage": "",
    "range": "",
    "qty": "AR",
    "positions": [],
    "reach": [],
    "history": []
  },
  {
    "call": "4",
    "part": "95527603",
    "desc": "PAINT,AEROSOL SPRAY,RED HOT CHILLI (2 COAT) (PAINT CODE (OP 50U))",
    "usage": "",
    "range": "",
    "qty": "AR",
    "positions": [],
    "reach": [],
    "history": []
  },
  {
    "call": "4",
    "part": "95528125",
    "desc": "PAINT,AEROSOL SPRAY,ONYX BLACK (2 COAT)",
    "usage": "",
    "range": "",
    "qty": "AR",
    "positions": [],
    "reach": [],
    "history": []
  },
  {
    "call": "4",
    "part": "95528127",
    "desc": "PAINT,AEROSOL SPRAY,COOL GREY (2 COAT)",
    "usage": "",
    "range": "",
    "qty": "AR",
    "positions": [],
    "reach": [],
    "history": []
  },
  {
    "call": "4",
    "part": "95528129",
    "desc": "PAINT,AEROSOL SPRAY,NIGHT BLUE (2 COAT)",
    "usage": "",
    "range": "",
    "qty": "AR",
    "positions": [],
    "reach": [],
    "history": []
  },
  {
    "call": "4",
    "part": "95528131",
    "desc": "PAINT,AEROSOL SPRAY,COSMIC BROWN (2 COAT)",
    "usage": "",
    "range": "",
    "qty": "AR",
    "positions": [],
    "reach": [],
    "history": []
  },
  {
    "call": "4",
    "part": "95528133",
    "desc": "PAINT,AEROSOL SPRAY,CHERRY RED (2 COAT) (PAINT CODE (WA-697D)) (NLS.- NO REPLACEMENT PART)",
    "usage": "",
    "range": "",
    "qty": "AR",
    "positions": [],
    "reach": [],
    "history": []
  },
  {
    "call": "4",
    "part": "95528135",
    "desc": "PAINT,AEROSOL SPRAY,ROCK GREY (2 COAT) (PAINT CODE (WA-633D))",
    "usage": "",
    "range": "",
    "qty": "AR",
    "positions": [],
    "reach": [],
    "history": []
  },
  {
    "call": "4",
    "part": "95528137",
    "desc": "PAINT,AEROSOL SPRAY,PETROL BLUE (2 COAT) (PAINT CODE (WA-698D)) (NLS.- NO REPLACEMENT PART)",
    "usage": "",
    "range": "",
    "qty": "AR",
    "positions": [],
    "reach": [],
    "history": []
  },
  {
    "call": "4",
    "part": "95528139",
    "desc": "PAINT,AEROSOL SPRAY,RUBY RED (2 COAT)",
    "usage": "",
    "range": "",
    "qty": "AR",
    "positions": [],
    "reach": [],
    "history": []
  },
  {
    "call": "4",
    "part": "1671992780",
    "desc": "PAINT,AEROSOL SPRAY,NAVY BLUE (2 COAT) (PAINT CODE OP 23F)",
    "usage": "",
    "range": "",
    "qty": "AR",
    "positions": [],
    "reach": [],
    "history": []
  },
  {
    "call": "4",
    "part": "1671992680",
    "desc": "PAINT,AEROSOL SPRAY,HOT RED (2 COAT) (PAINT CODE OP 51A)",
    "usage": "",
    "range": "",
    "qty": "AR",
    "positions": [],
    "reach": [],
    "history": []
  },
  {
    "call": "4",
    "part": "1671993080",
    "desc": "PAINT,AEROSOL SPRAY,SLATE GREY (2 COAT)",
    "usage": "",
    "range": "",
    "qty": "AR",
    "positions": [],
    "reach": [],
    "history": []
  },
  {
    "call": "4",
    "part": "1650159580",
    "desc": "PAINT,AEROSOL SPRAY,POWER ORANGE (2 COAT)",
    "usage": "",
    "range": "",
    "qty": "AR",
    "positions": [],
    "reach": [],
    "history": []
  },
  {
    "call": "4",
    "part": "1681163380",
    "desc": "PAINT,AEROSOL SPRAY,CARBON BROWN (2 COAT) (PAINT CODE OP 42H)",
    "usage": "",
    "range": "",
    "qty": "AR",
    "positions": [],
    "reach": [],
    "history": []
  }
]