[
  {
    "call": "1",
    "part": "N",
    "desc": "",
    "usage": "",
    "range": "",
    "qty": "",
    "positions": [],
    "reach": [],
    "history": []
  },
  {
    "call": "1",
    "part": "N",
    "desc": "",
    "usage": "",
    "range": "",
    "qty": "",
    "positions": [],
    "reach": [],
    "history": []
  },
  {
    "call": "1",
    "part": "",
    "desc": "@",
    "usage": "",
    "range": "",
    "qty": "1",
    "positions": [],
    "reach": [],
    "history": []
  },
  {
    "call": "5X",
    "part": "93165025",
    "desc": "KIT,ADHESIVE,310ML (IDENT GL01)",
    "usage": "",
    "range": "",
    "qty": "",
    "positions": [
      {
        "x": 426,
        "y": 64
      }
    ],
    "reach": [],
    "history": []
  },
  {
    "call": "11",
    "part": "(13420997)",
    "desc": "GLASS,QUARTERLIGHT,RH,STANDARD TINT (NLS.- USE 39082630)",
    "usage": "",
    "range": "",
    "qty": "1",
    "positions": [
      {
        "x": 2100,
        "y": 1269
      }
    ],
    "reach": [],
    "history": []
  },
  {
    "call": "11",
    "part": "39082630",
    "desc": "GLASS,QUARTERLIGHT,RH,STANDARD TINT",
    "usage": "",
    "range": "",
    "qty": "1",
    "positions": [],
    "reach": [],
    "history": []
  },
  {
    "call": "11",
    "part": "(13420999)",
    "desc": "GLASS,QUARTERLIGHT,RH,PRIVACY TINT [RPO AKO] (NLS.- USE 39082632)",
    "usage": "",
    "range": "",
    "qty": "1",
    "positions": [],
    "reach": [],
    "history": []
  },
  {
    "call": "11",
    "part": "39082632",
    "desc": "GLASS,QUARTERLIGHT,RH,PRIVACY TINT [RPO AKO]",
    "usage": "",
    "range": "",
    "qty": "1",
    "positions": [],
    "reach": [],
    "history": []
  },
  {
    "call": "11",
    "part": "(13420996)",
    "desc": "GLASS,QUARTERLIGHT,LH,STANDARD TINT (EXCEPT RPO US3,WINDOW DIVERSITY ANTENNA SYSTEM) (NLS.- USE 39082629)",
    "usage": "",
    "range": "",
    "qty": "1",
    "positions": [],
    "reach": [],
    "history": []
  },
  {
    "call": "11",
    "part": "39082629",
    "desc": "GLASS,QUARTERLIGHT,LH,STANDARD TINT (EXCEPT RPO US3,WINDOW DIVERSITY ANTENNA SYSTEM)",
    "usage": "",
    "range": "",
    "qty": "1",
    "positions": [],
    "reach": [],
    "history": []
  },
  {
    "call": "11",
    "part": "(13421002)",
    "desc": "GLASS,QUARTERLIGHT,LH,STANDARD TINT (FOR WINDOW DIVERSITY ANTENNA SYSTEM,RPO US3) (NLS.- USE 39082633)",
    "usage": "",
    "range": "(C)      -K8999999\n(C)      -KG999999",
    "qty": "1",
    "positions": [],
    "reach": [],
    "history": []
  },
  {
    "call": "11",
    "part": "39082633",
    "desc": "GLASS,QUARTERLIGHT,LH,STANDARD TINT (FOR WINDOW DIVERSITY ANTENNA SYSTEM,RPO US3)",
    "usage": "",
    "range": "(C)      -K8999999\n(C)      -KG999999",
    "qty": "",
    "positions": [],
    "reach": [],
    "history": []
  },
  {
    "call": "11",
    "part": "39220224",
    "desc": "GLASS,QUARTERLIGHT,LH,STANDARD TINT (FOR WINDOW DIVERSITY ANTENNA SYSTEM,RPO US3)",
    "usage": "",
    "range": "(C)  L8000001-\n(C)  LG000001-",
    "qty": "1",
    "positions": [],
    "reach": [],
    "history": []
  },
  {
    "call": "11",
    "part": "(13420998)",
    "desc": "GLASS,QUARTERLIGHT,LH,PRIVACY TINT [RPO AKO] (EXCEPT RPO US3,WINDOW DIVERSITY ANTENNA SYSTEM) (NLS.- USE 39082631)",
    "usage": "",
    "range": "(C)      -K8999999\n(C)      -KG999999",
    "qty": "1",
    "positions": [],
    "reach": [],
    "history": []
  },
  {
    "call": "11",
    "part": "39082631",
    "desc": "GLASS,QUARTERLIGHT,LH,PRIVACY TINT [RPO AKO] (EXCEPT RPO US3,WINDOW DIVERSITY ANTENNA SYSTEM)",
    "usage": "",
    "range": "(C)      -K8999999\n(C)      -KG999999",
    "qty": "",
    "positions": [],
    "reach": [],
    "history": []
  },
  {
    "call": "11",
    "part": "39082631",
    "desc": "GLASS,QUARTERLIGHT,LH,PRIVACY TINT [RPO AKO] (EXCEPT RPO US3,WINDOW DIVERSITY ANTENNA SYSTEM) (EXCEPT RPO U2Q,DAB RADIO)",
    "usage": "",
    "range": "(C)  L8000001-\n(C)  LG000001-",
    "qty": "1",
    "positions": [],
    "reach": [],
    "history": []
  },
  {
    "call": "11",
    "part": "(13421004)",
    "desc": "GLASS,QUARTERLIGHT,LH,PRIVACY TINT [RPO AKO] (FOR WINDOW DIVERSITY ANTENNA SYSTEM,RPO US3) (NLS.- USE 39082634)",
    "usage": "",
    "range": "(C)      -K8999999\n(C)      -KG999999",
    "qty": "1",
    "positions": [],
    "reach": [],
    "history": []
  },
  {
    "call": "11",
    "part": "(39082634)",
    "desc": "GLASS,QUARTERLIGHT,LH,PRIVACY TINT [RPO AKO] (FOR WINDOW DIVERSITY ANTENNA SYSTEM,RPO US3) (NLS.- USE 39220225)",
    "usage": "",
    "range": "(C)      -K8999999\n(C)      -KG999999",
    "qty": "",
    "positions": [],
    "reach": [],
    "history": []
  },
  {
    "call": "11",
    "part": "39220225",
    "desc": "GLASS,QUARTERLIGHT,LH,PRIVACY TINT [RPO AKO] (FOR WINDOW DIVERSITY ANTENNA SYSTEM,RPO US3)",
    "usage": "",
    "range": "(C)  L8000001-\n(C)  LG000001-",
    "qty": "1",
    "positions": [],
    "reach": [],
    "history": []
  },
  {
    "call": "11",
    "part": "39220225",
    "desc": "GLASS,QUARTERLIGHT,LH,PRIVACY TINT [RPO AKO] (FOR DAB RADIO,RPO U2Q) (FOR ROOF MOUNTED AERIAL,RPO U71) (FOR ROOF MOUNTED AERIAL,RPO U91)",
    "usage": "",
    "range": "(C)  L8000001-\n(C)  LG000001-",
    "qty": "1",
    "positions": [],
    "reach": [],
    "history": []
  }
]