[
  {
    "call": "1",
    "part": "13448088",
    "desc": "GRILLE,RADIATOR,INNER (EXCEPT RPO WDH,OPC/VXR LINE PACK) (EXCEPT HOLDEN) (NLS.- USE 39015890)",
    "usage": "",
    "range": "",
    "qty": "1",
    "positions": [
      {
        "x": 912,
        "y": 1412
      }
    ],
    "reach": [],
    "history": []
  },
  {
    "call": "1",
    "part": "39015890",
    "desc": "GRILLE,RADIATOR,INNER (EXCEPT RPO WDH,OPC/VXR LINE PACK) (EXCEPT HOLDEN) (NLS.- USE 39078181)",
    "usage": "",
    "range": "",
    "qty": "1",
    "positions": [],
    "reach": [],
    "history": []
  },
  {
    "call": "1",
    "part": "39078181",
    "desc": "GRILLE,RADIATOR,INNER (EXCEPT RPO WDH,OPC/VXR LINE PACK) (EXCEPT HOLDEN) (NLS.- USE 39132771)",
    "usage": "",
    "range": "",
    "qty": "1",
    "positions": [],
    "reach": [],
    "history": []
  },
  {
    "call": "1",
    "part": "39132771",
    "desc": "GRILLE,RADIATOR,INNER (EXCEPT RPO WDH,OPC/VXR LINE PACK) (EXCEPT HOLDEN)",
    "usage": "",
    "range": "",
    "qty": "1",
    "positions": [],
    "reach": [],
    "history": []
  },
  {
    "call": "2",
    "part": "13498861",
    "desc": "GRILLE,RADIATOR,INNER (OPC,VXR,LINE PACK RPO WDH) (EXCEPT HOLDEN) (NLS.- USE 39132770)",
    "usage": "",
    "range": "",
    "qty": "1",
    "positions": [
      {
        "x": 912,
        "y": 1646
      }
    ],
    "reach": [],
    "history": []
  },
  {
    "call": "2",
    "part": "13498861",
    "desc": "GRILLE,RADIATOR,INNER (HOLDEN) (NLS.- USE 39132770)",
    "usage": "",
    "range": "",
    "qty": "1",
    "positions": [],
    "reach": [],
    "history": []
  },
  {
    "call": "2",
    "part": "39132770",
    "desc": "GRILLE,RADIATOR,INNER (OPC,VXR,LINE PACK RPO WDH) (EXCEPT HOLDEN) (NLS.- USE 39132771)",
    "usage": "",
    "range": "",
    "qty": "1",
    "positions": [],
    "reach": [],
    "history": []
  },
  {
    "call": "2",
    "part": "39132771",
    "desc": "GRILLE,RADIATOR,INNER (OPC,VXR,LINE PACK RPO WDH) (EXCEPT HOLDEN)",
    "usage": "",
    "range": "",
    "qty": "1",
    "positions": [],
    "reach": [],
    "history": []
  },
  {
    "call": "3",
    "part": "13453635",
    "desc": "GRILLE,RADIATOR,LOWER (EXCEPT RPO UD5/UFQ,PARK PILOT SYSTEM) (EXCEPT RPO WDH,OPC/VXR LINE PACK) (EXCEPT HOLDEN) (NLS.- USE 39089223)",
    "usage": "",
    "range": "",
    "qty": "1",
    "positions": [
      {
        "x": 1844,
        "y": 2168
      }
    ],
    "reach": [],
    "history": []
  },
  {
    "call": "3",
    "part": "39089223",
    "desc": "GRILLE,RADIATOR,LOWER (EXCEPT RPO UD5/UFQ,PARK PILOT SYSTEM) (EXCEPT RPO WDH,OPC/VXR LINE PACK) (EXCEPT HOLDEN)",
    "usage": "",
    "range": "",
    "qty": "1",
    "positions": [],
    "reach": [],
    "history": []
  },
  {
    "call": "3",
    "part": "1697524280",
    "desc": "GRILLE,RADIATOR,LOWER (EXCEPT RPO UD5/UFQ,PARK PILOT SYSTEM) (EXCEPT RPO WDH,OPC/VXR LINE PACK) (EXCEPT HOLDEN) (EUROREPAR)",
    "usage": "",
    "range": "",
    "qty": "1",
    "positions": [],
    "reach": [],
    "history": []
  },
  {
    "call": "3",
    "part": "13453638",
    "desc": "GRILLE,RADIATOR,LOWER (FOR PARKING PILOT SYSTEM,RPO UD5/UFQ) (EXCEPT RPO WDH,OPC/VXR LINE PACK) (EXCEPT HOLDEN) (NLS.- USE 39075049)",
    "usage": "",
    "range": "",
    "qty": "1",
    "positions": [],
    "reach": [],
    "history": []
  },
  {
    "call": "3",
    "part": "39075049",
    "desc": "GRILLE,RADIATOR,LOWER (FOR PARKING PILOT SYSTEM,RPO UD5/UFQ) (EXCEPT RPO WDH,OPC/VXR LINE PACK) (EXCEPT HOLDEN) (NLS.- USE 39089220)",
    "usage": "",
    "range": "",
    "qty": "1",
    "positions": [],
    "reach": [],
    "history": []
  },
  {
    "call": "3",
    "part": "39089220",
    "desc": "GRILLE,RADIATOR,LOWER (FOR PARKING PILOT SYSTEM,RPO UD5/UFQ) (EXCEPT RPO WDH,OPC/VXR LINE PACK) (EXCEPT HOLDEN)",
    "usage": "",
    "range": "",
    "qty": "1",
    "positions": [],
    "reach": [],
    "history": []
  },
  {
    "call": "3",
    "part": "1697524380",
    "desc": "GRILLE,RADIATOR,LOWER (FOR PARKING PILOT SYSTEM,RPO UD5/UFQ) (EXCEPT RPO WDH,OPC/VXR LINE PACK) (EXCEPT HOLDEN) (EUROREPAR)",
    "usage": "",
    "range": "",
    "qty": "1",
    "positions": [],
    "reach": [],
    "history": []
  },
  {
    "call": "4",
    "part": "39021769",
    "desc": "GRILLE,RADIATOR,LOWER (OPC,VXR,LINE PACK RPO WDH) (EXCEPT HOLDEN) (NLS.- USE 39096744)",
    "usage": "",
    "range": "",
    "qty": "1",
    "positions": [
      {
        "x": 2081,
        "y": 2168
      }
    ],
    "reach": [],
    "history": []
  },
  {
    "call": "4",
    "part": "39096744",
    "desc": "GRILLE,RADIATOR,LOWER (OPC,VXR,LINE PACK RPO WDH) (EXCEPT HOLDEN)",
    "usage": "",
    "range": "",
    "qty": "1",
    "positions": [],
    "reach": [],
    "history": []
  },
  {
    "call": "4",
    "part": "39021769",
    "desc": "GRILLE,RADIATOR,LOWER (HOLDEN) (NLS.- USE 39096744)",
    "usage": "",
    "range": "",
    "qty": "1",
    "positions": [],
    "reach": [],
    "history": []
  },
  {
    "call": "4",
    "part": "39096744",
    "desc": "GRILLE,RADIATOR,LOWER (HOLDEN)",
    "usage": "",
    "range": "",
    "qty": "1",
    "positions": [],
    "reach": [],
    "history": []
  },
  {
    "call": "5",
    "part": "11589011",
    "desc": "SCREW,HEX.HD.,WITH WASHER,M4.2 X 16",
    "usage": "",
    "range": "",
    "qty": "AR",
    "positions": [
      {
        "x": 1416,
        "y": 1299
      }
    ],
    "reach": [],
    "history": []
  },
  {
    "call": "6",
    "part": "13453647",
    "desc": "GRILLE,RADIATOR (EXCEPT RPO UGN,COLLISION AVOIDANCE SENSOR WITH BRAKE ASSIST) (NLS.- USE 39089225)",
    "usage": "TRIM LEVEL C",
    "range": "",
    "qty": "1",
    "positions": [
      {
        "x": 281,
        "y": 2040
      }
    ],
    "reach": [],
    "history": []
  },
  {
    "call": "6",
    "part": "39089225",
    "desc": "GRILLE,RADIATOR (EXCEPT RPO UGN,COLLISION AVOIDANCE SENSOR WITH BRAKE ASSIST)",
    "usage": "TRIM LEVEL C",
    "range": "",
    "qty": "1",
    "positions": [],
    "reach": [],
    "history": []
  },
  {
    "call": "6",
    "part": "13464819",
    "desc": "GRILLE,RADIATOR (EXCEPT RPO UGN,COLLISION AVOIDANCE SENSOR WITH BRAKE ASSIST) (NLS.- USE 39089229)",
    "usage": "TRIM LEVEL D,E,F",
    "range": "",
    "qty": "1",
    "positions": [],
    "reach": [],
    "history": []
  },
  {
    "call": "6",
    "part": "39089229",
    "desc": "GRILLE,RADIATOR (EXCEPT RPO UGN,COLLISION AVOIDANCE SENSOR WITH BRAKE ASSIST)",
    "usage": "TRIM LEVEL D,E,F",
    "range": "",
    "qty": "1",
    "positions": [],
    "reach": [],
    "history": []
  },
  {
    "call": "6",
    "part": "39089225",
    "desc": "GRILLE,RADIATOR (EXCEPT RPO UGN,COLLISION AVOIDANCE SENSOR WITH BRAKE ASSIST) (HOLDEN)",
    "usage": "R",
    "range": "",
    "qty": "1",
    "positions": [],
    "reach": [],
    "history": []
  },
  {
    "call": "6",
    "part": "39089229",
    "desc": "GRILLE,RADIATOR (EXCEPT RPO UGN,COLLISION AVOIDANCE SENSOR WITH BRAKE ASSIST) (HOLDEN)",
    "usage": "RS,RS-V",
    "range": "",
    "qty": "1",
    "positions": [],
    "reach": [],
    "history": []
  },
  {
    "call": "7",
    "part": "13453652",
    "desc": "GRILLE,RADIATOR (FOR COLLISION AVOIDANCE SENSOR WITH BRAKE ASSIST,RPO UGN)",
    "usage": "",
    "range": "",
    "qty": "1",
    "positions": [
      {
        "x": 44,
        "y": 1309
      }
    ],
    "reach": [],
    "history": []
  },
  {
    "call": "8",
    "part": "39060099",
    "desc": "EMBLEM (OPEL) (FOR COLLISION AVOIDANCE SENSOR WITH BRAKE ASSIST,RPO UGN)",
    "usage": "",
    "range": "",
    "qty": "1",
    "positions": [
      {
        "x": 138,
        "y": 1691
      }
    ],
    "reach": [],
    "history": []
  },
  {
    "call": "8",
    "part": "39060101",
    "desc": "EMBLEM (VAUXHALL) (FOR COLLISION AVOIDANCE SENSOR WITH BRAKE ASSIST,RPO UGN)",
    "usage": "",
    "range": "",
    "qty": "1",
    "positions": [],
    "reach": [],
    "history": []
  },
  {
    "call": "8",
    "part": "39060104",
    "desc": "EMBLEM (HOLDEN) (FOR COLLISION AVOIDANCE SENSOR WITH BRAKE ASSIST,RPO UGN)",
    "usage": "",
    "range": "",
    "qty": "1",
    "positions": [],
    "reach": [],
    "history": []
  },
  {
    "call": "9",
    "part": "13423641",
    "desc": "MOULDING,LH,CHROME (EXCEPT RPO UGN,COLLISION AVOIDANCE SENSOR WITH BRAKE ASSIST)",
    "usage": "TRIM LEVEL D,E,F",
    "range": "",
    "qty": "1",
    "positions": [
      {
        "x": 111,
        "y": 2499
      }
    ],
    "reach": [],
    "history": []
  },
  {
    "call": "9",
    "part": "13423642",
    "desc": "MOULDING,RH,CHROME (EXCEPT RPO UGN,COLLISION AVOIDANCE SENSOR WITH BRAKE ASSIST)",
    "usage": "TRIM LEVEL D,E,F",
    "range": "",
    "qty": "1",
    "positions": [],
    "reach": [],
    "history": []
  },
  {
    "call": "9",
    "part": "13448090",
    "desc": "MOULDING,LH (FOR COLLISION AVOIDANCE SENSOR WITH BRAKE ASSIST,RPO UGN)",
    "usage": "",
    "range": "",
    "qty": "1",
    "positions": [],
    "reach": [],
    "history": []
  },
  {
    "call": "9",
    "part": "39013756",
    "desc": "MOULDING,RH (FOR COLLISION AVOIDANCE SENSOR WITH BRAKE ASSIST,RPO UGN)",
    "usage": "",
    "range": "",
    "qty": "1",
    "positions": [],
    "reach": [],
    "history": []
  },
  {
    "call": "10",
    "part": "13469599",
    "desc": "MOULDING,RH",
    "usage": "",
    "range": "",
    "qty": "1",
    "positions": [
      {
        "x": 930,
        "y": 2381
      }
    ],
    "reach": [],
    "history": []
  },
  {
    "call": "10",
    "part": "13469598",
    "desc": "MOULDING,LH",
    "usage": "",
    "range": "",
    "qty": "1",
    "positions": [],
    "reach": [],
    "history": []
  },
  {
    "call": "11",
    "part": "13499726",
    "desc": "COVER,UPPER (FOR MANUAL TRANSMISSION,RPO MM3) (EXCEPT RPO VQ9,REMOVABLE TRAILER COUPLING)",
    "usage": "B10XFL[LE1],D10XFL[LE1],B14XE[LV7],B14XNT[LFE],D14XNT[LFE],B16SHT[LWC],D16SHT[LWC],B16DTE[LWQ],B16DTH[LVL],D16DTH[LVL],D16DTN[LVL],B16DTU[LWV],B16DTR[LVK],D16DTR[LVK]",
    "range": "",
    "qty": "",
    "positions": [
      {
        "x": 1981,
        "y": 394
      }
    ],
    "reach": [],
    "history": []
  },
  {
    "call": "11",
    "part": "13499726",
    "desc": "COVER,UPPER (FOR STOP/START ENGINE SYSTEM,RPO KL9) (FOR MANUAL TRANSMISSION,RPO MM3) (EXCEPT RPO VQ9,REMOVABLE TRAILER COUPLING) (EXCEPT RPO UGN,COLLISION AVOIDANCE SENSOR WITH BRAKE ASSIST)",
    "usage": "B14XFL[LE2],D14XFL[LE2],B14XFT[LE2],D14XFT[LE2]",
    "range": "",
    "qty": "",
    "positions": [],
    "reach": [],
    "history": []
  },
  {
    "call": "12",
    "part": "13453641",
    "desc": "COVER,LOWER",
    "usage": "B14XE[LV7]",
    "range": "",
    "qty": "1",
    "positions": [
      {
        "x": 1477,
        "y": 656
      }
    ],
    "reach": [],
    "history": []
  },
  {
    "call": "13",
    "part": "90087290",
    "desc": "RIVET (NLS.- USE YQ00125980)",
    "usage": "",
    "range": "",
    "qty": "8",
    "positions": [
      {
        "x": 1938,
        "y": 1448
      }
    ],
    "reach": [],
    "history": []
  },
  {
    "call": "14",
    "part": "13464792",
    "desc": "EMBLEM (OPEL) (NLS.- USE 39086922)",
    "usage": "",
    "range": "",
    "qty": "1",
    "positions": [
      {
        "x": 1182,
        "y": 798
      }
    ],
    "reach": [],
    "history": []
  },
  {
    "call": "14",
    "part": "39086922",
    "desc": "EMBLEM (OPEL)",
    "usage": "",
    "range": "",
    "qty": "1",
    "positions": [],
    "reach": [],
    "history": []
  },
  {
    "call": "15",
    "part": "13423643",
    "desc": "EMBLEM (VAUXHALL) (NLS.- USE 39086923)",
    "usage": "",
    "range": "",
    "qty": "1",
    "positions": [
      {
        "x": 1267,
        "y": 765
      }
    ],
    "reach": [],
    "history": []
  },
  {
    "call": "15",
    "part": "39086923",
    "desc": "EMBLEM (VAUXHALL)",
    "usage": "",
    "range": "",
    "qty": "1",
    "positions": [],
    "reach": [],
    "history": []
  },
  {
    "call": "16",
    "part": "39051213",
    "desc": "EMBLEM (HOLDEN)",
    "usage": "",
    "range": "",
    "qty": "1",
    "positions": [
      {
        "x": 991,
        "y": 874
      }
    ],
    "reach": [],
    "history": []
  },
  {
    "call": "17",
    "part": "13453650",
    "desc": "ADAPTOR,EMBLEM (VAUXHALL) (NLS.- USE 39089227)",
    "usage": "",
    "range": "",
    "qty": "1",
    "positions": [
      {
        "x": 1370,
        "y": 731
      }
    ],
    "reach": [],
    "history": []
  },
  {
    "call": "17",
    "part": "39089227",
    "desc": "ADAPTOR,EMBLEM (VAUXHALL)",
    "usage": "",
    "range": "",
    "qty": "1",
    "positions": [],
    "reach": [],
    "history": []
  },
  {
    "call": "18",
    "part": "39052101",
    "desc": "ADAPTOR,EMBLEM (HOLDEN)",
    "usage": "",
    "range": "",
    "qty": "1",
    "positions": [
      {
        "x": 1085,
        "y": 838
      }
    ],
    "reach": [],
    "history": []
  },
  {
    "call": "19",
    "part": "39064561",
    "desc": "FRAME,DEFLECTOR",
    "usage": "",
    "range": "",
    "qty": "1",
    "positions": [
      {
        "x": 1419,
        "y": 1230
      }
    ],
    "reach": [],
    "history": []
  },
  {
    "call": "20",
    "part": "39064560",
    "desc": "DEFLECTOR,ASSY.,AIR (EXCEPT LINE PACK RPO WDH OPC,VXR) (NLS.- USE 39084116)",
    "usage": "",
    "range": "",
    "qty": "1",
    "positions": [
      {
        "x": 1416,
        "y": 1056
      }
    ],
    "reach": [],
    "history": []
  },
  {
    "call": "20",
    "part": "39084116",
    "desc": "DEFLECTOR,ASSY.,AIR (EXCEPT LINE PACK RPO WDH OPC,VXR)",
    "usage": "",
    "range": "",
    "qty": "1",
    "positions": [],
    "reach": [],
    "history": []
  },
  {
    "call": "21",
    "part": "23164428",
    "desc": "ACTUATOR,DEFLECTOR (EXCEPT LINE PACK RPO WDH OPC,VXR) (NLS.- USE 84089658)",
    "usage": "",
    "range": "",
    "qty": "1",
    "positions": [
      {
        "x": 1808,
        "y": 999
      }
    ],
    "reach": [],
    "history": []
  },
  {
    "call": "21",
    "part": "84089658",
    "desc": "ACTUATOR,DEFLECTOR (EXCEPT LINE PACK RPO WDH OPC,VXR)",
    "usage": "",
    "range": "",
    "qty": "1",
    "positions": [],
    "reach": [],
    "history": []
  },
  {
    "call": "22",
    "part": "11570637",
    "desc": "SCREW,TORX (NLS.- USE YR00280680)",
    "usage": "",
    "range": "",
    "qty": "4",
    "positions": [
      {
        "x": 1410,
        "y": 1160
      }
    ],
    "reach": [],
    "history": []
  },
  {
    "call": "23",
    "part": "11515842",
    "desc": "NUT,CLAMP,DEFLECTOR (NLS.- USE YQ00111080)",
    "usage": "",
    "range": "",
    "qty": "4",
    "positions": [
      {
        "x": 1413,
        "y": 977
      }
    ],
    "reach": [],
    "history": []
  },
  {
    "call": "24",
    "part": "13498865",
    "desc": "BEZEL,CENTRE,CHROME (OPC,VXR,LINE PACK RPO WDH) (EXCEPT HOLDEN) (NLS.- USE 39094824)",
    "usage": "",
    "range": "",
    "qty": "1",
    "positions": [
      {
        "x": 329,
        "y": 315
      }
    ],
    "reach": [],
    "history": []
  },
  {
    "call": "24",
    "part": "13498865",
    "desc": "BEZEL,CENTRE,CHROME (HOLDEN) (NLS.- USE 39094824)",
    "usage": "",
    "range": "",
    "qty": "1",
    "positions": [],
    "reach": [],
    "history": []
  },
  {
    "call": "24",
    "part": "39094824",
    "desc": "BEZEL,CENTRE,CHROME (OPC,VXR,LINE PACK RPO WDH) (EXCEPT HOLDEN)",
    "usage": "",
    "range": "",
    "qty": "1",
    "positions": [],
    "reach": [],
    "history": []
  },
  {
    "call": "24",
    "part": "39094824",
    "desc": "BEZEL,CENTRE,CHROME,HOLDEN",
    "usage": "",
    "range": "",
    "qty": "1",
    "positions": [],
    "reach": [],
    "history": []
  },
  {
    "call": "25",
    "part": "13498866",
    "desc": "BEZEL,LH,CHROME (OPC,VXR,LINE PACK RPO WDH) (EXCEPT HOLDEN) (NLS.- USE 39094823)",
    "usage": "",
    "range": "",
    "qty": "1",
    "positions": [
      {
        "x": 1097,
        "y": 646
      }
    ],
    "reach": [],
    "history": []
  },
  {
    "call": "25",
    "part": "13498866",
    "desc": "BEZEL,LH,CHROME (HOLDEN) (NLS.- USE 39094823)",
    "usage": "",
    "range": "",
    "qty": "1",
    "positions": [],
    "reach": [],
    "history": []
  },
  {
    "call": "25",
    "part": "39094823",
    "desc": "BEZEL,LH,CHROME (OPC,VXR,LINE PACK RPO WDH) (EXCEPT HOLDEN)",
    "usage": "",
    "range": "",
    "qty": "1",
    "positions": [],
    "reach": [],
    "history": []
  },
  {
    "call": "25",
    "part": "39094823",
    "desc": "BEZEL,LH,CHROME (HOLDEN)",
    "usage": "",
    "range": "",
    "qty": "1",
    "positions": [],
    "reach": [],
    "history": []
  },
  {
    "call": "25",
    "part": "13498867",
    "desc": "BEZEL,RH,CHROME (OPC,VXR,LINE PACK RPO WDH) (EXCEPT HOLDEN) (NLS.- USE 39094822)",
    "usage": "",
    "range": "",
    "qty": "1",
    "positions": [],
    "reach": [],
    "history": []
  },
  {
    "call": "25",
    "part": "13498867",
    "desc": "BEZEL,RH,CHROME,HOLDEN (NLS.- USE 39094822)",
    "usage": "",
    "range": "",
    "qty": "1",
    "positions": [],
    "reach": [],
    "history": []
  },
  {
    "call": "25",
    "part": "39094822",
    "desc": "BEZEL,RH,CHROME (OPC,VXR,LINE PACK RPO WDH) (EXCEPT HOLDEN)",
    "usage": "",
    "range": "",
    "qty": "1",
    "positions": [],
    "reach": [],
    "history": []
  },
  {
    "call": "25",
    "part": "39094822",
    "desc": "BEZEL,RH,CHROME (HOLDEN)",
    "usage": "",
    "range": "",
    "qty": "1",
    "positions": [],
    "reach": [],
    "history": []
  },
  {
    "call": "26",
    "part": "39021663",
    "desc": "INSERT,CENTRE,CHROME (OPC,VXR,LINE PACK RPO WDH) (EXCEPT HOLDEN) (NLS.- USE 39096742)",
    "usage": "",
    "range": "",
    "qty": "1",
    "positions": [
      {
        "x": 80,
        "y": 574
      }
    ],
    "reach": [],
    "history": []
  },
  {
    "call": "26",
    "part": "39096742",
    "desc": "INSERT,CENTRE,CHROME (OPC,VXR,LINE PACK RPO WDH) (EXCEPT HOLDEN)",
    "usage": "",
    "range": "",
    "qty": "1",
    "positions": [],
    "reach": [],
    "history": []
  },
  {
    "call": "26",
    "part": "39021663",
    "desc": "INSERT,CENTRE,CHROME (HOLDEN) (NLS.- USE 39096742)",
    "usage": "",
    "range": "",
    "qty": "1",
    "positions": [],
    "reach": [],
    "history": []
  },
  {
    "call": "26",
    "part": "39096742",
    "desc": "INSERT,CENTRE,CHROME (HOLDEN)",
    "usage": "",
    "range": "",
    "qty": "1",
    "positions": [],
    "reach": [],
    "history": []
  },
  {
    "call": "27",
    "part": "39021662",
    "desc": "INSERT,LH,CHROME (OPC,VXR,LINE PACK RPO WDH) (EXCEPT HOLDEN) (NLS.- USE 39096741)",
    "usage": "",
    "range": "",
    "qty": "1",
    "positions": [
      {
        "x": 587,
        "y": 765
      }
    ],
    "reach": [],
    "history": []
  },
  {
    "call": "27",
    "part": "39096741",
    "desc": "INSERT,LH,CHROME (OPC,VXR,LINE PACK RPO WDH) (EXCEPT HOLDEN)",
    "usage": "",
    "range": "",
    "qty": "1",
    "positions": [],
    "reach": [],
    "history": []
  },
  {
    "call": "27",
    "part": "39021662",
    "desc": "INSERT,LH,CHROME (HOLDEN) (NLS.- USE 39096741)",
    "usage": "",
    "range": "",
    "qty": "1",
    "positions": [],
    "reach": [],
    "history": []
  },
  {
    "call": "27",
    "part": "39096741",
    "desc": "INSERT,LH,CHROME (HOLDEN)",
    "usage": "",
    "range": "",
    "qty": "1",
    "positions": [],
    "reach": [],
    "history": []
  },
  {
    "call": "27",
    "part": "39021661",
    "desc": "INSERT,RH,CHROME (OPC,VXR,LINE PACK RPO WDH) (EXCEPT HOLDEN) (NLS.- USE 39096740)",
    "usage": "",
    "range": "",
    "qty": "1",
    "positions": [],
    "reach": [],
    "history": []
  },
  {
    "call": "27",
    "part": "39096740",
    "desc": "INSERT,RH,CHROME (OPC,VXR,LINE PACK RPO WDH) (EXCEPT HOLDEN)",
    "usage": "",
    "range": "",
    "qty": "1",
    "positions": [],
    "reach": [],
    "history": []
  },
  {
    "call": "27",
    "part": "39021661",
    "desc": "INSERT,RH,CHROME (HOLDEN) (NLS.- USE 39096740)",
    "usage": "",
    "range": "",
    "qty": "1",
    "positions": [],
    "reach": [],
    "history": []
  },
  {
    "call": "27",
    "part": "39096740",
    "desc": "INSERT,RH,CHROME (HOLDEN)",
    "usage": "",
    "range": "",
    "qty": "1",
    "positions": [],
    "reach": [],
    "history": []
  }
]