[
  {
    "call": "23",
    "part": "(39057213)",
    "desc": "MOULDING,SILL PANEL,LH,PRIMED (OPC,VXR,LINE PACK RPO WDH) (SALES PACK GS MODEL,RPO BP5) (NLS.- USE 39103570)",
    "usage": "",
    "range": "(C)      -G8999999\n(C)      -GG999999",
    "qty": "1",
    "positions": [
      {
        "x": 441,
        "y": 2363
      }
    ],
    "reach": [],
    "history": []
  },
  {
    "call": "23",
    "part": "(39103570)",
    "desc": "MOULDING,SILL PANEL,LH,PRIMED (OPC,VXR,LINE PACK RPO WDH) (SALES PACK GS MODEL,RPO BP5) (EXCEPT HOLDEN) (NLS.- USE 39141519)",
    "usage": "",
    "range": "(C)  H8000001-\n(C)  HG000001-",
    "qty": "1",
    "positions": [],
    "reach": [],
    "history": []
  },
  {
    "call": "23",
    "part": "39141519",
    "desc": "MOULDING,SILL PANEL,LH,PRIMED (OPC,VXR,LINE PACK RPO WDH) (SALES PACK GS MODEL,RPO BP5) (EXCEPT HOLDEN)",
    "usage": "",
    "range": "(C)  H8000001-\n(C)  HG000001-",
    "qty": "1",
    "positions": [],
    "reach": [],
    "history": []
  },
  {
    "call": "23",
    "part": "39141519",
    "desc": "MOULDING,SILL PANEL,LH,PRIMED (HOLDEN) (EXCEPT RPO N9F,MODEL CONVERSION R)",
    "usage": "",
    "range": "(C)  H8000001-\n(C)  HG000001-",
    "qty": "1",
    "positions": [],
    "reach": [],
    "history": []
  },
  {
    "call": "23",
    "part": "(39057214)",
    "desc": "MOULDING,SILL PANEL,RH,PRIMED (OPC,VXR,LINE PACK RPO WDH) (SALES PACK GS MODEL,RPO BP5) (NLS.- USE 39103571)",
    "usage": "",
    "range": "(C)      -G8999999\n(C)      -GG999999",
    "qty": "1",
    "positions": [],
    "reach": [],
    "history": []
  },
  {
    "call": "23",
    "part": "(39103571)",
    "desc": "MOULDING,SILL PANEL,RH,PRIMED (OPC,VXR,LINE PACK RPO WDH) (SALES PACK GS MODEL,RPO BP5) (EXCEPT HOLDEN) (NLS.- USE 39141520)",
    "usage": "",
    "range": "(C)  H8000001-\n(C)  HG000001-",
    "qty": "1",
    "positions": [],
    "reach": [],
    "history": []
  },
  {
    "call": "23",
    "part": "39141520",
    "desc": "MOULDING,SILL PANEL,RH,PRIMED (OPC,VXR,LINE PACK RPO WDH) (SALES PACK GS MODEL,RPO BP5) (EXCEPT HOLDEN)",
    "usage": "",
    "range": "(C)  H8000001-\n(C)  HG000001-",
    "qty": "1",
    "positions": [],
    "reach": [],
    "history": []
  },
  {
    "call": "23",
    "part": "39141520",
    "desc": "MOULDING,SILL PANEL,RH,PRIMED (HOLDEN) (EXCEPT RPO N9F,MODEL CONVERSION R)",
    "usage": "",
    "range": "(C)  H8000001-\n(C)  HG000001-",
    "qty": "1",
    "positions": [],
    "reach": [],
    "history": []
  },
  {
    "call": "24",
    "part": "(39057215)",
    "desc": "-COVER,JACKING POINT,LH,FRONT (OPC,VXR,LINE PACK RPO WDH) (SALES PACK GS MODEL,RPO BP5) (NLS.- USE 39103572)",
    "usage": "",
    "range": "(C)      -G8999999\n(C)      -GG999999",
    "qty": "1",
    "positions": [
      {
        "x": 645,
        "y": 2460
      }
    ],
    "reach": [],
    "history": []
  },
  {
    "call": "24",
    "part": "(39103572)",
    "desc": "-COVER,JACKING POINT,LH,FRONT (OPC,VXR,LINE PACK RPO WDH) (SALES PACK GS MODEL,RPO BP5) (EXCEPT HOLDEN) (NLS.- USE 39141517)",
    "usage": "",
    "range": "(C)  H8000001-\n(C)  HG000001-",
    "qty": "1",
    "positions": [],
    "reach": [],
    "history": []
  },
  {
    "call": "24",
    "part": "39141517",
    "desc": "-COVER,JACKING POINT,LH,FRONT (OPC,VXR,LINE PACK RPO WDH) (SALES PACK GS MODEL,RPO BP5) (EXCEPT HOLDEN)",
    "usage": "",
    "range": "(C)  H8000001-\n(C)  HG000001-",
    "qty": "1",
    "positions": [],
    "reach": [],
    "history": []
  },
  {
    "call": "24",
    "part": "39141517",
    "desc": "-COVER,JACKING POINT,LH,FRONT (HOLDEN) (EXCEPT RPO N9F,MODEL CONVERSION R)",
    "usage": "",
    "range": "(C)  H8000001-\n(C)  HG000001-",
    "qty": "1",
    "positions": [],
    "reach": [],
    "history": []
  },
  {
    "call": "24",
    "part": "(39057216)",
    "desc": "-COVER,JACKING POINT,RH,FRONT (OPC,VXR,LINE PACK RPO WDH) (SALES PACK GS MODEL,RPO BP5) (NLS.- USE 39103573)",
    "usage": "",
    "range": "(C)      -G8999999\n(C)      -GG999999",
    "qty": "1",
    "positions": [],
    "reach": [],
    "history": []
  },
  {
    "call": "24",
    "part": "(39103573)",
    "desc": "-COVER,JACKING POINT,RH,FRONT (OPC,VXR,LINE PACK RPO WDH) (SALES PACK GS MODEL,RPO BP5) (EXCEPT HOLDEN) (NLS.- USE 39141518)",
    "usage": "",
    "range": "(C)  H8000001-\n(C)  HG000001-",
    "qty": "1",
    "positions": [],
    "reach": [],
    "history": []
  },
  {
    "call": "24",
    "part": "39141518",
    "desc": "-COVER,JACKING POINT,RH,FRONT (OPC,VXR,LINE PACK RPO WDH) (SALES PACK GS MODEL,RPO BP5) (EXCEPT HOLDEN)",
    "usage": "",
    "range": "(C)  H8000001-\n(C)  HG000001-",
    "qty": "1",
    "positions": [],
    "reach": [],
    "history": []
  },
  {
    "call": "24",
    "part": "39141518",
    "desc": "-COVER,JACKING POINT,RH,FRONT (HOLDEN) (EXCEPT RPO N9F,MODEL CONVERSION R)",
    "usage": "",
    "range": "(C)  H8000001-\n(C)  HG000001-",
    "qty": "1",
    "positions": [],
    "reach": [],
    "history": []
  },
  {
    "call": "25",
    "part": "11611079",
    "desc": "-FASTENER",
    "usage": "",
    "range": "",
    "qty": "22",
    "positions": [
      {
        "x": 1161,
        "y": 2338
      }
    ],
    "reach": [],
    "history": []
  },
  {
    "call": "26",
    "part": "13479774",
    "desc": "-CLIP",
    "usage": "",
    "range": "",
    "qty": "14",
    "positions": [
      {
        "x": 774,
        "y": 2192
      }
    ],
    "reach": [],
    "history": []
  }
]