[
  {
    "call": "1",
    "part": "13425478",
    "desc": "BUMPER,REAR (EXCEPT PARKING PILOT SYSTEM) (EXCEPT RPO UDQ,SIDE BLIND SPOT ALERT) (EXCEPT RPO UFQ,PARK PILOT WITH STEERING ASSIST) (EXCEPT RPO WDH,OPC/VXR LINE PACK) (EXCEPT RPO UVC,REAR VIEW CAMERA) (EXCEPT HOLDEN) (NLS.- USE 39161697)",
    "usage": "",
    "range": "",
    "qty": "1",
    "positions": [
      {
        "x": 1988,
        "y": 115
      }
    ],
    "reach": [],
    "history": []
  },
  {
    "call": "1",
    "part": "13425480",
    "desc": "BUMPER,REAR (FOR REAR PARKING PILOT,RPO UD7) (FOR FRONT AND REAR PARKING PILOT,RPO UD5) (EXCEPT RPO WDH,OPC/VXR LINE PACK) (EXCEPT RPO UVC,REAR VIEW CAMERA) (EXCEPT HOLDEN) (NLS.- USE 39161696)",
    "usage": "",
    "range": "",
    "qty": "1",
    "positions": [],
    "reach": [],
    "history": []
  },
  {
    "call": "1",
    "part": "39161696",
    "desc": "BUMPER,REAR (FOR REAR PARKING PILOT,RPO UD7) (FOR MODEL CONVERSION R,RPO N9F) (HOLDEN)",
    "usage": "",
    "range": "",
    "qty": "1",
    "positions": [],
    "reach": [],
    "history": []
  },
  {
    "call": "1",
    "part": "39120001",
    "desc": "BUMPER,REAR (FOR REAR PARKING PILOT,RPO UD7) (FOR FRONT AND REAR PARKING PILOT,RPO UD5) (FOR REAR VIEW CAMERA,RPO UVC) (EXCEPT RPO WDH,OPC/VXR LINE PACK) (EXCEPT HOLDEN) (NLS.- USE 39161694)",
    "usage": "",
    "range": "",
    "qty": "1",
    "positions": [],
    "reach": [],
    "history": []
  },
  {
    "call": "1",
    "part": "13425481",
    "desc": "BUMPER,REAR (FOR SIDE BLIND SPOT ALERT,RPO UDQ) (FOR PARK PILOT WITH STEERING ASSIST,RPO UFQ) (EXCEPT RPO WDH,OPC/VXR LINE PACK) (EXCEPT RPO UVC,REAR VIEW CAMERA) (EXCEPT HOLDEN) (NLS.- USE 39161693)",
    "usage": "",
    "range": "",
    "qty": "1",
    "positions": [],
    "reach": [],
    "history": []
  },
  {
    "call": "1",
    "part": "39120002",
    "desc": "BUMPER,REAR (FOR SIDE BLIND SPOT ALERT,RPO UDQ) (FOR PARK PILOT WITH STEERING ASSIST,RPO UFQ) (FOR REAR VIEW CAMERA,RPO UVC) (EXCEPT RPO WDH,OPC/VXR LINE PACK) (EXCEPT HOLDEN) (NLS.- USE 39161695)",
    "usage": "",
    "range": "",
    "qty": "1",
    "positions": [],
    "reach": [],
    "history": []
  },
  {
    "call": "1",
    "part": "39161695",
    "desc": "BUMPER,REAR (FOR SIDE BLIND SPOT ALERT,RPO UDQ) (FOR PARK PILOT WITH STEERING ASSIST,RPO UFQ) (FOR REAR VIEW CAMERA,RPO UVC) (FOR MODEL CONVERSION R,RPO N9F) (HOLDEN)",
    "usage": "",
    "range": "",
    "qty": "1",
    "positions": [],
    "reach": [],
    "history": []
  },
  {
    "call": "2",
    "part": "13453980",
    "desc": "EXTENSION (LESS VISIBLE CHROME EXHAUST TAIL PIPE) (EXCEPT RPO WDH,OPC/VXR LINE PACK) (EXCEPT HOLDEN)",
    "usage": "Note : IF REQUIRED CUT HOLES FOR TOWING ATTACHMENT",
    "range": "",
    "qty": "1",
    "positions": [
      {
        "x": 2154,
        "y": 1006
      }
    ],
    "reach": [],
    "history": []
  },
  {
    "call": "3",
    "part": "13455247",
    "desc": "EXTENSION (FOR VISIBLE CHROME EXHAUST TAIL PIPE) (EXCEPT RPO WDH,OPC/VXR LINE PACK) (EXCEPT HOLDEN)",
    "usage": "B16DTR[LVK],D16DTR[LVK]\nNote : IF REQUIRED CUT HOLES FOR TOWING ATTACHMENT",
    "range": "",
    "qty": "1",
    "positions": [
      {
        "x": 2166,
        "y": 1175
      }
    ],
    "reach": [],
    "history": []
  },
  {
    "call": "3",
    "part": "13466213",
    "desc": "EXTENSION (FOR VISIBLE CHROME EXHAUST TAIL PIPE) (EXCEPT RPO WDH,OPC/VXR LINE PACK) (EXCEPT HOLDEN)",
    "usage": "B16SHT[LWC],D16SHT[LWC]\nNote : IF REQUIRED CUT HOLES FOR TOWING ATTACHMENT",
    "range": "",
    "qty": "1",
    "positions": [],
    "reach": [],
    "history": []
  },
  {
    "call": "4",
    "part": "13498003",
    "desc": "BUMPER,REAR (OPC,VXR,LINE PACK RPO WDH) (EXCEPT RPO UD5/UD7/UFQ,PARK PILOT SYSTEM) (EXCEPT RPO UDQ,SIDE BLIND SPOT ALERT) (EXCEPT RPO UVC,REAR VIEW CAMERA) (EXCEPT HOLDEN) (NLS.- USE 39094808)",
    "usage": "",
    "range": "",
    "qty": "1",
    "positions": [
      {
        "x": 174,
        "y": 1289
      }
    ],
    "reach": [],
    "history": []
  },
  {
    "call": "4",
    "part": "39094808",
    "desc": "BUMPER,REAR (OPC,VXR,LINE PACK RPO WDH) (EXCEPT RPO UD5/UD7/UFQ,PARK PILOT SYSTEM) (EXCEPT RPO UDQ,SIDE BLIND SPOT ALERT) (EXCEPT RPO UVC,REAR VIEW CAMERA) (EXCEPT HOLDEN)",
    "usage": "",
    "range": "",
    "qty": "1",
    "positions": [],
    "reach": [],
    "history": []
  },
  {
    "call": "4",
    "part": "13498003",
    "desc": "BUMPER,REAR (HOLDEN) (EXCEPT RPO UD5/UD7/UFQ,PARK PILOT SYSTEM) (EXCEPT RPO UDQ,SIDE BLIND SPOT ALERT) (EXCEPT RPO UVC,REAR VIEW CAMERA) (NLS.- USE 39094808)",
    "usage": "",
    "range": "",
    "qty": "1",
    "positions": [],
    "reach": [],
    "history": []
  },
  {
    "call": "4",
    "part": "39094808",
    "desc": "BUMPER,REAR (HOLDEN) (EXCEPT RPO UD5/UD7/UFQ,PARK PILOT SYSTEM) (EXCEPT RPO UDQ,SIDE BLIND SPOT ALERT) (EXCEPT RPO UVC,REAR VIEW CAMERA)",
    "usage": "",
    "range": "",
    "qty": "1",
    "positions": [],
    "reach": [],
    "history": []
  },
  {
    "call": "4",
    "part": "39010348",
    "desc": "BUMPER,REAR (FOR PARKING PILOT SYSTEM,RPO UD5/UD7) (OPC,VXR,LINE PACK RPO WDH) (EXCEPT HOLDEN) (NLS.- USE 39094810)",
    "usage": "",
    "range": "",
    "qty": "1",
    "positions": [],
    "reach": [],
    "history": []
  },
  {
    "call": "4",
    "part": "39094810",
    "desc": "BUMPER,REAR (FOR PARKING PILOT SYSTEM,RPO UD5/UD7) (OPC,VXR,LINE PACK RPO WDH) (EXCEPT HOLDEN)",
    "usage": "",
    "range": "",
    "qty": "1",
    "positions": [],
    "reach": [],
    "history": []
  },
  {
    "call": "4",
    "part": "39010348",
    "desc": "BUMPER,REAR (FOR PARKING PILOT SYSTEM,RPO UD5/UD7) (HOLDEN) (NLS.- USE 39094810)",
    "usage": "",
    "range": "",
    "qty": "1",
    "positions": [],
    "reach": [],
    "history": []
  },
  {
    "call": "4",
    "part": "39120003",
    "desc": "BUMPER,REAR (FOR PARKING PILOT SYSTEM,RPO UD5/UD7) (HOLDEN)",
    "usage": "",
    "range": "",
    "qty": "1",
    "positions": [],
    "reach": [],
    "history": []
  },
  {
    "call": "4",
    "part": "39010349",
    "desc": "BUMPER,REAR (FOR SIDE BLIND SPOT ALERT,RPO UDQ) (FOR PARK PILOT WITH STEERING ASSIST,RPO UFQ) (OPC,VXR,LINE PACK RPO WDH) (EXCEPT RPO UVC,REAR VIEW CAMERA) (EXCEPT HOLDEN) (NLS.- USE 39094811)",
    "usage": "",
    "range": "",
    "qty": "1",
    "positions": [],
    "reach": [],
    "history": []
  },
  {
    "call": "4",
    "part": "39094811",
    "desc": "BUMPER,REAR (FOR SIDE BLIND SPOT ALERT,RPO UDQ) (FOR PARK PILOT WITH STEERING ASSIST,RPO UFQ) (OPC,VXR,LINE PACK RPO WDH) (EXCEPT RPO UVC,REAR VIEW CAMERA) (EXCEPT HOLDEN) (NLS.- USE 39122812)",
    "usage": "",
    "range": "",
    "qty": "1",
    "positions": [],
    "reach": [],
    "history": []
  },
  {
    "call": "4",
    "part": "39122812",
    "desc": "BUMPER,REAR (FOR SIDE BLIND SPOT ALERT,RPO UDQ) (FOR PARK PILOT WITH STEERING ASSIST,RPO UFQ) (OPC,VXR,LINE PACK RPO WDH) (EXCEPT RPO UVC,REAR VIEW CAMERA) (EXCEPT HOLDEN)",
    "usage": "",
    "range": "",
    "qty": "1",
    "positions": [],
    "reach": [],
    "history": []
  },
  {
    "call": "4",
    "part": "39120004",
    "desc": "BUMPER,REAR (FOR SIDE BLIND SPOT ALERT,RPO UDQ) (FOR PARK PILOT WITH STEERING ASSIST,RPO UFQ) (FOR REAR VIEW CAMERA,RPO UVC) (OPC,VXR,LINE PACK RPO WDH) (EXCEPT HOLDEN)",
    "usage": "",
    "range": "",
    "qty": "1",
    "positions": [],
    "reach": [],
    "history": []
  },
  {
    "call": "4",
    "part": "39120004",
    "desc": "BUMPER,REAR (FOR SIDE BLIND SPOT ALERT,RPO UDQ) (FOR PARK PILOT WITH STEERING ASSIST,RPO UFQ) (HOLDEN)",
    "usage": "",
    "range": "",
    "qty": "1",
    "positions": [],
    "reach": [],
    "history": []
  },
  {
    "call": "5",
    "part": "39059986",
    "desc": "MOULDING,LH (OPC,VXR,LINE PACK RPO WDH)",
    "usage": "",
    "range": "",
    "qty": "1",
    "positions": [
      {
        "x": 509,
        "y": 1929
      }
    ],
    "reach": [],
    "history": []
  },
  {
    "call": "5",
    "part": "39059986",
    "desc": "MOULDING,LH (HOLDEN)",
    "usage": "",
    "range": "",
    "qty": "1",
    "positions": [],
    "reach": [],
    "history": []
  },
  {
    "call": "5",
    "part": "39059987",
    "desc": "MOULDING,RH (OPC,VXR,LINE PACK RPO WDH)",
    "usage": "",
    "range": "",
    "qty": "1",
    "positions": [],
    "reach": [],
    "history": []
  },
  {
    "call": "5",
    "part": "39059987",
    "desc": "MOULDING,RH,HOLDEN",
    "usage": "",
    "range": "",
    "qty": "1",
    "positions": [],
    "reach": [],
    "history": []
  },
  {
    "call": "6",
    "part": "39021756",
    "desc": "EXTENSION (OPC,VXR,LINE PACK RPO WDH) (LESS VISIBLE CHROME EXHAUST TAIL PIPE) (EXCEPT HOLDEN) (NLS.- USE 39096774)",
    "usage": "Note : IF REQUIRED CUT HOLES FOR TOWING ATTACHMENT",
    "range": "",
    "qty": "1",
    "positions": [
      {
        "x": 107,
        "y": 2243
      }
    ],
    "reach": [],
    "history": []
  },
  {
    "call": "6",
    "part": "39096774",
    "desc": "EXTENSION (OPC,VXR,LINE PACK RPO WDH) (LESS VISIBLE CHROME EXHAUST TAIL PIPE) (EXCEPT HOLDEN)",
    "usage": "Note : IF REQUIRED CUT HOLES FOR TOWING ATTACHMENT",
    "range": "",
    "qty": "1",
    "positions": [],
    "reach": [],
    "history": []
  },
  {
    "call": "6",
    "part": "39021756",
    "desc": "EXTENSION (HOLDEN) (NLS.- USE 39096774)",
    "usage": "Note : IF REQUIRED CUT HOLES FOR TOWING ATTACHMENT",
    "range": "",
    "qty": "1",
    "positions": [],
    "reach": [],
    "history": []
  },
  {
    "call": "6",
    "part": "39096774",
    "desc": "EXTENSION (HOLDEN)",
    "usage": "Note : IF REQUIRED CUT HOLES FOR TOWING ATTACHMENT",
    "range": "",
    "qty": "1",
    "positions": [],
    "reach": [],
    "history": []
  },
  {
    "call": "7",
    "part": "39021758",
    "desc": "EXTENSION (FOR VISIBLE CHROME EXHAUST TAIL PIPE) (OPC,VXR,LINE PACK RPO WDH) (EXCEPT HOLDEN) (NLS.- USE 39096771)",
    "usage": "Note : IF REQUIRED CUT HOLES FOR TOWING ATTACHMENT",
    "range": "",
    "qty": "1",
    "positions": [
      {
        "x": 101,
        "y": 2367
      }
    ],
    "reach": [],
    "history": []
  },
  {
    "call": "7",
    "part": "39096771",
    "desc": "EXTENSION (FOR VISIBLE CHROME EXHAUST TAIL PIPE) (OPC,VXR,LINE PACK RPO WDH) (EXCEPT HOLDEN)",
    "usage": "Note : IF REQUIRED CUT HOLES FOR TOWING ATTACHMENT",
    "range": "",
    "qty": "1",
    "positions": [],
    "reach": [],
    "history": []
  },
  {
    "call": "7",
    "part": "39021758",
    "desc": "EXTENSION (HOLDEN) (NLS.- USE 39096771)",
    "usage": "B16SHT[LWC]\nNote : IF REQUIRED CUT HOLES FOR TOWING ATTACHMENT",
    "range": "",
    "qty": "1",
    "positions": [],
    "reach": [],
    "history": []
  },
  {
    "call": "7",
    "part": "39096771",
    "desc": "EXTENSION (HOLDEN)",
    "usage": "B16SHT[LWC]\nNote : IF REQUIRED CUT HOLES FOR TOWING ATTACHMENT",
    "range": "",
    "qty": "1",
    "positions": [],
    "reach": [],
    "history": []
  },
  {
    "call": "8",
    "part": "39075208",
    "desc": "MOULDING,EXTENSION (OPC,VXR,LINE PACK RPO WDH) (FOR VISIBLE CHROME EXHAUST TAIL PIPE) (EXCEPT HOLDEN)",
    "usage": "B16DTR[LVK],D16DTR[LVK]",
    "range": "",
    "qty": "1",
    "positions": [
      {
        "x": 1309,
        "y": 2246
      }
    ],
    "reach": [],
    "history": []
  },
  {
    "call": "9",
    "part": "13363169",
    "desc": "CLAMP,EXTENSION (OPC,VXR,LINE PACK RPO WDH) (FOR VISIBLE CHROME EXHAUST TAIL PIPE) (EXCEPT HOLDEN)",
    "usage": "B16DTR[LVK],D16DTR[LVK]",
    "range": "",
    "qty": "2",
    "positions": [
      {
        "x": 1007,
        "y": 2243
      }
    ],
    "reach": [],
    "history": []
  },
  {
    "call": "10",
    "part": "13425523",
    "desc": "BRACKET,CENTRE",
    "usage": "",
    "range": "",
    "qty": "1",
    "positions": [
      {
        "x": 1176,
        "y": 402
      }
    ],
    "reach": [],
    "history": []
  },
  {
    "call": "11",
    "part": "13131964",
    "desc": "-SEAL",
    "usage": "",
    "range": "",
    "qty": "5",
    "positions": [
      {
        "x": 1300,
        "y": 405
      }
    ],
    "reach": [],
    "history": []
  },
  {
    "call": "11",
    "part": "13131964",
    "desc": "-SEAL",
    "usage": "",
    "range": "",
    "qty": "12",
    "positions": [],
    "reach": [],
    "history": []
  },
  {
    "call": "12",
    "part": "13439722",
    "desc": "DAMPER,ENERGY (FOR REMOVABLE TRAILER COUPLING,RPO VQ9)",
    "usage": "",
    "range": "",
    "qty": "1",
    "positions": [
      {
        "x": 1034,
        "y": 76
      }
    ],
    "reach": [],
    "history": []
  },
  {
    "call": "13",
    "part": "13499371",
    "desc": "GUIDE,BUMPER MOUNTING,RH (NLS.- USE 39086937)",
    "usage": "",
    "range": "",
    "qty": "1",
    "positions": [
      {
        "x": 400,
        "y": 655
      }
    ],
    "reach": [],
    "history": []
  },
  {
    "call": "13",
    "part": "39086937",
    "desc": "GUIDE,BUMPER MOUNTING,RH",
    "usage": "",
    "range": "",
    "qty": "1",
    "positions": [],
    "reach": [],
    "history": []
  },
  {
    "call": "13",
    "part": "13499370",
    "desc": "GUIDE,BUMPER MOUNTING,LH (NLS.- USE 39086936)",
    "usage": "",
    "range": "",
    "qty": "1",
    "positions": [],
    "reach": [],
    "history": []
  },
  {
    "call": "13",
    "part": "39086936",
    "desc": "GUIDE,BUMPER MOUNTING,LH",
    "usage": "",
    "range": "",
    "qty": "1",
    "positions": [],
    "reach": [],
    "history": []
  },
  {
    "call": "14",
    "part": "11516397",
    "desc": "-NUT,M4.2 (NLS.- USE 95530322)",
    "usage": "",
    "range": "",
    "qty": "6",
    "positions": [
      {
        "x": 539,
        "y": 764
      }
    ],
    "reach": [],
    "history": []
  },
  {
    "call": "15",
    "part": "13460919",
    "desc": "REFLECTOR,REAR BUMPER PANEL,RH (EXCEPT RPO WDH,OPC/VXR LINE PACK) (EXCEPT HOLDEN) (NLS.- USE 39047429)",
    "usage": "",
    "range": "",
    "qty": "1",
    "positions": [
      {
        "x": 1590,
        "y": 954
      }
    ],
    "reach": [],
    "history": []
  },
  {
    "call": "15",
    "part": "39047429",
    "desc": "REFLECTOR,REAR BUMPER PANEL,RH (EXCEPT RPO WDH,OPC/VXR LINE PACK) (EXCEPT HOLDEN)",
    "usage": "",
    "range": "",
    "qty": "1",
    "positions": [],
    "reach": [],
    "history": []
  },
  {
    "call": "15",
    "part": "13460918",
    "desc": "REFLECTOR,REAR BUMPER PANEL,LH (EXCEPT RPO WDH,OPC/VXR LINE PACK) (EXCEPT HOLDEN) (NLS.- USE 39047428)",
    "usage": "",
    "range": "",
    "qty": "1",
    "positions": [],
    "reach": [],
    "history": []
  },
  {
    "call": "15",
    "part": "39047428",
    "desc": "REFLECTOR,REAR BUMPER PANEL,LH (EXCEPT RPO WDH,OPC/VXR LINE PACK) (EXCEPT HOLDEN)",
    "usage": "",
    "range": "",
    "qty": "1",
    "positions": [],
    "reach": [],
    "history": []
  },
  {
    "call": "16",
    "part": "39086698",
    "desc": "REFLECTOR,REAR BUMPER PANEL,RH (OPC,VXR,LINE PACK RPO WDH) (EXCEPT HOLDEN)",
    "usage": "",
    "range": "",
    "qty": "1",
    "positions": [
      {
        "x": 965,
        "y": 1784
      }
    ],
    "reach": [],
    "history": []
  },
  {
    "call": "16",
    "part": "39086698",
    "desc": "REFLECTOR,REAR BUMPER PANEL,RH (HOLDEN)",
    "usage": "",
    "range": "",
    "qty": "1",
    "positions": [],
    "reach": [],
    "history": []
  },
  {
    "call": "16",
    "part": "39086697",
    "desc": "REFLECTOR,REAR BUMPER PANEL,LH (OPC,VXR,LINE PACK RPO WDH) (EXCEPT HOLDEN)",
    "usage": "",
    "range": "",
    "qty": "1",
    "positions": [],
    "reach": [],
    "history": []
  },
  {
    "call": "16",
    "part": "39086697",
    "desc": "REFLECTOR,REAR BUMPER PANEL,LH (HOLDEN)",
    "usage": "",
    "range": "",
    "qty": "1",
    "positions": [],
    "reach": [],
    "history": []
  },
  {
    "call": "17",
    "part": "13425525",
    "desc": "BRACKET,LH",
    "usage": "",
    "range": "",
    "qty": "1",
    "positions": [
      {
        "x": 1260,
        "y": 1229
      }
    ],
    "reach": [],
    "history": []
  },
  {
    "call": "18",
    "part": "13425527",
    "desc": "BRACKET,RH",
    "usage": "",
    "range": "",
    "qty": "1",
    "positions": [
      {
        "x": 1583,
        "y": 1075
      }
    ],
    "reach": [],
    "history": []
  },
  {
    "call": "19",
    "part": "13131964",
    "desc": "-SEAL",
    "usage": "",
    "range": "",
    "qty": "4",
    "positions": [
      {
        "x": 1710,
        "y": 1024
      },
      {
        "x": 1439,
        "y": 1178
      }
    ],
    "reach": [],
    "history": []
  },
  {
    "call": "20",
    "part": "11516397",
    "desc": "-NUT,M4.2 (NLS.- USE 95530322)",
    "usage": "",
    "range": "",
    "qty": "2",
    "positions": [
      {
        "x": 1414,
        "y": 1280
      },
      {
        "x": 1704,
        "y": 1126
      }
    ],
    "reach": [],
    "history": []
  },
  {
    "call": "21",
    "part": "13356713",
    "desc": "RIVET,BLIND,STEEL (NLS.- USE YQ00155580)",
    "usage": "",
    "range": "",
    "qty": "AR",
    "positions": [
      {
        "x": 1665,
        "y": 1314
      },
      {
        "x": 1928,
        "y": 1151
      }
    ],
    "reach": [],
    "history": []
  },
  {
    "call": "22",
    "part": "13425479",
    "desc": "FLAP,TOWING LUG (EXCEPT RPO WDH,OPC/VXR LINE PACK) (EXCEPT HOLDEN) (NLS.- USE 39086944)",
    "usage": "",
    "range": "",
    "qty": "1",
    "positions": [
      {
        "x": 2100,
        "y": 803
      }
    ],
    "reach": [],
    "history": []
  },
  {
    "call": "22",
    "part": "39086944",
    "desc": "FLAP,TOWING LUG (EXCEPT RPO WDH,OPC/VXR LINE PACK) (EXCEPT HOLDEN)",
    "usage": "",
    "range": "",
    "qty": "1",
    "positions": [],
    "reach": [],
    "history": []
  },
  {
    "call": "22",
    "part": "13498004",
    "desc": "FLAP,TOWING LUG (OPC,VXR,LINE PACK RPO WDH) (EXCEPT HOLDEN) (NLS.- USE 39094812)",
    "usage": "",
    "range": "",
    "qty": "1",
    "positions": [],
    "reach": [],
    "history": []
  },
  {
    "call": "22",
    "part": "39094812",
    "desc": "FLAP,TOWING LUG (OPC,VXR,LINE PACK RPO WDH) (EXCEPT HOLDEN)",
    "usage": "",
    "range": "",
    "qty": "1",
    "positions": [],
    "reach": [],
    "history": []
  },
  {
    "call": "22",
    "part": "13498004",
    "desc": "FLAP,TOWING LUG (HOLDEN) (NLS.- USE 39094812)",
    "usage": "",
    "range": "",
    "qty": "1",
    "positions": [],
    "reach": [],
    "history": []
  },
  {
    "call": "22",
    "part": "39094812",
    "desc": "FLAP,TOWING LUG (HOLDEN)",
    "usage": "",
    "range": "",
    "qty": "1",
    "positions": [],
    "reach": [],
    "history": []
  },
  {
    "call": "23",
    "part": "11570637",
    "desc": "SCREW,TORX (NLS.- USE YR00280680)",
    "usage": "",
    "range": "",
    "qty": "AR",
    "positions": [
      {
        "x": 1719,
        "y": 1664
      }
    ],
    "reach": [],
    "history": []
  },
  {
    "call": "24",
    "part": "90087290",
    "desc": "RIVET,EXPANDING (NLS.- USE YQ00125980)",
    "usage": "",
    "range": "",
    "qty": "AR",
    "positions": [
      {
        "x": 1958,
        "y": 1534
      }
    ],
    "reach": [],
    "history": []
  },
  {
    "call": "25",
    "part": "13356713",
    "desc": "RIVET,BLIND,STEEL (NLS.- USE YQ00155580)",
    "usage": "",
    "range": "",
    "qty": "AR",
    "positions": [
      {
        "x": 1004,
        "y": 471
      },
      {
        "x": 1556,
        "y": 556
      }
    ],
    "reach": [],
    "history": []
  },
  {
    "call": "26",
    "part": "11589015",
    "desc": "SCREW,HEX.HD.,WITH WASHER,M4.2 X 20 (NLS.- USE YQ00133880)",
    "usage": "",
    "range": "",
    "qty": "AR",
    "positions": [
      {
        "x": 636,
        "y": 915
      },
      {
        "x": 288,
        "y": 471
      }
    ],
    "reach": [],
    "history": []
  },
  {
    "call": "27",
    "part": "11570637",
    "desc": "SCREW,TORX (NLS.- USE YR00280680)",
    "usage": "",
    "range": "(C)      -H8999999\n(C)      -HG999999",
    "qty": "AR",
    "positions": [
      {
        "x": 282,
        "y": 767
      },
      {
        "x": 850,
        "y": 1036
      }
    ],
    "reach": [],
    "history": []
  },
  {
    "call": "27",
    "part": "11548270",
    "desc": "SCREW,TORX (NLS.- USE YQ00155780)",
    "usage": "",
    "range": "(C)  J8000001-\n(C)  JG000001-",
    "qty": "AR",
    "positions": [],
    "reach": [],
    "history": []
  },
  {
    "call": "28",
    "part": "11569711",
    "desc": "NUT",
    "usage": "",
    "range": "",
    "qty": "AR",
    "positions": [
      {
        "x": 545,
        "y": 375
      }
    ],
    "reach": [],
    "history": []
  },
  {
    "call": "29",
    "part": "11570498",
    "desc": "SCREW,HEX.HD.,WITH WASHER,4.2 X 20 (NLS.- USE YQ00155980)",
    "usage": "",
    "range": "",
    "qty": "2",
    "positions": [
      {
        "x": 1976,
        "y": 988
      }
    ],
    "reach": [],
    "history": []
  },
  {
    "call": "30",
    "part": "11516397",
    "desc": "NUT,M4.2 (NLS.- USE 95530322)",
    "usage": "",
    "range": "",
    "qty": "4",
    "positions": [
      {
        "x": 949,
        "y": 1075
      }
    ],
    "reach": [],
    "history": []
  },
  {
    "call": "31",
    "part": "11610524",
    "desc": "NUT (FOR REMOVABLE TRAILER COUPLING,RPO VQ9) (NLS.- USE YQ00109780)",
    "usage": "",
    "range": "",
    "qty": "AR",
    "positions": [
      {
        "x": 1919,
        "y": 924
      }
    ],
    "reach": [],
    "history": []
  },
  {
    "call": "32",
    "part": "11548673",
    "desc": "NUT,PUSH IN (EXCEPT RPO VQ9,REMOVABLE TRAILER COUPLING) (NLS.- USE YR00126080)",
    "usage": "",
    "range": "",
    "qty": "AR",
    "positions": [
      {
        "x": 1774,
        "y": 888
      }
    ],
    "reach": [],
    "history": []
  }
]