[
  {
    "call": 6,
    "part": "13441454",
    "desc": "BRACKET,HOUSING",
    "usage": "",
    "qty": "1",
    "range": "",
    "reach": [
      "Reach information (Article 33 (1)) : Article may contain : 4,4'-isopropylidenediphenol:CAS-number:80-05-7",
      "Reach information (Article 33 (1)) : Article may contain : Hexahydrophthalic anhydride:CAS-number:85-42-7",
      "Reach information (Article 33 (1)) : Article may contain : 2-ethoxyethyl acetate:CAS-number:111-15-9",
      "Reach information (Article 33 (1)) : Article may contain : Trilead Dioxide Phosphonate:CAS-number:12141-20-7",
      "Reach information (Article 33 (1)) : Article may contain : Lead chromate:CAS-number:7758-97-6",
      "Reach information (Article 33 (1)) : Article may contain : Chromic acid:CAS-number:7738-94-5",
      "Reach information (Article 33 (1)) : Article may contain : 2-Ethoxyethanol:CAS-number:110-80-5",
      "Reach information (Article 33 (1)) : Article may contain : Cobalt(II) nitrate:CAS-number:10141-05-6",
      "Reach information (Article 33 (1)) : Article may contain : Strontium chromate:CAS-number:7789-06-2",
      "Reach information (Article 33 (1)) : Article may contain : N,N-Dimethylformamide:CAS-number:68-12-2",
      "Reach information (Article 33 (1)) : Article may contain : Cobalt sulfate:CAS-number:10124-43-3",
      "Reach information (Article 33 (1)) : Article may contain : N,N-Dimethylacetamide:CAS-number:127-19-5",
      "Reach information (Article 33 (1)) : Article may contain : Sodium tetraborate pentahydrate:CAS-number:12179-04-3",
      "Reach information (Article 33 (1)) : Article may contain : 1,2-Dimethoxyethane:CAS-number:110-71-4",
      "Reach information (Article 33 (1)) : Article may contain : Benzo(a)pyrene:CAS-number:50-32-8",
      "Reach information (Article 33 (1)) : Article may contain : 1,2-Benzenedicarboxylic acid, mixed decyl and hexyl and octyl diesters:CAS-number:68648-39-1",
      "Reach information (Article 33 (1)) : Article may contain : 2-benzotriazol-2-yl-4,6-di-tert-butylphenol:CAS-number:3846-71-7",
      "Reach information (Article 33 (1)) : Article may contain : Cobalt(II) acetate:CAS-number:71-48-7",
      "Reach information (Article 33 (1)) : Article may contain : orange lead:CAS-number:1314-41-6",
      "Reach information (Article 33 (1)) : Article may contain : 1,3,5-Triglycidyl isocyanurate:CAS-number:2451-62-9",
      "Reach information (Article 33 (1)) : Article may contain : Acrylamide:CAS-number:79-06-1",
      "Reach information (Article 33 (1)) : Article may contain : Octamethylcyclotetrasiloxane:CAS-number:556-67-2",
      "Reach information (Article 33 (1)) : Article may contain : cobalt dichloride:CAS-number:7646-79-9",
      "Reach information (Article 33 (1)) : Article may contain : 2-(2H-​Benzotriazol-​2-​yl)​-​4,6-​di-tert-pentylphenol:CAS-number:25973-55-1",
      "Reach information (Article 33 (1)) : Article may contain : Lead Zirconium Titanium Oxide:CAS-number:12626-81-2",
      "Reach information (Article 33 (1)) : Article may contain : Nonylphenoxypoly(ethyleneoxy)ethanol:CAS-number:9016-45-9",
      "Reach information (Article 33 (1)) : Article may contain : Refractories, fibers, aluminosilicate:CAS-number:142844-00-6",
      "Reach information (Article 33 (1)) : Article may contain : 2-Imidazolidinethione:CAS-number:96-45-7",
      "Reach information (Article 33 (1)) : Article may contain : 2-(2-[4-(1,1,3,3-Tetramethylbutyl)phenoxy]ethoxy)ethanol:CAS-number:9036-19-5",
      "Reach information (Article 33 (1)) : Article may contain : Decabromodiphenyl ether:CAS-number:1163-19-5",
      "Reach information (Article 33 (1)) : Article may contain : Diazene-1,2-dicarboxamide:CAS-number:123-77-3",
      "Reach information (Article 33 (1)) : Article may contain : Tris(2-chloroethyl) phosphate:CAS-number:115-96-8",
      "Reach information (Article 33 (1)) : Article may contain : chromium trioxide:CAS-number:1333-82-0",
      "Reach information (Article 33 (1)) : Article may contain : Lead monoxide:CAS-number:1317-36-8",
      "Reach information (Article 33 (1)) : Article may contain : Benzyl butyl phthalate:CAS-number:85-68-7",
      "Reach information (Article 33 (1)) : Article may contain : Bis(2-ethylhexyl) phthalate:CAS-number:117-81-7"
    ],
    "history": [],
    "positions": [
      {
        "x": 1113,
        "y": 1662
      }
    ]
  },
  {
    "call": 7,
    "part": "13478780",
    "desc": "BRACKET,HOUSING",
    "usage": "",
    "qty": "1",
    "range": "",
    "reach": [
      "Reach information (Article 33 (1)) : Article may contain : 4,4'-isopropylidenediphenol:CAS-number:80-05-7",
      "Reach information (Article 33 (1)) : Article may contain : Hexahydrophthalic anhydride:CAS-number:85-42-7",
      "Reach information (Article 33 (1)) : Article may contain : 2-ethoxyethyl acetate:CAS-number:111-15-9",
      "Reach information (Article 33 (1)) : Article may contain : Trilead Dioxide Phosphonate:CAS-number:12141-20-7",
      "Reach information (Article 33 (1)) : Article may contain : Lead chromate:CAS-number:7758-97-6",
      "Reach information (Article 33 (1)) : Article may contain : Chromic acid:CAS-number:7738-94-5",
      "Reach information (Article 33 (1)) : Article may contain : 2-Ethoxyethanol:CAS-number:110-80-5",
      "Reach information (Article 33 (1)) : Article may contain : Cobalt(II) nitrate:CAS-number:10141-05-6",
      "Reach information (Article 33 (1)) : Article may contain : Strontium chromate:CAS-number:7789-06-2",
      "Reach information (Article 33 (1)) : Article may contain : N,N-Dimethylformamide:CAS-number:68-12-2",
      "Reach information (Article 33 (1)) : Article may contain : Cobalt sulfate:CAS-number:10124-43-3",
      "Reach information (Article 33 (1)) : Article may contain : N,N-Dimethylacetamide:CAS-number:127-19-5",
      "Reach information (Article 33 (1)) : Article may contain : Sodium tetraborate pentahydrate:CAS-number:12179-04-3",
      "Reach information (Article 33 (1)) : Article may contain : 1,2-Dimethoxyethane:CAS-number:110-71-4",
      "Reach information (Article 33 (1)) : Article may contain : Benzo(a)pyrene:CAS-number:50-32-8",
      "Reach information (Article 33 (1)) : Article may contain : 1,2-Benzenedicarboxylic acid, mixed decyl and hexyl and octyl diesters:CAS-number:68648-39-1",
      "Reach information (Article 33 (1)) : Article may contain : 2-benzotriazol-2-yl-4,6-di-tert-butylphenol:CAS-number:3846-71-7",
      "Reach information (Article 33 (1)) : Article may contain : Cobalt(II) acetate:CAS-number:71-48-7",
      "Reach information (Article 33 (1)) : Article may contain : orange lead:CAS-number:1314-41-6",
      "Reach information (Article 33 (1)) : Article may contain : 1,3,5-Triglycidyl isocyanurate:CAS-number:2451-62-9",
      "Reach information (Article 33 (1)) : Article may contain : Acrylamide:CAS-number:79-06-1",
      "Reach information (Article 33 (1)) : Article may contain : Octamethylcyclotetrasiloxane:CAS-number:556-67-2",
      "Reach information (Article 33 (1)) : Article may contain : cobalt dichloride:CAS-number:7646-79-9",
      "Reach information (Article 33 (1)) : Article may contain : 2-(2H-​Benzotriazol-​2-​yl)​-​4,6-​di-tert-pentylphenol:CAS-number:25973-55-1",
      "Reach information (Article 33 (1)) : Article may contain : Lead Zirconium Titanium Oxide:CAS-number:12626-81-2",
      "Reach information (Article 33 (1)) : Article may contain : Nonylphenoxypoly(ethyleneoxy)ethanol:CAS-number:9016-45-9",
      "Reach information (Article 33 (1)) : Article may contain : Refractories, fibers, aluminosilicate:CAS-number:142844-00-6",
      "Reach information (Article 33 (1)) : Article may contain : 2-Imidazolidinethione:CAS-number:96-45-7",
      "Reach information (Article 33 (1)) : Article may contain : 2-(2-[4-(1,1,3,3-Tetramethylbutyl)phenoxy]ethoxy)ethanol:CAS-number:9036-19-5",
      "Reach information (Article 33 (1)) : Article may contain : Decabromodiphenyl ether:CAS-number:1163-19-5",
      "Reach information (Article 33 (1)) : Article may contain : Diazene-1,2-dicarboxamide:CAS-number:123-77-3",
      "Reach information (Article 33 (1)) : Article may contain : Tris(2-chloroethyl) phosphate:CAS-number:115-96-8",
      "Reach information (Article 33 (1)) : Article may contain : chromium trioxide:CAS-number:1333-82-0",
      "Reach information (Article 33 (1)) : Article may contain : Lead monoxide:CAS-number:1317-36-8",
      "Reach information (Article 33 (1)) : Article may contain : Benzyl butyl phthalate:CAS-number:85-68-7",
      "Reach information (Article 33 (1)) : Article may contain : Bis(2-ethylhexyl) phthalate:CAS-number:117-81-7"
    ],
    "history": [],
    "positions": [
      {
        "x": 1197,
        "y": 1823
      }
    ]
  },
  {
    "call": 1,
    "hidden": true,
    "link": {
      "section": "A",
      "subsection": "1",
      "detail": "1",
      "call": 1
    },
    "usage": "",
    "range": "",
    "qty": "",
    "reach": [],
    "history": [],
    "positions": [
      {
        "x": 1465,
        "y": 460
      }
    ]
  },
  {
    "call": 2,
    "hidden": true,
    "link": {
      "section": "A",
      "subsection": "1",
      "detail": "1",
      "call": 2
    },
    "usage": "",
    "range": "",
    "qty": "",
    "reach": [],
    "history": [],
    "positions": [
      {
        "x": 1843,
        "y": 457
      }
    ]
  },
  {
    "call": 3,
    "hidden": true,
    "link": {
      "section": "A",
      "subsection": "1",
      "detail": "1",
      "call": 3
    },
    "usage": "",
    "range": "",
    "qty": "",
    "reach": [],
    "history": [],
    "positions": [
      {
        "x": 2049,
        "y": 824
      }
    ]
  },
  {
    "call": 4,
    "hidden": true,
    "link": {
      "section": "A",
      "subsection": "1",
      "detail": "1",
      "call": 4
    },
    "usage": "",
    "range": "",
    "qty": "",
    "reach": [],
    "history": [],
    "positions": [
      {
        "x": 1875,
        "y": 1852
      }
    ]
  },
  {
    "call": 5,
    "hidden": true,
    "link": {
      "section": "A",
      "subsection": "1",
      "detail": "1",
      "call": 5
    },
    "positions": [
      {
        "x": 1885,
        "y": 2210
      }
    ],
    "usage": "",
    "range": "",
    "qty": "",
    "reach": [],
    "history": []
  }
]