[
  {
    "code": "1",
    "name": "BUMPERS AND RADIATOR GRILLE"
  },
  {
    "code": "2",
    "name": "NUMBER PLATE FIXINGS"
  },
  {
    "code": "3",
    "name": "TRAILER COUPLING"
  },
  {
    "code": "4",
    "name": "WHEELHOUSE LINER"
  },
  {
    "code": "5",
    "name": "NAMEPLATES AND DECALS"
  },
  {
    "code": "6",
    "name": "BODY MOULDINGS"
  },
  {
    "code": "7",
    "name": "REAR VIEW DOOR MIRROR"
  },
  {
    "code": "8",
    "name": "GLASS"
  },
  {
    "code": "9",
    "name": "HANDLES"
  }
]